{"type":"FeatureCollection","features":[{"type":"Feature","properties":{},"geometry":{"type":"Polygon","coordinates":[[[44.2513,-20.3439],[44.2612,-20.3075],[44.3342,-20.1696],[44.3557,-20.1381],[44.439,-20.0554],[44.4739,-19.9863],[44.4793,-19.9128],[44.4719,-19.8795],[44.4534,-19.877],[44.4398,-19.8422],[44.4118,-19.8354],[44.3983,-19.8242],[44.3748,-19.7912],[44.3709,-19.774],[44.4097,-19.7014],[44.4118,-19.6505],[44.405,-19.6101],[44.433,-19.589],[44.4404,-19.5549],[44.4484,-19.5444],[44.4705,-19.5406],[44.4837,-19.5232],[44.4797,-19.484],[44.4447,-19.3858],[44.4255,-19.3562],[44.3781,-19.3126],[44.363,-19.2682],[44.344,-19.2355],[44.2518,-19.1213],[44.2344,-19.0888],[44.2275,-19.0546],[44.2344,-18.9963],[44.2479,-18.9651],[44.2479,-18.9037],[44.2417,-18.8901],[44.2547,-18.8697],[44.2609,-18.8449],[44.2573,-18.8039],[44.1859,-18.6108],[44.0497,-18.4265],[44.0418,-18.3969],[44.0418,-18.198],[44.0026,-18.0037],[44.001,-17.9379],[44.0306,-17.8139],[44.0357,-17.7695],[44.0303,-17.7546],[44.0064,-17.7331],[43.9924,-17.6874],[43.9292,-17.6017],[43.924,-17.5465],[43.9326,-17.485],[43.9431,-17.4557],[43.9942,-17.3757],[44.0121,-17.3341],[44.0301,-17.337],[44.0365,-17.3295],[44.0457,-17.3006],[44.1382,-17.1705],[44.1486,-17.1418],[44.1517,-17.0944],[44.1797,-17.0951],[44.2041,-17.0569],[44.238,-16.971],[44.2722,-16.9334],[44.2858,-16.9023],[44.3093,-16.8743],[44.3667,-16.7768],[44.4307,-16.7004],[44.4398,-16.6555],[44.4118,-16.573],[44.4168,-16.5489],[44.4285,-16.5377],[44.4388,-16.5426],[44.4398,-16.567],[44.4556,-16.5409],[44.4634,-16.5134],[44.4629,-16.4854],[44.4534,-16.4577],[44.4006,-16.3728],[44.3982,-16.3404],[44.436,-16.279],[44.4447,-16.1957],[44.4528,-16.1867],[44.4694,-16.1822],[44.537,-16.1765],[44.7551,-16.197],[44.7821,-16.1909],[44.7944,-16.1917],[44.8362,-16.2206],[44.8543,-16.2254],[44.8683,-16.2209],[44.8914,-16.1912],[44.9611,-16.1696],[44.953,-16.1628],[45.0402,-16.1181],[45.0939,-16.0388],[45.1387,-15.9909],[45.2273,-15.9499],[45.2664,-15.9239],[45.2734,-15.9301],[45.2772,-15.9763],[45.2957,-16.0368],[45.2887,-16.0904],[45.2979,-16.112],[45.3289,-16.1101],[45.3581,-16.0768],[45.4063,-16.0549],[45.4104,-16.0305],[45.3908,-16.0234],[45.3708,-15.9946],[45.3703,-15.9819],[45.3794,-15.9738],[45.5427,-15.9567],[45.5701,-15.943],[45.5775,-15.971],[45.5903,-15.9876],[45.5804,-16.0408],[45.5979,-16.0324],[45.6047,-16.0519],[45.6218,-16.0324],[45.6116,-15.9809],[45.6384,-15.943],[45.6384,-15.9152],[45.6463,-15.8912],[45.6458,-15.881],[45.6214,-15.8508],[45.6609,-15.8038],[45.6939,-15.7831],[45.7043,-15.7825],[45.7359,-15.7926],[45.7659,-15.7942],[45.802,-15.8166],[45.8245,-15.8134],[45.898,-15.7746],[45.9486,-15.7742],[45.9561,-15.783],[45.9588,-15.8399],[45.9815,-15.8469],[46.0158,-15.8469],[46.043,-15.8611],[46.0661,-15.8619],[46.0498,-15.8263],[46.0708,-15.7961],[46.071,-15.7786],[46.0099,-15.8144],[46.0158,-15.7923],[46.0303,-15.7695],[46.0745,-15.7309],[46.0975,-15.7171],[46.1442,-15.7037],[46.219,-15.7067],[46.2355,-15.7175],[46.237,-15.7397],[46.249,-15.7581],[46.2258,-15.8063],[46.2074,-15.8195],[46.2451,-15.8525],[46.293,-15.9407],[46.3311,-15.9772],[46.3322,-15.9428],[46.3379,-15.9362],[46.3651,-15.9636],[46.3849,-15.9592],[46.3933,-15.9418],[46.3856,-15.9021],[46.412,-15.8997],[46.4688,-15.9567],[46.4792,-15.9489],[46.4443,-15.881],[46.4246,-15.8725],[46.3831,-15.8349],[46.3582,-15.8263],[46.3172,-15.8263],[46.299,-15.8157],[46.3247,-15.7923],[46.3512,-15.752],[46.3556,-15.7325],[46.3447,-15.7171],[46.3086,-15.7177],[46.3037,-15.7102],[46.3327,-15.6301],[46.4824,-15.4911],[46.4886,-15.5117],[46.6047,-15.4242],[46.6804,-15.4155],[46.6362,-15.3985],[46.6326,-15.3888],[46.6433,-15.378],[46.7009,-15.3644],[46.804,-15.2919],[46.8794,-15.225],[46.9495,-15.1984],[46.9714,-15.1984],[46.9772,-15.2472],[46.9973,-15.2822],[47.0747,-15.324],[47.0749,-15.3364],[47.0498,-15.3748],[47.0116,-15.4055],[46.9671,-15.4923],[46.9551,-15.526],[46.9583,-15.5496],[46.969,-15.5519],[46.9855,-15.505],[46.9972,-15.4947],[47.051,-15.4838],[47.1476,-15.4465],[47.18,-15.4571],[47.2321,-15.4333],[47.2315,-15.4098],[47.1995,-15.4002],[47.179,-15.3655],[47.1655,-15.2957],[47.1408,-15.2936],[47.1118,-15.3062],[47.1104,-15.2822],[47.1199,-15.2579],[47.0879,-15.2547],[47.0817,-15.2343],[47.0579,-15.2162],[47.0559,-15.1936],[47.092,-15.1349],[47.2057,-15.0466],[47.2274,-14.9875],[47.2414,-14.9697],[47.2918,-14.9234],[47.3353,-14.9041],[47.3589,-14.9015],[47.3718,-14.8906],[47.3748,-14.8673],[47.3683,-14.8466],[47.3521,-14.8435],[47.3411,-14.8525],[47.3352,-14.8686],[47.3086,-14.8752],[47.2837,-14.8469],[47.2899,-14.8469],[47.32,-14.8002],[47.4448,-14.6716],[47.4588,-14.6616],[47.4653,-14.6655],[47.4756,-14.6887],[47.4961,-14.7116],[47.493,-14.7834],[47.4968,-14.7985],[47.5139,-14.8092],[47.5171,-14.8196],[47.5034,-14.8469],[47.446,-14.9122],[47.4207,-14.9656],[47.4104,-15.0878],[47.4137,-15.0999],[47.4277,-15.1076],[47.4824,-15.0803],[47.5005,-15.053],[47.523,-14.9987],[47.5513,-14.9767],[47.5625,-14.985],[47.5706,-14.9333],[47.6421,-14.8004],[47.6519,-14.7589],[47.6844,-14.7265],[47.6909,-14.6925],[47.7214,-14.675],[47.7529,-14.6349],[47.7637,-14.6057],[47.7927,-14.5876],[47.7971,-14.5663],[47.8396,-14.6242],[47.8591,-14.6408],[47.9144,-14.662],[47.9207,-14.7097],[47.9352,-14.6938],[47.9363,-14.6716],[47.9281,-14.6513],[47.9144,-14.6408],[47.9421,-14.6192],[47.9686,-14.6222],[47.9885,-14.6432],[47.9963,-14.6754],[47.9948,-14.7433],[48.0003,-14.7623],[48.0169,-14.7371],[48.0225,-14.7077],[48.0221,-14.6666],[48.013,-14.6301],[47.926,-14.5665],[47.8667,-14.592],[47.84,-14.5914],[47.825,-14.5794],[47.8039,-14.5456],[47.7756,-14.5836],[47.7529,-14.6005],[47.7214,-14.5453],[47.7356,-14.5248],[47.7083,-14.4701],[47.7147,-14.4579],[47.7015,-14.4464],[47.7095,-14.3696],[47.7219,-14.3381],[47.7424,-14.3126],[47.7737,-14.2903],[47.7778,-14.2446],[47.7909,-14.2232],[47.8145,-14.216],[47.861,-14.2488],[47.9268,-14.2463],[47.9435,-14.2325],[47.9553,-14.1852],[47.9417,-14.1349],[47.9265,-14.111],[47.907,-14.0997],[47.9201,-14.086],[47.9416,-14.0919],[48.0137,-14.1406],[48.015,-14.1536],[48.0003,-14.1725],[47.9785,-14.2624],[47.9751,-14.2973],[47.9828,-14.3254],[47.9963,-14.3256],[48.0029,-14.3176],[48.0031,-14.2853],[48.0339,-14.2624],[48.0105,-14.2096],[48.0178,-14.1876],[48.0448,-14.1516],[48.051,-14.1303],[48.0482,-14.0841],[48.0393,-14.0663],[47.9997,-14.0532],[47.9411,-14.0041],[48.0171,-13.9654],[48.0171,-13.9528],[47.9175,-13.8976],[47.8913,-13.8497],[47.8758,-13.7843],[47.8838,-13.7284],[47.9275,-13.7092],[47.8952,-13.679],[47.8932,-13.654],[47.9043,-13.6032],[47.9178,-13.5826],[47.953,-13.5903],[47.9656,-13.5208],[47.9849,-13.5068],[47.9954,-13.5068],[48.0031,-13.5173],[47.9826,-13.5431],[47.9895,-13.5584],[48.0105,-13.5515],[48.0051,-13.5637],[48.0153,-13.5802],[48.0271,-13.5751],[48.0353,-13.55],[48.051,-13.5441],[48.0313,-13.5172],[48.0684,-13.5173],[48.0837,-13.5287],[48.0994,-13.5994],[48.1271,-13.587],[48.1424,-13.5954],[48.1719,-13.6856],[48.1753,-13.716],[48.194,-13.727],[48.1813,-13.7468],[48.1924,-13.7669],[48.2482,-13.8],[48.2704,-13.8054],[48.2987,-13.7983],[48.3274,-13.78],[48.3412,-13.7555],[48.3246,-13.7297],[48.3316,-13.7141],[48.332,-13.6614],[48.3595,-13.5994],[48.3333,-13.5463],[48.3527,-13.5379],[48.3643,-13.5436],[48.3936,-13.5857],[48.4074,-13.5492],[48.4276,-13.5242],[48.4592,-13.5165],[48.4898,-13.5173],[48.4898,-13.497],[48.5129,-13.5168],[48.5342,-13.5208],[48.5066,-13.4492],[48.4823,-13.4151],[48.4823,-13.3604],[48.4979,-13.3639],[48.507,-13.3731],[48.5239,-13.3946],[48.5244,-13.4109],[48.605,-13.4455],[48.6394,-13.4357],[48.6747,-13.4423],[48.7109,-13.4323],[48.7801,-13.3839],[48.805,-13.353],[48.7876,-13.3331],[48.8019,-13.3046],[48.8392,-13.2604],[48.8213,-13.2249],[48.8187,-13.1764],[48.8435,-13.0808],[48.8845,-13.0165],[48.9055,-12.9611],[48.9417,-12.9284],[48.9373,-12.9031],[48.9553,-12.8117],[48.9147,-12.7496],[48.9019,-12.6824],[48.887,-12.6608],[48.8703,-12.6576],[48.8659,-12.6472],[48.8662,-12.6371],[48.8801,-12.6193],[48.8733,-12.592],[48.887,-12.5646],[48.8794,-12.5527],[48.8679,-12.5514],[48.8392,-12.5646],[48.8387,-12.5353],[48.8298,-12.5185],[48.7976,-12.4895],[48.7737,-12.4352],[48.7708,-12.4548],[48.73,-12.435],[48.7596,-12.3981],[48.8527,-12.4138],[48.8739,-12.4317],[48.9041,-12.4889],[48.915,-12.4948],[48.9458,-12.4799],[48.9595,-12.4542],[48.9622,-12.4008],[48.9758,-12.3735],[48.9758,-12.3461],[48.9846,-12.3334],[49.0116,-12.32],[49.0242,-12.3258],[49.0308,-12.3079],[49.0652,-12.2773],[49.0799,-12.2952],[49.1198,-12.2426],[49.1362,-12.2561],[49.1512,-12.2507],[49.1682,-12.2159],[49.1614,-12.1817],[49.1668,-12.1706],[49.2015,-12.1467],[49.1869,-12.1236],[49.1614,-12.1196],[49.1409,-12.0986],[49.093,-12.0986],[49.1065,-12.0803],[49.1467,-12.0676],[49.1614,-12.0507],[49.1765,-12.0611],[49.2092,-12.1061],[49.216,-12.0986],[49.2234,-12.1061],[49.2245,-12.0867],[49.2168,-12.065],[49.202,-12.0481],[49.1819,-12.0439],[49.1921,-12.027],[49.216,-12.0097],[49.2095,-11.9933],[49.2126,-11.9859],[49.2425,-11.9537],[49.26,-11.9436],[49.2781,-11.9477],[49.3159,-11.9859],[49.3226,-12.0001],[49.3228,-12.0289],[49.3491,-12.0662],[49.353,-12.1463],[49.3731,-12.1982],[49.3672,-12.1987],[49.3294,-12.1572],[49.3202,-12.1554],[49.2985,-12.1817],[49.2849,-12.1784],[49.2737,-12.1677],[49.2638,-12.1402],[49.24,-12.1629],[49.2371,-12.1742],[49.2492,-12.1803],[49.2297,-12.2221],[49.2654,-12.2248],[49.2918,-12.2394],[49.2713,-12.2636],[49.2815,-12.2848],[49.3071,-12.2551],[49.3259,-12.2773],[49.3195,-12.2952],[49.3494,-12.2985],[49.3669,-12.2916],[49.3726,-12.2743],[49.3584,-12.2462],[49.3631,-12.2328],[49.3814,-12.2228],[49.3928,-12.2298],[49.4217,-12.2743],[49.4282,-12.3115],[49.4554,-12.3515],[49.4562,-12.3735],[49.4715,-12.352],[49.4966,-12.3461],[49.5117,-12.3487],[49.5394,-12.3782],[49.5457,-12.402],[49.5381,-12.407],[49.501,-12.3974],[49.4904,-12.407],[49.5277,-12.4426],[49.5391,-12.4441],[49.5586,-12.4207],[49.5864,-12.482],[49.595,-12.5297],[49.5925,-12.5427],[49.5828,-12.5408],[49.5747,-12.5297],[49.5721,-12.4895],[49.5661,-12.5167],[49.5809,-12.5737],[49.5625,-12.6279],[49.5747,-12.6567],[49.6003,-12.6472],[49.6533,-12.6948],[49.6753,-12.7571],[49.6548,-12.8049],[49.6726,-12.7984],[49.6888,-12.8049],[49.707,-12.7761],[49.7122,-12.7486],[49.7195,-12.7399],[49.7442,-12.7434],[49.7367,-12.7571],[49.7637,-12.767],[49.8049,-12.8049],[49.8019,-12.8393],[49.8147,-12.8658],[49.8241,-12.8762],[49.8643,-12.8805],[49.8738,-12.8884],[49.8745,-12.9085],[49.8525,-12.9244],[49.867,-12.9421],[49.9045,-12.9623],[49.9138,-12.9972],[49.9421,-13.0339],[49.9441,-13.0875],[49.9353,-13.1681],[49.9421,-13.2195],[49.9732,-13.2711],[49.9769,-13.3461],[49.9905,-13.3539],[50.0241,-13.3461],[50.0329,-13.3605],[50.0241,-13.4116],[50.0405,-13.497],[50.052,-13.5242],[50.0725,-13.5441],[50.0794,-13.6061],[50.0993,-13.6152],[50.1055,-13.6417],[50.0974,-13.6757],[50.134,-13.7502],[50.1429,-13.7831],[50.1535,-13.9825],[50.1763,-14.0856],[50.1753,-14.1212],[50.1633,-14.1671],[50.1642,-14.2231],[50.1961,-14.2573],[50.2129,-14.2872],[50.2136,-14.3159],[50.1892,-14.4391],[50.2035,-14.5043],[50.2108,-14.6152],[50.238,-14.6696],[50.2409,-14.706],[50.2323,-14.7382],[50.2097,-14.7507],[50.2189,-14.7629],[50.2575,-14.7848],[50.2653,-14.7978],[50.2837,-14.8792],[50.3552,-15.0331],[50.422,-15.1181],[50.4404,-15.1681],[50.4766,-15.1951],[50.49,-15.2195],[50.5039,-15.3162],[50.4876,-15.3536],[50.4909,-15.3776],[50.478,-15.4186],[50.4834,-15.4435],[50.4629,-15.4701],[50.4299,-15.6003],[50.341,-15.7636],[50.3332,-15.7923],[50.3433,-15.798],[50.3368,-15.8113],[50.2644,-15.9021],[50.2415,-15.9583],[50.2302,-15.971],[50.1829,-15.9733],[50.1681,-15.9846],[50.148,-15.9353],[50.1309,-15.9194],[50.1067,-15.9225],[50.0389,-15.8595],[50.0247,-15.7712],[49.9985,-15.7556],[49.9702,-15.718],[49.9627,-15.6694],[49.9758,-15.6266],[49.9597,-15.6056],[49.9341,-15.5979],[49.9056,-15.5616],[49.909,-15.5003],[49.9011,-15.4496],[49.9074,-15.4309],[49.9011,-15.4223],[49.8776,-15.4189],[49.8514,-15.4321],[49.7503,-15.436],[49.7178,-15.4467],[49.6955,-15.4665],[49.6384,-15.5446],[49.6394,-15.5705],[49.6621,-15.6418],[49.648,-15.683],[49.6773,-15.7193],[49.6995,-15.7857],[49.7063,-15.8362],[49.7337,-15.9057],[49.6836,-16.0203],[49.6898,-16.0868],[49.7026,-16.115],[49.7288,-16.1394],[49.794,-16.162],[49.8228,-16.1799],[49.8457,-16.2121],[49.8499,-16.2408],[49.8286,-16.3344],[49.8269,-16.3733],[49.8324,-16.408],[49.8606,-16.4294],[49.8631,-16.4445],[49.854,-16.5396],[49.7966,-16.641],[49.7678,-16.6734],[49.7232,-16.7081],[49.7249,-16.754],[49.7473,-16.7968],[49.7683,-16.8156],[49.7899,-16.8264],[49.8403,-16.8276],[49.7783,-16.8556],[49.7197,-16.864],[49.6948,-16.8771],[49.6245,-16.8857],[49.6084,-16.8966],[49.529,-17.0417],[49.4313,-17.2839],[49.4214,-17.3552],[49.4562,-17.4172],[49.5041,-17.663],[49.5096,-17.7277],[49.4977,-17.7968],[49.4139,-18.0671],[49.418,-18.1155],[49.4408,-18.1542],[49.4146,-18.1701],[49.3841,-18.2255],[49.3592,-18.424],[49.3259,-18.4719],[49.3019,-18.5401],[49.2432,-18.6568],[49.1912,-18.8425],[49.1135,-19.0125],[49.0769,-19.0656],[48.9859,-19.3788],[48.8596,-19.6847],[48.8255,-19.8422],[48.8237,-19.9028],[48.7914,-19.9931],[48.7727,-19.9645],[48.7595,-19.9555],[48.7505,-19.9658],[48.779,-20.0092],[48.7845,-20.0243],[48.7817,-20.0372],[48.6992,-20.1999],[48.6418,-20.3454],[48.5623,-20.5771],[48.4624,-20.9322],[48.4302,-20.9792],[48.4344,-20.9936],[48.4475,-20.9809],[48.4549,-20.9846],[48.4556,-21.0141],[48.4313,-21.0585],[48.4148,-21.144],[48.3786,-21.2239],[48.3567,-21.3537],[48.3281,-21.4146],[48.2018,-21.7962],[47.9474,-22.3482],[47.9336,-22.4142],[47.9006,-22.4811],[47.8587,-22.746],[47.8394,-22.8066],[47.8338,-22.901],[47.7624,-23.1101],[47.738,-23.2555],[47.6195,-23.5906],[47.5965,-23.5632],[47.575,-23.5987],[47.6161,-23.6144],[47.6201,-23.6404],[47.5687,-23.8526],[47.5143,-23.987],[47.4968,-24.0164],[47.4485,-24.0451],[47.4551,-24.0567],[47.4483,-24.0846],[47.3708,-24.2701],[47.363,-24.2765],[47.3296,-24.2636],[47.3247,-24.2696],[47.3384,-24.3243],[47.3123,-24.4859],[47.2284,-24.6804],[47.2034,-24.7165],[47.2012,-24.7625],[47.1941,-24.7783],[47.1428,-24.8141],[47.1289,-24.8449],[47.1375,-24.9093],[47.1261,-24.9343],[47.1091,-24.9098],[47.1056,-24.8792],[47.0969,-24.8933],[47.0946,-24.9601],[47.0409,-24.9885],[46.9647,-25.0657],[46.9548,-25.071],[46.9412,-25.0442],[46.9266,-25.0437],[46.8347,-25.1108],[46.7941,-25.1279],[46.7698,-25.1535],[46.7415,-25.1496],[46.7222,-25.1667],[46.6537,-25.1839],[46.5022,-25.1618],[46.3866,-25.1648],[46.2376,-25.1982],[46.0397,-25.2778],[45.7742,-25.4081],[45.674,-25.4944],[45.634,-25.5148],[45.6116,-25.5165],[45.5612,-25.56],[45.4922,-25.5737],[45.2077,-25.5849],[45.1626,-25.5986],[45.1455,-25.5954],[45.1361,-25.5842],[45.1182,-25.5296],[45.0877,-25.5082],[44.981,-25.4719],[44.938,-25.4382],[44.9255,-25.4078],[44.8347,-25.344],[44.7278,-25.3036],[44.6221,-25.2897],[44.5169,-25.2844],[44.3695,-25.2568],[44.3511,-25.2475],[44.3362,-25.2089],[44.3037,-25.1754],[44.2964,-25.1535],[44.3158,-25.1609],[44.384,-25.2209],[44.4009,-25.2214],[44.4094,-25.2105],[44.405,-25.1882],[44.389,-25.191],[44.3498,-25.1603],[44.318,-25.1442],[44.2827,-25.1404],[44.2476,-25.1272],[44.1872,-25.067],[44.1517,-25.0505],[44.1086,-25.048],[44.0288,-24.999],[44.0173,-24.9772],[44.0109,-24.8986],[44.001,-24.8654],[43.9285,-24.7746],[43.9183,-24.742],[43.928,-24.6524],[43.9183,-24.6191],[43.9082,-24.6021],[43.8555,-24.5512],[43.8399,-24.5058],[43.7372,-24.4357],[43.7067,-24.4062],[43.6729,-24.3349],[43.6563,-24.1853],[43.6696,-24.0133],[43.6521,-23.9164],[43.6652,-23.8786],[43.6437,-23.7978],[43.6248,-23.7619],[43.639,-23.7413],[43.6416,-23.6389],[43.6637,-23.6194],[43.731,-23.5921],[43.7483,-23.5701],[43.7329,-23.5278],[43.7346,-23.5092],[43.7546,-23.4889],[43.7612,-23.4638],[43.7472,-23.4402],[43.7014,-23.3954],[43.6589,-23.3578],[43.631,-23.3448],[43.6143,-23.282],[43.61,-23.1923],[43.5969,-23.1176],[43.5832,-23.0759],[43.5559,-23.0483],[43.4876,-23.0016],[43.4603,-22.9557],[43.3934,-22.8951],[43.3612,-22.8432],[43.3157,-22.6453],[43.2918,-22.6108],[43.2849,-22.5875],[43.2883,-22.518],[43.278,-22.4259],[43.264,-22.3777],[43.2402,-22.3323],[43.2406,-22.3027],[43.2229,-22.2548],[43.2254,-22.2338],[43.2468,-22.2184],[43.2741,-22.216],[43.2952,-22.2345],[43.3018,-22.2188],[43.2952,-22.1661],[43.2609,-22.1656],[43.2472,-22.1256],[43.2468,-22.0351],[43.261,-21.9938],[43.2627,-21.9599],[43.2883,-21.9389],[43.2825,-21.8984],[43.3021,-21.8644],[43.3138,-21.8788],[43.3088,-21.9321],[43.3293,-21.905],[43.3362,-21.7688],[43.4143,-21.6749],[43.4315,-21.6623],[43.4507,-21.6598],[43.4727,-21.6721],[43.4727,-21.4052],[43.5075,-21.3095],[43.5153,-21.3266],[43.5233,-21.3268],[43.5696,-21.296],[43.5869,-21.2748],[43.6426,-21.2761],[43.68,-21.266],[43.7346,-21.2817],[43.7595,-21.2727],[43.8128,-21.2243],[43.8638,-21.0763],[43.9015,-20.8829],[43.9646,-20.7673],[43.9856,-20.748],[44.0183,-20.7404],[44.0364,-20.7255],[44.0903,-20.6305],[44.1258,-20.4983],[44.1517,-20.466],[44.1585,-20.4933],[44.1829,-20.4389],[44.1968,-20.4216],[44.2547,-20.3761],[44.2513,-20.3439]]]}},{"type":"Feature","properties":{},"geometry":{"type":"Polygon","coordinates":[[[40.458,-11.489],[40.4234,-11.5632],[40.458,-11.6051],[40.4276,-11.6501],[40.4416,-11.6764],[40.449,-11.7284],[40.4707,-11.7512],[40.4795,-11.8234],[40.4922,-11.839],[40.5062,-11.8333],[40.5202,-11.839],[40.493,-11.8661],[40.4862,-11.8952],[40.493,-11.9251],[40.5369,-11.9968],[40.5369,-12.006],[40.5155,-12.0322],[40.499,-12.1266],[40.527,-12.1879],[40.5249,-12.2045],[40.5059,-12.2426],[40.4922,-12.2501],[40.4637,-12.2399],[40.4536,-12.2426],[40.4512,-12.2636],[40.4758,-12.2581],[40.4978,-12.2742],[40.5137,-12.3006],[40.5202,-12.3258],[40.5065,-12.3644],[40.5095,-12.3803],[40.5321,-12.3907],[40.561,-12.3871],[40.5523,-12.4059],[40.5212,-12.4176],[40.4803,-12.4843],[40.4782,-12.5011],[40.5028,-12.5214],[40.562,-12.53],[40.5648,-12.6131],[40.6141,-12.6368],[40.6196,-12.6451],[40.6126,-12.6575],[40.6027,-12.6589],[40.5856,-12.6398],[40.5747,-12.6398],[40.568,-12.6496],[40.5781,-12.7063],[40.6089,-12.7018],[40.6245,-12.7382],[40.6468,-12.7553],[40.6431,-12.7775],[40.627,-12.7936],[40.6055,-12.7983],[40.584,-12.7927],[40.5679,-12.7775],[40.5747,-12.8049],[40.5601,-12.8139],[40.532,-12.8115],[40.527,-12.8189],[40.5545,-12.8469],[40.5393,-12.893],[40.5244,-12.9094],[40.5127,-12.9011],[40.5103,-12.886],[40.4841,-12.8813],[40.4349,-12.9103],[40.4109,-12.9421],[40.4177,-12.9719],[40.4683,-13.017],[40.4834,-13.0219],[40.499,-13.0165],[40.5124,-12.999],[40.4922,-12.955],[40.5002,-12.948],[40.5155,-12.9474],[40.5581,-12.9623],[40.5892,-12.9579],[40.5952,-12.9757],[40.5896,-13.0081],[40.5657,-13.066],[40.561,-13.0991],[40.5747,-13.1681],[40.5679,-13.2433],[40.5623,-13.2629],[40.527,-13.2983],[40.5296,-13.3102],[40.5679,-13.2848],[40.5679,-13.3666],[40.5884,-13.3604],[40.5845,-13.3832],[40.5542,-13.4151],[40.5467,-13.4318],[40.5447,-13.4747],[40.527,-13.5105],[40.5746,-13.5585],[40.5952,-13.5652],[40.5964,-13.5717],[40.5505,-13.6168],[40.5394,-13.6364],[40.5427,-13.6589],[40.575,-13.7346],[40.5906,-13.8533],[40.6035,-13.8801],[40.6062,-13.902],[40.6284,-13.9251],[40.6362,-13.9426],[40.6506,-14.0319],[40.6457,-14.0587],[40.6343,-14.0707],[40.5952,-14.0854],[40.6165,-14.1015],[40.6195,-14.1272],[40.6096,-14.1386],[40.5679,-14.1474],[40.5386,-14.1645],[40.5601,-14.2018],[40.5542,-14.2301],[40.5679,-14.2258],[40.5791,-14.2066],[40.5881,-14.2061],[40.5949,-14.2146],[40.5902,-14.2348],[40.6021,-14.2436],[40.5809,-14.2573],[40.5915,-14.2633],[40.6226,-14.2504],[40.6223,-14.2213],[40.6471,-14.2026],[40.6963,-14.1825],[40.7207,-14.2048],[40.7262,-14.2198],[40.7241,-14.2502],[40.7293,-14.2614],[40.7461,-14.2709],[40.7302,-14.3041],[40.7324,-14.3399],[40.6846,-14.3671],[40.6707,-14.3631],[40.6516,-14.3435],[40.6362,-14.3399],[40.6566,-14.4492],[40.6388,-14.4435],[40.6296,-14.4499],[40.6306,-14.4611],[40.6431,-14.4701],[40.6226,-14.4907],[40.6362,-14.5043],[40.6294,-14.5663],[40.6653,-14.5239],[40.6926,-14.4397],[40.7005,-14.4321],[40.7733,-14.4013],[40.8014,-14.4107],[40.8284,-14.4343],[40.8425,-14.4645],[40.832,-14.4941],[40.7733,-14.5148],[40.76,-14.5261],[40.761,-14.5349],[40.787,-14.5392],[40.8161,-14.5172],[40.8286,-14.5248],[40.8338,-14.5388],[40.8114,-14.613],[40.8218,-14.6408],[40.8372,-14.6537],[40.8435,-14.6686],[40.848,-14.705],[40.8322,-14.7691],[40.8425,-14.7872],[40.8401,-14.7983],[40.7876,-14.822],[40.7262,-14.8869],[40.7097,-14.8953],[40.6741,-14.9015],[40.6431,-14.8538],[40.6537,-14.9085],[40.6709,-14.9221],[40.7461,-14.9221],[40.7671,-14.9604],[40.7739,-14.9977],[40.759,-14.9856],[40.7262,-14.991],[40.6709,-14.9767],[40.662,-14.9949],[40.6746,-15.0236],[40.7119,-15.0729],[40.6222,-15.0981],[40.6021,-15.1281],[40.5674,-15.1183],[40.5332,-15.1207],[40.5127,-15.1821],[40.5484,-15.1874],[40.5809,-15.2032],[40.5895,-15.173],[40.6096,-15.1613],[40.6354,-15.1646],[40.6604,-15.179],[40.6742,-15.2011],[40.6817,-15.233],[40.6775,-15.2609],[40.6566,-15.2716],[40.6693,-15.2867],[40.6668,-15.2992],[40.6294,-15.339],[40.6235,-15.3698],[40.5884,-15.4086],[40.5882,-15.4323],[40.5728,-15.4682],[40.5762,-15.4786],[40.5884,-15.4776],[40.5818,-15.4921],[40.5619,-15.5159],[40.5334,-15.5309],[40.499,-15.5253],[40.4959,-15.5515],[40.4258,-15.615],[40.3636,-15.7148],[40.1646,-15.9156],[40.1222,-15.9396],[40.1097,-15.9723],[40.065,-15.9892],[40.0608,-15.9983],[40.072,-16.0095],[40.0935,-15.998],[40.1291,-15.9636],[40.1348,-15.9865],[40.1152,-16.0203],[40.1047,-16.0641],[40.0608,-16.1082],[39.9924,-16.2224],[39.9578,-16.2385],[39.8753,-16.2448],[39.8133,-16.277],[39.7834,-16.3019],[39.7826,-16.3149],[39.8006,-16.3199],[39.8006,-16.3683],[39.808,-16.3889],[39.8206,-16.4067],[39.856,-16.4298],[39.7938,-16.4638],[39.7864,-16.4365],[39.7461,-16.4433],[39.766,-16.4638],[39.729,-16.4792],[39.7183,-16.4911],[39.7151,-16.5151],[39.6784,-16.5461],[39.6077,-16.5919],[39.5674,-16.6044],[39.5326,-16.6358],[39.3562,-16.7239],[39.2044,-16.817],[39.1615,-16.8679],[39.1475,-16.8766],[39.1292,-16.8679],[39.1289,-16.8881],[39.1179,-16.9018],[39.0807,-16.9157],[39.0983,-16.9218],[39.1223,-16.9174],[39.1162,-16.9548],[39.0905,-16.9838],[39.0386,-16.9953],[38.9705,-16.9963],[38.9126,-17.0339],[38.8755,-17.0456],[38.7183,-17.0597],[38.7031,-17.0541],[38.6795,-17.0302],[38.6629,-17.0256],[38.6849,-17.0541],[38.6668,-17.0754],[38.5955,-17.0944],[38.5998,-17.0761],[38.5531,-17.1218],[38.5374,-17.1215],[38.5122,-17.1047],[38.5003,-17.1186],[38.5054,-17.1354],[38.2228,-17.2436],[38.1729,-17.2875],[38.1559,-17.2868],[38.1377,-17.2638],[38.1362,-17.1965],[38.1218,-17.1769],[38.1286,-17.1974],[38.1167,-17.2019],[38.0808,-17.1907],[38.1296,-17.2566],[38.1081,-17.2732],[38.1279,-17.2863],[38.1047,-17.3036],[38.0399,-17.3278],[37.9089,-17.3552],[37.8537,-17.3835],[37.7245,-17.4684],[37.7144,-17.47],[37.7171,-17.457],[37.6921,-17.4671],[37.6152,-17.5239],[37.5806,-17.519],[37.5559,-17.5457],[37.4274,-17.6187],[37.3856,-17.6549],[37.3711,-17.6585],[37.3609,-17.65],[37.334,-17.6811],[37.283,-17.6906],[37.2678,-17.7204],[37.2422,-17.7365],[37.2124,-17.745],[37.1895,-17.7387],[37.1851,-17.7756],[37.1566,-17.8102],[37.0864,-17.8691],[37.0135,-17.9855],[36.9841,-18.0124],[36.9772,-17.9851],[36.9704,-17.992],[36.9526,-17.9695],[36.915,-17.9449],[36.9084,-17.9033],[36.888,-17.881],[36.8591,-17.8713],[36.8328,-17.8776],[36.8196,-17.9033],[36.8517,-17.8829],[36.8735,-17.899],[36.9075,-18.0144],[36.9409,-18.0222],[36.9772,-18.0466],[36.9466,-18.1018],[36.907,-18.1447],[36.8874,-18.1891],[36.8264,-18.1775],[36.8112,-18.1869],[36.7854,-18.2321],[36.8475,-18.198],[36.7663,-18.3002],[36.7256,-18.3329],[36.6317,-18.4377],[36.585,-18.4789],[36.552,-18.486],[36.5383,-18.5407],[36.5111,-18.527],[36.5179,-18.5536],[36.4729,-18.5564],[36.4795,-18.5764],[36.4566,-18.609],[36.4175,-18.6887],[36.4019,-18.7114],[36.4016,-18.6894],[36.3963,-18.6865],[36.3843,-18.6987],[36.3724,-18.7418],[36.3899,-18.7404],[36.3882,-18.7325],[36.4019,-18.7394],[36.4162,-18.775],[36.4075,-18.7848],[36.3589,-18.8041],[36.2954,-18.7802],[36.2722,-18.7585],[36.2381,-18.6941],[36.2368,-18.725],[36.2642,-18.8303],[36.2503,-18.8629],[36.2655,-18.8702],[36.2708,-18.8864],[36.2669,-18.8909],[36.2443,-18.8832],[36.1467,-18.9005],[36.1318,-18.8863],[36.127,-18.8287],[36.1331,-18.8041],[36.1238,-18.8007],[36.1086,-18.8059],[36.0785,-18.8378],[36.0306,-18.9057],[36.0095,-18.9208],[35.9767,-18.9249],[35.9828,-18.9046],[35.9789,-18.8937],[35.9689,-18.893],[35.9568,-18.9037],[35.9408,-18.9532],[35.929,-18.9651],[35.9075,-18.9698],[35.8735,-18.9441],[35.8553,-18.9513],[35.8469,-18.9689],[35.8503,-18.9787],[35.8735,-18.9726],[35.8674,-18.9885],[35.7234,-19.0825],[35.6887,-19.1228],[35.6761,-19.1198],[35.6623,-19.133],[35.6409,-19.1707],[35.6682,-19.1638],[35.6682,-19.1707],[35.614,-19.2057],[35.5652,-19.2526],[35.5857,-19.2526],[35.5327,-19.3152],[35.5052,-19.3254],[35.4932,-19.3525],[35.4417,-19.4177],[35.3399,-19.5207],[35.2225,-19.6101],[35.1268,-19.705],[35.0671,-19.726],[35.0125,-19.7795],[34.9823,-19.8014],[34.9732,-19.7909],[34.9346,-19.8293],[34.8801,-19.8634],[34.84,-19.8444],[34.8231,-19.7867],[34.765,-19.7398],[34.7058,-19.7156],[34.6664,-19.6593],[34.6429,-19.6438],[34.6267,-19.5959],[34.5686,-19.5759],[34.5532,-19.5823],[34.5427,-19.6101],[34.5304,-19.6163],[34.5304,-19.6237],[34.5461,-19.6227],[34.5651,-19.6067],[34.582,-19.6027],[34.6138,-19.6116],[34.6232,-19.6233],[34.6388,-19.6695],[34.6919,-19.7429],[34.735,-19.7568],[34.7776,-19.815],[34.773,-19.8415],[34.7576,-19.8691],[34.7351,-19.8869],[34.7092,-19.8839],[34.7118,-19.9011],[34.7433,-19.8901],[34.7611,-19.8952],[34.7648,-19.9033],[34.757,-19.9317],[34.765,-19.9931],[34.7489,-20.0268],[34.757,-20.0514],[34.757,-20.0831],[34.7769,-20.135],[34.7749,-20.1521],[34.7565,-20.1804],[34.7058,-20.1575],[34.6638,-20.1671],[34.6553,-20.1515],[34.6553,-20.1718],[34.6707,-20.1886],[34.7433,-20.2265],[34.7057,-20.311],[34.6853,-20.3323],[34.6799,-20.3469],[34.7035,-20.3625],[34.6987,-20.3732],[34.6702,-20.3884],[34.6403,-20.3761],[34.6493,-20.4055],[34.6646,-20.4285],[34.7092,-20.4456],[34.7163,-20.467],[34.7127,-20.4972],[34.6731,-20.5289],[34.6683,-20.5411],[34.7034,-20.5239],[34.7243,-20.5191],[34.7399,-20.5243],[34.7424,-20.5502],[34.7497,-20.5602],[34.765,-20.5486],[34.7731,-20.5695],[34.8037,-20.5859],[34.8325,-20.6121],[34.8518,-20.6708],[34.8804,-20.6511],[34.8936,-20.6585],[34.8926,-20.6742],[34.868,-20.6944],[34.8724,-20.7131],[34.8861,-20.6988],[34.9079,-20.6926],[34.9556,-20.696],[34.9933,-20.7302],[34.9966,-20.7807],[35.0161,-20.7752],[35.0239,-20.7944],[35.0034,-20.8255],[35.0096,-20.8429],[35.0519,-20.8839],[35.0398,-20.9091],[35.0376,-20.9384],[35.0656,-20.9169],[35.0798,-20.9138],[35.1065,-20.9304],[35.1133,-20.9459],[35.1078,-20.9641],[35.1201,-20.9664],[35.1077,-20.9987],[35.0996,-21.0079],[35.0776,-21.0002],[35.069,-21.0055],[35.0654,-21.0178],[35.0685,-21.0251],[35.0859,-21.0278],[35.0858,-21.07],[35.0788,-21.0851],[35.0481,-21.0966],[35.0249,-21.0849],[35.0164,-21.1111],[35.058,-21.1376],[35.0519,-21.152],[35.0554,-21.1794],[35.0654,-21.1861],[35.0594,-21.1979],[35.0859,-21.2133],[35.0886,-21.2273],[35.058,-21.2407],[35.0475,-21.2529],[35.0723,-21.268],[35.0723,-21.322],[35.0972,-21.2971],[35.127,-21.1786],[35.1213,-21.2607],[35.1118,-21.2896],[35.1201,-21.3772],[35.1516,-21.4539],[35.2123,-21.5514],[35.24,-21.5759],[35.271,-21.6441],[35.2686,-21.7736],[35.2778,-21.8167],[35.3119,-21.8946],[35.3358,-22.0891],[35.3059,-22.346],[35.3057,-22.3886],[35.3115,-22.413],[35.3604,-22.4399],[35.3941,-22.4877],[35.4006,-22.4771],[35.3978,-22.4334],[35.4051,-22.4186],[35.428,-22.4057],[35.4046,-22.3694],[35.3911,-22.3206],[35.3909,-22.2716],[35.4081,-22.2345],[35.4046,-22.218],[35.4149,-22.2065],[35.4266,-22.236],[35.4359,-22.2428],[35.4491,-22.2268],[35.4241,-22.1847],[35.4149,-22.1791],[35.4417,-22.1383],[35.4414,-22.1196],[35.4606,-22.1098],[35.4671,-22.0958],[35.4774,-22.0915],[35.4968,-22.0966],[35.5008,-22.1061],[35.4968,-22.1415],[35.5173,-22.3102],[35.5291,-22.2758],[35.5329,-22.22],[35.5447,-22.1791],[35.5514,-22.1791],[35.5379,-22.3027],[35.5422,-22.4099],[35.4927,-22.5649],[35.4894,-22.69],[35.5208,-22.9076],[35.5379,-22.947],[35.5514,-22.9196],[35.5851,-22.9272],[35.5933,-22.9218],[35.5857,-22.9059],[35.6061,-22.9147],[35.6009,-22.9436],[35.5425,-23.0422],[35.4785,-23.1769],[35.478,-23.218],[35.4894,-23.2753],[35.4822,-23.3173],[35.4241,-23.4806],[35.4081,-23.611],[35.4058,-23.7172],[35.3993,-23.7392],[35.3904,-23.748],[35.3801,-23.7277],[35.3855,-23.6909],[35.3816,-23.6777],[35.3569,-23.6725],[35.3403,-23.6762],[35.3604,-23.6936],[35.3672,-23.7277],[35.3557,-23.7859],[35.3535,-23.8518],[35.3399,-23.886],[35.346,-23.9233],[35.3324,-23.9645],[35.3412,-23.9636],[35.3877,-23.9127],[35.3716,-23.8782],[35.37,-23.8598],[35.3801,-23.8444],[35.3948,-23.8419],[35.4354,-23.8718],[35.4661,-23.8801],[35.4725,-23.8712],[35.48,-23.801],[35.4758,-23.7824],[35.5168,-23.7918],[35.5274,-23.803],[35.532,-23.8473],[35.5432,-23.8632],[35.4857,-24.0364],[35.4832,-24.0567],[35.4948,-24.0901],[35.4935,-24.1105],[35.479,-24.123],[35.4588,-24.1666],[35.3044,-24.3757],[35.1912,-24.489],[35.1807,-24.5307],[35.1065,-24.5979],[34.8123,-24.7414],[34.6489,-24.8128],[34.4827,-24.8513],[34.2122,-24.9527],[34.1565,-24.9609],[33.7292,-25.1051],[33.5852,-25.1746],[33.4647,-25.2131],[33.3176,-25.287],[33.2772,-25.2968],[33.2772,-25.29],[33.3101,-25.2731],[33.3325,-25.2485],[33.2786,-25.2708],[33.2576,-25.2883],[33.2146,-25.2973],[33.2214,-25.318],[33.242,-25.3098],[33.2273,-25.332],[33.1531,-25.3658],[32.8727,-25.5439],[32.8447,-25.5727],[32.7923,-25.6401],[32.7695,-25.6817],[32.7513,-25.7459],[32.7373,-25.7673],[32.7446,-25.817],[32.7399,-25.8259],[32.7347,-25.804],[32.7043,-25.8242],[32.687,-25.8859],[32.627,-25.944],[32.5915,-25.969],[32.5796,-25.9698],[32.5337,-25.9504],[32.5002,-25.9548],[32.4852,-25.9654],[32.4768,-25.9846],[32.4808,-26.0032],[32.4914,-26.0141],[32.502,-26.0095],[32.502,-25.9721],[32.5088,-25.9685],[32.5471,-25.9789],[32.5641,-26.0095],[32.6057,-26.0305],[32.6289,-26.0753],[32.6507,-26.0934],[32.6808,-26.1882],[32.6981,-26.1734],[32.7235,-26.1783],[32.7481,-26.1915],[32.7844,-26.2257],[32.8117,-26.2685],[32.8425,-26.2887],[32.8794,-26.2775],[32.8688,-26.2194],[32.8948,-26.1147],[32.9153,-26.0944],[32.9544,-26.0789],[32.9551,-26.1056],[32.9295,-26.266],[32.9182,-26.5442],[32.8931,-26.6542],[32.8993,-26.6952],[32.8931,-26.7743],[32.8794,-26.8119],[32.8931,-26.8461],[32.8805,-26.8869],[32.8652,-27.0173],[32.8394,-27.1236],[32.8037,-27.1682],[32.781,-27.256],[32.6765,-27.5207],[32.6038,-27.8464],[32.5915,-27.8808],[32.5983,-27.9225],[32.5505,-28.1716],[32.544,-28.1901],[32.46,-28.3067],[32.4392,-28.3666],[32.422,-28.3819],[32.3997,-28.3879],[32.407,-28.4003],[32.4202,-28.3947],[32.4282,-28.4294],[32.3921,-28.5353],[32.2931,-28.631],[32.2351,-28.6616],[32.1936,-28.7162],[32.0838,-28.7995],[32.0563,-28.7795],[32.0169,-28.7849],[31.994,-28.8062],[32.0161,-28.8336],[32.0374,-28.8147],[32.0701,-28.8056],[32.051,-28.8378],[32.0121,-28.8665],[31.8884,-28.9247],[31.8521,-28.9313],[31.7691,-28.9223],[31.7827,-28.9496],[31.7521,-28.9662],[31.5575,-29.1619],[31.4885,-29.2096],[31.4822,-29.2333],[31.4653,-29.2449],[31.427,-29.2922],[31.365,-29.3326],[31.3547,-29.3634],[31.3265,-29.3842],[31.3186,-29.402],[31.1869,-29.5603],[31.0555,-29.7898],[31.0453,-29.8295],[31.0558,-29.8683],[31.0158,-29.8681],[31.0061,-29.8762],[31.0012,-29.9024],[31.0505,-29.8852],[31.0633,-29.8744],[31.0583,-29.8959],[31.0238,-29.9358],[30.9199,-30.0185],[30.8906,-30.0501],[30.8425,-30.1233],[30.7865,-30.2375],[30.6416,-30.4596],[30.6095,-30.5296],[30.5623,-30.5739],[30.3923,-30.8471],[30.364,-30.8823],[30.3203,-30.9123],[30.2887,-30.9711],[30.1234,-31.1616],[30.0951,-31.1786],[30.0628,-31.2387],[30.0099,-31.2923],[29.8641,-31.4116],[29.7845,-31.4347],[29.742,-31.4575],[29.7337,-31.4749],[29.6724,-31.5397],[29.6414,-31.5533],[29.6346,-31.5724],[29.6199,-31.586],[29.5921,-31.593],[29.5261,-31.644],[29.4867,-31.6564],[29.4608,-31.6723],[29.4116,-31.6775],[29.4055,-31.6842],[29.4116,-31.698],[29.3919,-31.7355],[29.3625,-31.7498],[29.3529,-31.7804],[29.3421,-31.7936],[29.3093,-31.8141],[29.2767,-31.8447],[29.2341,-31.9166],[29.2205,-31.924],[29.2136,-31.9438],[29.1476,-31.9698],[29.1238,-32.017],[29.0964,-32.0536],[28.9733,-32.1667],[28.8704,-32.287],[28.8171,-32.3151],[28.6741,-32.4306],[28.6512,-32.4591],[28.6172,-32.4782],[28.5627,-32.532],[28.5486,-32.5624],[28.3633,-32.6782],[28.3601,-32.6939],[28.3369,-32.7094],[28.2108,-32.7747],[28.1555,-32.7885],[28.1301,-32.8089],[28.1109,-32.8365],[28.094,-32.8875],[27.9699,-32.9806],[27.9396,-32.9898],[27.904,-33.0207],[27.8971,-33.04],[27.8493,-33.0585],[27.8298,-33.0772],[27.7327,-33.1088],[27.6099,-33.2118],[27.5392,-33.2346],[27.4924,-33.277],[27.4657,-33.2734],[27.4585,-33.2989],[27.4346,-33.3207],[27.3558,-33.3696],[27.3423,-33.3634],[27.3348,-33.377],[27.2188,-33.4487],[27.1431,-33.4794],[27.1198,-33.4968],[27.1009,-33.5253],[27.0713,-33.5309],[26.9846,-33.5702],[26.9191,-33.5815],[26.863,-33.6227],[26.7946,-33.6323],[26.7612,-33.649],[26.6533,-33.6848],[26.6326,-33.7122],[26.6109,-33.7149],[26.5151,-33.7553],[26.4348,-33.766],[26.3234,-33.7564],[26.2866,-33.7664],[26.2256,-33.7394],[26.0925,-33.7171],[25.9553,-33.7109],[25.8674,-33.7219],[25.7854,-33.7436],[25.7111,-33.7742],[25.679,-33.7952],[25.6531,-33.8227],[25.634,-33.8552],[25.6149,-33.935],[25.6194,-33.9459],[25.6389,-33.9538],[25.6482,-33.9687],[25.677,-33.9865],[25.7044,-34.0207],[25.6975,-34.0349],[25.666,-34.0265],[25.5982,-34.0485],[25.4852,-34.0275],[25.4105,-34.033],[25.3836,-34.0196],[25.348,-34.0144],[25.3138,-33.9933],[25.2775,-33.9811],[25.1926,-33.9622],[25.1011,-33.9605],[25.0115,-33.971],[24.9529,-33.9851],[24.929,-33.9959],[24.9133,-34.0113],[24.9274,-34.0523],[24.8993,-34.0896],[24.8411,-34.1325],[24.8342,-34.1476],[24.8382,-34.1598],[24.8613,-34.1783],[24.8579,-34.1869],[24.8273,-34.2057],[24.8147,-34.1907],[24.7937,-34.1847],[24.7254,-34.1833],[24.6472,-34.1682],[24.565,-34.1769],[24.4785,-34.1578],[24.4352,-34.1389],[24.4002,-34.1126],[24.2591,-34.0942],[24.1631,-34.0548],[23.9842,-34.0411],[23.9196,-34.0235],[23.813,-34.0144],[23.6355,-33.9797],[23.5886,-33.9812],[23.4276,-34.0124],[23.3869,-34.0312],[23.3709,-34.0449],[23.3612,-34.0667],[23.3679,-34.0866],[23.3856,-34.1003],[23.4084,-34.1032],[23.4084,-34.11],[23.0628,-34.0827],[23.049,-34.0411],[23.0189,-34.0392],[22.9981,-34.0275],[23.0016,-34.0426],[23.0288,-34.0585],[23.0387,-34.0724],[23.0322,-34.0861],[23.0122,-34.0774],[22.9845,-34.0753],[22.936,-34.0827],[22.8562,-34.0618],[22.8001,-34.0356],[22.7905,-34.0043],[22.8125,-34.0007],[22.7746,-33.9836],[22.7305,-33.9797],[22.7532,-34.0095],[22.7852,-34.0275],[22.7668,-34.0329],[22.6299,-33.9958],[22.5837,-33.9941],[22.5477,-34.0036],[22.4959,-34.0392],[22.4554,-34.0571],[22.4105,-34.0656],[22.2752,-34.0577],[22.1692,-34.0832],[22.1235,-34.1205],[22.111,-34.1415],[22.1154,-34.1578],[22.1477,-34.1783],[22.1141,-34.1939],[21.9841,-34.2101],[21.947,-34.2237],[21.9217,-34.2467],[21.9238,-34.2957],[21.8945,-34.336],[21.8296,-34.3686],[21.7887,-34.3813],[21.7026,-34.3906],[21.5972,-34.3727],[21.5376,-34.3489],[21.439,-34.3723],[21.4155,-34.395],[21.349,-34.4192],[21.3059,-34.4246],[21.2625,-34.4216],[21.0984,-34.3708],[20.9613,-34.3561],[20.9134,-34.3604],[20.8735,-34.3769],[20.8809,-34.3769],[20.8052,-34.398],[20.8322,-34.4018],[20.8561,-34.4169],[20.8682,-34.4379],[20.8599,-34.4588],[20.8411,-34.465],[20.6643,-34.4384],[20.5244,-34.4543],[20.4827,-34.4705],[20.448,-34.4933],[20.3745,-34.5698],[20.3412,-34.5787],[20.3186,-34.6034],[20.2615,-34.627],[20.2285,-34.6578],[20.2224,-34.6751],[20.1873,-34.6774],[20.1467,-34.6922],[20.0726,-34.7369],[20.0444,-34.7683],[20.0579,-34.8014],[19.9993,-34.822],[19.9535,-34.8087],[19.8584,-34.7497],[19.6981,-34.7537],[19.6836,-34.7566],[19.667,-34.7704],[19.6424,-34.7721],[19.6265,-34.7537],[19.576,-34.728],[19.4997,-34.6642],[19.4485,-34.6401],[19.3987,-34.6018],[19.3748,-34.5993],[19.3508,-34.6049],[19.3317,-34.6178],[19.3142,-34.6109],[19.2969,-34.6178],[19.3006,-34.6066],[19.3601,-34.5387],[19.3651,-34.5278],[19.3602,-34.5004],[19.3239,-34.4387],[19.2904,-34.4091],[19.2777,-34.4065],[19.2078,-34.4186],[19.1465,-34.415],[19.1193,-34.4006],[19.1011,-34.3723],[19.0852,-34.3634],[19.0852,-34.3565],[19.111,-34.3526],[19.1229,-34.338],[19.1399,-34.2944],[19.1226,-34.3027],[19.0884,-34.3427],[18.999,-34.3393],[18.8729,-34.3619],[18.8382,-34.3839],[18.8176,-34.3769],[18.8083,-34.3647],[18.8176,-34.3427],[18.8103,-34.3019],[18.8397,-34.2543],[18.8225,-34.185],[18.8582,-34.1503],[18.8162,-34.0971],[18.8001,-34.0895],[18.7407,-34.0774],[18.6472,-34.07],[18.555,-34.0738],[18.4784,-34.1069],[18.4461,-34.1371],[18.4403,-34.1578],[18.4427,-34.1681],[18.4608,-34.1845],[18.4745,-34.2262],[18.4676,-34.3113],[18.4717,-34.3317],[18.4888,-34.3427],[18.4701,-34.3474],[18.4452,-34.3365],[18.4063,-34.3019],[18.3822,-34.2621],[18.3789,-34.2503],[18.3858,-34.2223],[18.3721,-34.2125],[18.3625,-34.1862],[18.3543,-34.1754],[18.3255,-34.1672],[18.3138,-34.1446],[18.3169,-34.1305],[18.3413,-34.1147],[18.3472,-34.0755],[18.3584,-34.0548],[18.3304,-34.0622],[18.3162,-34.0436],[18.3148,-34.0291],[18.3518,-33.9822],[18.3721,-33.9251],[18.4046,-33.9033],[18.4754,-33.8998],[18.4888,-33.863],[18.4844,-33.8439],[18.4651,-33.818],[18.4318,-33.6967],[18.4001,-33.6334],[18.3447,-33.5825],[18.3203,-33.5675],[18.3143,-33.4965],[18.2827,-33.4452],[18.2542,-33.4194],[18.1462,-33.3559],[18.156,-33.339],[18.1502,-33.3193],[18.0752,-33.2022],[18.0293,-33.165],[17.9917,-33.1503],[17.9549,-33.102],[17.9953,-33.0881],[18.0059,-33.0917],[18.0261,-33.1235],[18.0374,-33.13],[18.033,-33.1409],[18.0991,-33.2009],[18.112,-33.205],[18.1275,-33.1974],[18.0965,-33.1591],[18.0916,-33.1355],[18.0711,-33.13],[18.0409,-33.1017],[18.0405,-33.0485],[18.0232,-33.0143],[17.9995,-33.0045],[17.9407,-33.0064],[17.9549,-33.0275],[17.9128,-33.0475],[17.9019,-33.0369],[17.8786,-32.9815],[17.8855,-32.9661],[17.8625,-32.9072],[17.8651,-32.8906],[17.881,-32.8676],[17.843,-32.8233],[17.8439,-32.8146],[17.8618,-32.8152],[17.8836,-32.7966],[17.8973,-32.7927],[17.9059,-32.7258],[17.9197,-32.7166],[17.9675,-32.7035],[17.9823,-32.7048],[17.9749,-32.7122],[17.9866,-32.727],[18.0374,-32.7668],[18.0806,-32.7813],[18.1188,-32.773],[18.1521,-32.7512],[18.2731,-32.6476],[18.3108,-32.5728],[18.3342,-32.4913],[18.3379,-32.4516],[18.3332,-32.382],[18.3154,-32.3437],[18.3211,-32.3273],[18.3447,-32.3007],[18.3494,-32.2603],[18.3107,-32.1295],[18.2995,-32.0226],[18.2759,-31.9575],[18.2769,-31.8927],[18.2357,-31.8281],[18.2349,-31.8005],[18.2137,-31.7306],[18.1968,-31.6974],[18.1262,-31.6122],[18.1167,-31.5906],[18.0711,-31.5335],[18.0233,-31.4904],[18.0095,-31.4566],[17.9612,-31.4162],[17.9222,-31.3639],[17.8937,-31.3448],[17.8718,-31.2729],[17.8186,-31.2321],[17.7453,-31.1288],[17.6868,-31.019],[17.6172,-30.934],[17.5617,-30.8381],[17.536,-30.7521],[17.4772,-30.6824],[17.4504,-30.6391],[17.4541,-30.6013],[17.4295,-30.5768],[17.3646,-30.464],[17.282,-30.3478],[17.2595,-30.245],[17.2069,-30.1653],[17.1934,-30.132],[17.1896,-30.093],[17.1664,-30.0129],[17.1037,-29.8849],[17.0972,-29.8508],[17.0857,-29.8338],[17.0563,-29.7304],[17.0625,-29.7304],[17.0563,-29.6764],[17.0316,-29.6188],[17.0321,-29.6082],[17.0188,-29.5987],[17.0078,-29.5392],[16.9339,-29.3577],[16.8849,-29.299],[16.8638,-29.2387],[16.8433,-29.2114],[16.8442,-29.1884],[16.8229,-29.1407],[16.8192,-29.1173],[16.8241,-29.101],[16.8088,-29.0783],[16.745,-29.0287],[16.7127,-28.964],[16.6677,-28.9086],[16.6004,-28.8575],[16.5794,-28.8004],[16.577,-28.7442],[16.5628,-28.7128],[16.5348,-28.7032],[16.5135,-28.6609],[16.4719,-28.6254],[16.47,-28.62],[16.4803,-28.6135],[16.4867,-28.5988],[16.4871,-28.5729],[16.4458,-28.6105],[16.4194,-28.607],[16.3469,-28.5561],[16.301,-28.5045],[16.1934,-28.4088],[16.168,-28.3958],[16.0436,-28.2571],[15.9111,-28.1713],[15.8332,-28.0893],[15.7615,-28.0383],[15.7168,-27.9804],[15.6789,-27.9428],[15.6858,-27.9013],[15.673,-27.8699],[15.646,-27.8366],[15.5462,-27.7478],[15.5335,-27.7302],[15.5291,-27.6542],[15.5207,-27.6337],[15.4251,-27.4965],[15.4089,-27.4645],[15.3968,-27.4487],[15.3718,-27.433],[15.3425,-27.3805],[15.2953,-27.3224],[15.2817,-27.2433],[15.2612,-27.2057],[15.2681,-27.1648],[15.2542,-27.1002],[15.2612,-27.0856],[15.2354,-27.0295],[15.2342,-26.9654],[15.2285,-26.9456],[15.2127,-26.928],[15.1786,-26.9212],[15.1589,-26.8971],[15.1489,-26.8564],[15.1117,-26.7792],[15.1162,-26.752],[15.083,-26.6952],[15.0835,-26.6521],[15.0918,-26.638],[15.1066,-26.6326],[15.1346,-26.6271],[15.1377,-26.6749],[15.1445,-26.6749],[15.1687,-26.5922],[15.1419,-26.518],[15.1288,-26.4576],[15.1056,-26.4206],[15.0725,-26.3897],[15.0347,-26.3663],[14.9753,-26.3442],[14.9663,-26.3352],[14.9588,-26.257],[14.9627,-26.1813],[14.9391,-26.1471],[14.9431,-26.1353],[14.9663,-26.1336],[14.9798,-26.1017],[14.979,-26.0588],[14.9526,-25.9827],[14.9077,-25.9153],[14.9021,-25.8825],[14.9186,-25.8455],[14.9111,-25.8455],[14.8599,-25.7903],[14.8403,-25.7517],[14.8428,-25.6503],[14.8469,-25.6298],[14.877,-25.5781],[14.8796,-25.5387],[14.8753,-25.5185],[14.8533,-25.4987],[14.8428,-25.4278],[14.818,-25.367],[14.8013,-25.2628],[14.8323,-25.1882],[14.8294,-25.1764],[14.8496,-25.1051],[14.8533,-25.0642],[14.8433,-25.0261],[14.8088,-24.9611],[14.7962,-24.922],[14.793,-24.8419],[14.7808,-24.8034],[14.7235,-24.7035],[14.6995,-24.673],[14.6502,-24.6288],[14.6361,-24.5989],[14.6019,-24.5624],[14.5959,-24.5372],[14.617,-24.5058],[14.6123,-24.4457],[14.5139,-24.2615],[14.4932,-24.1923],[14.4736,-24.1591],[14.4592,-24.0983],[14.4641,-24.0447],[14.4519,-23.9885],[14.4729,-23.9339],[14.4966,-23.926],[14.5139,-23.8923],[14.506,-23.8801],[14.5071,-23.8239],[14.4866,-23.7585],[14.5003,-23.6144],[14.4953,-23.5785],[14.4343,-23.4152],[14.4351,-23.4055],[14.4797,-23.3448],[14.4795,-23.3658],[14.4844,-23.3749],[14.4904,-23.3697],[14.492,-23.3092],[14.4735,-23.1928],[14.4627,-23.1574],[14.4313,-23.1033],[14.4207,-23.071],[14.4102,-22.9708],[14.4319,-22.923],[14.4351,-22.8798],[14.4439,-22.8835],[14.4382,-22.8923],[14.4519,-22.9122],[14.4443,-22.9528],[14.4517,-22.9633],[14.4729,-22.9538],[14.4592,-22.9953],[14.4743,-22.9822],[14.4968,-22.9418],[14.522,-22.9234],[14.5293,-22.9002],[14.5344,-22.8542],[14.5275,-22.6795],[14.5086,-22.548],[14.4851,-22.5124],[14.4743,-22.4679],[14.4382,-22.3989],[14.4187,-22.3398],[14.3865,-22.2765],[14.3152,-22.2003],[14.2943,-22.1674],[14.2914,-22.1345],[14.1372,-21.9464],[14.062,-21.881],[14.0542,-21.8647],[13.9717,-21.7927],[13.9523,-21.7839],[13.9652,-21.7332],[13.9627,-21.714],[13.8779,-21.5922],[13.8628,-21.528],[13.8317,-21.4565],[13.7293,-21.3303],[13.6668,-21.2324],[13.6027,-21.1581],[13.5134,-21.0079],[13.4719,-20.955],[13.4592,-20.9181],[13.4177,-20.8839],[13.3976,-20.8493],[13.3872,-20.8161],[13.3767,-20.7336],[13.3495,-20.6445],[13.2627,-20.4851],[13.2131,-20.2734],[13.1777,-20.1892],[13.1546,-20.1542],[13.1144,-20.1426],[13.0709,-20.1142],[13.0373,-20.0595],[13.0054,-19.9355],[12.9277,-19.7947],[12.9185,-19.7656],[12.876,-19.712],[12.7046,-19.4108],[12.686,-19.3598],[12.6797,-19.3141],[12.6157,-19.2175],[12.5674,-19.1023],[12.5164,-19.0375],[12.4704,-18.9977],[12.45,-18.9046],[12.2869,-18.6977],[12.1747,-18.6279],[12.1021,-18.546],[12.0319,-18.5054],[11.9995,-18.4035],[11.9995,-18.3619],[11.9761,-18.3298],[11.9373,-18.2321],[11.8491,-18.1432],[11.8336,-18.098],[11.8265,-18.0392],[11.7969,-17.9561],[11.784,-17.8596],[11.7609,-17.7864],[11.7176,-17.5463],[11.7217,-17.4679],[11.7551,-17.2667],[11.7661,-17.2527],[11.7507,-17.2169],[11.7586,-17.1652],[11.7593,-17.033],[11.78,-16.8695],[11.7681,-16.7683],[11.7859,-16.7635],[11.7909,-16.8061],[11.8037,-16.824],[11.8205,-16.7815],[11.8176,-16.7047],[11.8231,-16.679],[11.8138,-16.5839],[11.822,-16.4791],[11.7791,-16.0999],[11.7845,-16.0641],[11.807,-16.0188],[11.7844,-15.9726],[11.7366,-15.9002],[11.7355,-15.8571],[11.7518,-15.7991],[11.8049,-15.7692],[11.8138,-15.775],[11.8184,-15.7924],[11.8298,-15.7978],[11.8442,-15.7936],[11.8947,-15.7467],[11.9033,-15.7314],[11.9102,-15.6762],[11.9305,-15.6524],[11.992,-15.6173],[12.0051,-15.5943],[12.0285,-15.4902],[12.0404,-15.4633],[12.03,-15.4369],[12.0466,-15.3507],[12.0564,-15.2331],[12.0706,-15.2047],[12.105,-15.1728],[12.136,-15.179],[12.1453,-15.1686],[12.1489,-15.1342],[12.1428,-15.1207],[12.1279,-15.1134],[12.1125,-15.1152],[12.115,-15.0939],[12.1511,-15.002],[12.1605,-14.9535],[12.1906,-14.9221],[12.1961,-14.9085],[12.2078,-14.8333],[12.2152,-14.8242],[12.2356,-14.823],[12.2727,-14.7506],[12.2664,-14.6961],[12.2927,-14.5875],[12.299,-14.5076],[12.3313,-14.4335],[12.3454,-14.303],[12.3421,-14.2704],[12.3142,-14.1822],[12.3156,-14.175],[12.3489,-14.1686],[12.3558,-14.1423],[12.3288,-14.0922],[12.3447,-14.0668],[12.3498,-14.0455],[12.3699,-14.0219],[12.3831,-13.9773],[12.3999,-13.9516],[12.4072,-13.8906],[12.4155,-13.8786],[12.4505,-13.8625],[12.4857,-13.8771],[12.5025,-13.8552],[12.5163,-13.7151],[12.5127,-13.6168],[12.5339,-13.5652],[12.5221,-13.5442],[12.527,-13.5045],[12.5127,-13.4421],[12.5221,-13.4106],[12.533,-13.399],[12.568,-13.3923],[12.5947,-13.3604],[12.6345,-13.3434],[12.6432,-13.3163],[12.6362,-13.2946],[12.6565,-13.2556],[12.6851,-13.2408],[12.6941,-13.2184],[12.7121,-13.2226],[12.7615,-13.193],[12.8272,-13.1098],[12.866,-13.0787],[12.9448,-12.9824],[12.9587,-12.9555],[12.9588,-12.9291],[12.9275,-12.8421],[12.9395,-12.8167],[13.075,-12.695],[13.1092,-12.6745],[13.1328,-12.6367],[13.1786,-12.6017],[13.198,-12.5994],[13.2328,-12.6131],[13.2644,-12.5826],[13.2769,-12.5783],[13.3284,-12.5994],[13.364,-12.5927],[13.3929,-12.5704],[13.4692,-12.4948],[13.479,-12.4191],[13.5056,-12.3714],[13.5686,-12.3115],[13.5755,-12.3115],[13.5755,-12.3183],[13.5583,-12.3283],[13.5618,-12.3461],[13.6398,-12.2487],[13.6636,-12.1696],[13.7051,-12.0781],[13.7152,-12.0084],[13.7488,-11.9612],[13.7664,-11.9205],[13.7922,-11.7909],[13.7777,-11.5891],[13.7819,-11.4811],[13.7946,-11.4406],[13.7866,-11.4316],[13.7946,-11.3959],[13.7953,-11.3322],[13.819,-11.2956],[13.8465,-11.1137],[13.8485,-10.9821],[13.8434,-10.9457],[13.8286,-10.9137],[13.7315,-10.7643],[13.7311,-10.7472],[13.7394,-10.7302],[13.7698,-10.6943],[13.7717,-10.6779],[13.765,-10.662],[13.7114,-10.6121],[13.7009,-10.5909],[13.6061,-10.4782],[13.5423,-10.4267],[13.5276,-10.4065],[13.5208,-10.3202],[13.509,-10.277],[13.4426,-10.1794],[13.4312,-10.1305],[13.3767,-10.0707],[13.3174,-9.9763],[13.3352,-9.9267],[13.3272,-9.886],[13.278,-9.8017],[13.1986,-9.7087],[13.1912,-9.69],[13.1961,-9.6728],[13.2186,-9.6492],[13.2254,-9.6313],[13.2178,-9.5942],[13.2014,-9.5705],[13.2024,-9.559],[13.1699,-9.4664],[13.1665,-9.3871],[13.1477,-9.3521],[13.1434,-9.3303],[13.1206,-9.3131],[13.0454,-9.1891],[13.0169,-9.1228],[12.9963,-9.0938],[12.9924,-9.038],[13.0303,-8.9596],[13.0864,-8.8923],[13.1366,-8.871],[13.1148,-8.9029],[13.0428,-8.9625],[13.0002,-9.072],[13.013,-9.0838],[13.0234,-9.075],[13.0869,-8.9597],[13.1229,-8.9542],[13.1375,-8.9409],[13.1483,-8.908],[13.1912,-8.8505],[13.1946,-8.8061],[13.2241,-8.7739],[13.2595,-8.7548],[13.198,-8.8232],[13.278,-8.7825],[13.2871,-8.756],[13.3561,-8.7636],[13.3801,-8.7551],[13.4109,-8.652],[13.3767,-8.5966],[13.3654,-8.5668],[13.3421,-8.4675],[13.3726,-8.4645],[13.3799,-8.4538],[13.3836,-8.3687],[13.3789,-8.3471],[13.3694,-8.3235],[13.2769,-8.1789],[13.2649,-8.1697],[13.2508,-8.1244],[13.198,-8.0216],[13.1893,-7.9758],[13.1229,-7.8574],[12.9863,-7.5507],[12.9393,-7.436],[12.9115,-7.3351],[12.85,-7.2659],[12.8552,-7.2313],[12.8333,-7.0058],[12.8152,-6.947],[12.8335,-6.9123],[12.8288,-6.9046],[12.7996,-6.9233],[12.7796,-6.9147],[12.7069,-6.8142],[12.6204,-6.7348],[12.5506,-6.6326],[12.4582,-6.4658],[12.3956,-6.3245],[12.3191,-6.2201],[12.2794,-6.1477],[12.2751,-6.1148],[12.2903,-6.0966],[12.3336,-6.0784],[12.3248,-6.1224],[12.3822,-6.1102],[12.433,-6.109],[12.4969,-6.0946],[12.5278,-6.0748],[12.5806,-6.0627],[12.6455,-6.029],[12.6698,-6.0297],[12.7425,-6.0494],[12.8174,-6.0317],[12.8615,-6.0163],[12.9276,-5.9812],[12.9859,-5.9011],[13.0464,-5.8857],[13.1118,-5.8902],[13.1843,-5.8562],[13.1707,-5.8499],[13.1229,-5.8625],[13.0672,-5.8626],[13.0364,-5.8572],[12.9243,-5.8146],[12.8587,-5.8195],[12.8224,-5.8298],[12.7665,-5.8653],[12.7175,-5.9313],[12.7226,-5.9793],[12.672,-6.0001],[12.607,-5.998],[12.5564,-6.0255],[12.4495,-6.0519],[12.4352,-6.0509],[12.4319,-6.0344],[12.4572,-6.0136],[12.4572,-5.9818],[12.4473,-5.9763],[12.4142,-5.9785],[12.3966,-6.006],[12.3762,-5.9587],[12.3552,-5.945],[12.2493,-5.8288],[12.1618,-5.6812],[12.1472,-5.6179],[12.1702,-5.5546],[12.1824,-5.5432],[12.2186,-5.5341],[12.2283,-5.5237],[12.2322,-5.4796],[12.1714,-5.3291],[12.1721,-5.3021],[12.1323,-5.2325],[12.1246,-5.1848],[12.0697,-5.1198],[12.0231,-5.046],[12.0233,-5.0353],[12.0678,-5.0463],[12.0809,-5.0755],[12.1005,-5.08],[12.1168,-5.0696],[12.1286,-5.0397],[12.1377,-5.0345],[12.1325,-5.0059],[12.1129,-5.002],[12.1051,-5.0131],[12.1037,-5.0488],[12.0979,-5.054],[12.0907,-5.0508],[12.0796,-5.0202],[12.0718,-5.0176],[12.0665,-5.0267],[12.0567,-5.0274],[12.045,-5.0209],[12.0096,-5.0196],[11.9943,-5.0058],[11.9579,-4.9519],[11.8957,-4.8826],[11.8862,-4.8552],[11.8202,-4.7848],[11.8241,-4.7724],[11.8433,-4.7888],[11.8484,-4.786],[11.8504,-4.7528],[11.8241,-4.7187],[11.7816,-4.6804],[11.7769,-4.6679],[11.7777,-4.6577],[11.8013,-4.6579],[11.8202,-4.6373],[11.8246,-4.6148],[11.8064,-4.5771],[11.693,-4.4635],[11.4979,-4.294],[11.4506,-4.2647],[11.4014,-4.2214],[11.3648,-4.1628],[11.3582,-4.1119],[11.2702,-4.0417],[11.0702,-3.9088],[11.0213,-3.8578],[11.0057,-3.7931],[10.9898,-3.7574],[10.9846,-3.7146],[10.9638,-3.6915],[10.8077,-3.5629],[10.6464,-3.4519],[10.6384,-3.4069],[10.6489,-3.3517],[10.6354,-3.3137],[10.553,-3.2587],[10.5491,-3.2391],[10.4526,-3.1333],[10.347,-3.0445],[9.9024,-2.7004],[9.7251,-2.4814],[9.7035,-2.443],[9.7503,-2.4872],[9.7718,-2.4983],[9.7949,-2.5009],[9.8401,-2.4567],[9.8301,-2.4928],[9.8333,-2.5051],[9.8475,-2.4915],[9.8503,-2.5284],[9.8587,-2.5388],[9.8743,-2.5325],[9.9178,-2.55],[9.9326,-2.5728],[9.9363,-2.5945],[9.9431,-2.5945],[9.9486,-2.5803],[9.9636,-2.5871],[9.9705,-2.5803],[9.9773,-2.6287],[10.0012,-2.6144],[10.0114,-2.615],[10.012,-2.6324],[10.0208,-2.6285],[10.0396,-2.6132],[10.053,-2.5871],[10.0674,-2.5818],[10.1566,-2.5729],[10.1623,-2.5603],[10.1355,-2.5462],[10.1375,-2.5274],[10.0936,-2.5082],[10.0803,-2.4915],[10.0735,-2.4915],[10.094,-2.5603],[10.0798,-2.5582],[10.0436,-2.5163],[10.0083,-2.5051],[10.0052,-2.5251],[9.9841,-2.5603],[9.9574,-2.5462],[9.9613,-2.5359],[9.9553,-2.5152],[9.9574,-2.5051],[9.9881,-2.4999],[9.9915,-2.4915],[9.9541,-2.4732],[9.9089,-2.4704],[9.8848,-2.4164],[9.8745,-2.4094],[9.8475,-2.4295],[9.822,-2.4242],[9.7754,-2.464],[9.752,-2.4704],[9.7267,-2.4445],[9.724,-2.4325],[9.7471,-2.4133],[9.724,-2.4021],[9.724,-2.3791],[9.7178,-2.3748],[9.7028,-2.3741],[9.6966,-2.3845],[9.7127,-2.4229],[9.7035,-2.4357],[9.6877,-2.4289],[9.6458,-2.3788],[9.6284,-2.3674],[9.6688,-2.4226],[9.6198,-2.3818],[9.597,-2.3522],[9.5868,-2.3264],[9.5791,-2.298],[9.5733,-2.2072],[9.5658,-2.1926],[9.4666,-2.0949],[9.4398,-2.0798],[9.3952,-2.0323],[9.402,-2.0185],[9.3804,-2.0126],[9.3542,-1.9571],[9.2713,-1.8766],[9.2809,-1.8604],[9.2927,-1.8826],[9.311,-1.8967],[9.3338,-1.904],[9.3542,-1.9018],[9.3467,-1.9094],[9.3597,-1.9147],[9.3745,-1.8883],[9.3807,-1.8883],[9.3882,-1.9094],[9.3755,-1.9186],[9.3779,-1.9318],[9.3882,-1.9156],[9.4395,-1.9156],[9.4673,-1.9225],[9.4813,-1.9391],[9.4788,-1.9596],[9.4566,-1.9776],[9.4749,-1.996],[9.5081,-2.0016],[9.5119,-2.0323],[9.5322,-2.0458],[9.5432,-2.0709],[9.5491,-2.0582],[9.5664,-2.0496],[9.5637,-2.0317],[9.5485,-1.9977],[9.5391,-1.9981],[9.5037,-1.9685],[9.4981,-1.9571],[9.5193,-1.933],[9.5178,-1.9264],[9.4852,-1.8704],[9.4666,-1.8513],[9.4566,-1.8609],[9.436,-1.8473],[9.436,-1.8883],[9.4173,-1.873],[9.3919,-1.8263],[9.3745,-1.8193],[9.3572,-1.8541],[9.3421,-1.8653],[9.3405,-1.8883],[9.3255,-1.8762],[9.3057,-1.874],[9.3172,-1.8541],[9.315,-1.8429],[9.2922,-1.8261],[9.2702,-1.8404],[9.2554,-1.8352],[9.2443,-1.7858],[9.2503,-1.707],[9.2368,-1.6623],[9.2368,-1.6213],[9.2201,-1.5798],[9.1419,-1.491],[9.0166,-1.3159],[8.9836,-1.2309],[9.0194,-1.3048],[9.0387,-1.3264],[9.0542,-1.3249],[9.0823,-1.3435],[9.0925,-1.3751],[9.116,-1.3995],[9.1213,-1.419],[9.1592,-1.468],[9.2268,-1.5221],[9.2647,-1.5353],[9.2742,-1.6596],[9.2803,-1.6751],[9.2922,-1.6697],[9.2951,-1.6594],[9.286,-1.6458],[9.2975,-1.6345],[9.3125,-1.6555],[9.3275,-1.6384],[9.3509,-1.6248],[9.402,-1.6144],[9.395,-1.6469],[9.4006,-1.6614],[9.4155,-1.6697],[9.4226,-1.6359],[9.4155,-1.6076],[9.4468,-1.6033],[9.5296,-1.6144],[9.5596,-1.6076],[9.5025,-1.5798],[9.4906,-1.5598],[9.4813,-1.5226],[9.4844,-1.4841],[9.4566,-1.4705],[9.4323,-1.4731],[9.4346,-1.5046],[9.402,-1.5465],[9.3791,-1.5629],[9.2998,-1.5774],[9.2866,-1.5661],[9.2783,-1.508],[9.2503,-1.4977],[9.2485,-1.482],[9.2566,-1.4714],[9.2971,-1.4577],[9.2988,-1.4441],[9.2853,-1.4158],[9.3262,-1.4084],[9.3342,-1.3986],[9.3545,-1.3505],[9.333,-1.2985],[9.3394,-1.2878],[9.3355,-1.2834],[9.3262,-1.278],[9.333,-1.3502],[9.3229,-1.3709],[9.3023,-1.3811],[9.2783,-1.3606],[9.2621,-1.3661],[9.2337,-1.4016],[9.1857,-1.4106],[9.1691,-1.4084],[9.158,-1.3952],[9.1592,-1.3464],[9.1465,-1.3323],[9.1199,-1.3486],[9.1071,-1.3464],[9.03,-1.2991],[9.0213,-1.2825],[9.0188,-1.2621],[9.0257,-1.2439],[9.0183,-1.2309],[9.0378,-1.2167],[9.0331,-1.1935],[8.9972,-1.1552],[9.0098,-1.1853],[9.0005,-1.2214],[8.9942,-1.2204],[8.9836,-1.1484],[8.9666,-1.1044],[8.8674,-0.977],[8.9077,-1.0086],[8.9227,-1.0037],[8.9085,-0.9975],[8.9227,-0.9726],[8.9357,-0.9635],[8.924,-0.9583],[8.8947,-0.9781],[8.8775,-0.9737],[8.8569,-0.9159],[8.8396,-0.9225],[8.8259,-0.8746],[8.763,-0.7526],[8.7497,-0.7],[8.7189,-0.6603],[8.6956,-0.5866],[8.7092,-0.5656],[8.7166,-0.5729],[8.7077,-0.5922],[8.7186,-0.6008],[8.7508,-0.6071],[8.7455,-0.6222],[8.7508,-0.6339],[8.7723,-0.6332],[8.7874,-0.6576],[8.806,-0.7483],[8.8374,-0.7716],[8.8444,-0.8002],[8.8607,-0.8051],[8.8519,-0.788],[8.8529,-0.7713],[8.8661,-0.7195],[8.9146,-0.7232],[8.9146,-0.7164],[8.8877,-0.6933],[8.888,-0.6816],[8.905,-0.6759],[8.929,-0.6873],[8.957,-0.7535],[9.0046,-0.8051],[8.9982,-0.8604],[9.0046,-0.8746],[9.0115,-0.8746],[9.0183,-0.7952],[9.0238,-0.7763],[9.0476,-0.7502],[9.052,-0.7106],[9.0872,-0.6896],[9.0891,-0.6599],[9.1008,-0.6549],[9.1145,-0.6816],[9.1125,-0.6583],[9.0925,-0.6257],[9.1008,-0.5997],[9.16,-0.5468],[9.178,-0.5108],[9.2674,-0.4124],[9.2922,-0.3737],[9.3065,-0.3323],[9.3057,-0.2031],[9.3405,-0.1171],[9.3467,-0.0727],[9.333,-0.0379],[9.3342,-0.0254],[9.3553,0.0162],[9.3102,0.2513],[9.2988,0.2835],[9.3091,0.3245],[9.3454,0.3558],[9.3562,0.3586],[9.3659,0.3515],[9.3787,0.3076],[9.367,0.2501],[9.3739,0.2192],[9.3584,0.2117],[9.3602,0.1811],[9.3804,0.2054],[9.4243,0.2082],[9.4608,0.1665],[9.4701,0.147],[9.4735,0.1092],[9.488,0.0983],[9.495,0.0985],[9.4981,0.1092],[9.4937,0.17],[9.5042,0.188],[9.5664,0.1675],[9.5868,0.1123],[9.6284,0.1538],[9.6524,0.1469],[9.6626,0.1265],[9.7124,0.1348],[9.7489,0.0978],[9.7796,0.0495],[9.8122,0.0235],[9.7612,0.1092],[9.7586,0.1256],[9.7781,0.1345],[9.8039,0.1332],[9.8196,0.1191],[9.8612,0.1613],[9.9089,0.188],[9.9705,0.1737],[10.0256,0.188],[10.0256,0.1955],[9.9754,0.1943],[9.9558,0.2],[9.9363,0.216],[9.8827,0.1904],[9.7922,0.1811],[9.7472,0.1964],[9.7114,0.2232],[9.6797,0.2222],[9.669,0.2272],[9.5864,0.2836],[9.5721,0.2983],[9.5664,0.3183],[9.5596,0.3183],[9.5482,0.3026],[9.5357,0.3047],[9.4981,0.291],[9.4901,0.3024],[9.4841,0.3381],[9.4593,0.3599],[9.3987,0.4887],[9.3709,0.5201],[9.3522,0.5292],[9.319,0.5286],[9.3057,0.5443],[9.3088,0.614],[9.3159,0.6262],[9.3602,0.633],[9.402,0.6535],[9.4465,0.6473],[9.52,0.6835],[9.5391,0.6815],[9.5554,0.6652],[9.5628,0.6422],[9.5593,0.6215],[9.5425,0.6125],[9.499,0.6218],[9.4778,0.6191],[9.464,0.5989],[9.4872,0.6059],[9.5164,0.6042],[9.5399,0.5913],[9.5459,0.5648],[9.5666,0.5755],[9.5733,0.5989],[9.5853,0.5828],[9.5871,0.5537],[9.5733,0.5101],[9.5828,0.4816],[9.5908,0.4729],[9.6079,0.4692],[9.6037,0.5054],[9.6086,0.5231],[9.6239,0.5395],[9.6421,0.5989],[9.6284,0.6187],[9.625,0.6393],[9.6284,0.6883],[9.6182,0.8068],[9.5828,0.9007],[9.5755,0.9408],[9.5615,0.9628],[9.5664,0.9831],[9.5921,1.0143],[9.6424,1.0223],[9.6688,1.0582],[9.7451,1.0597],[9.7612,1.0548],[9.7747,1.0329],[9.7922,0.9688],[9.8059,1.0036],[9.7991,1.0582],[9.8198,1.0689],[9.8475,1.0725],[9.7551,1.1059],[9.7035,1.0998],[9.6994,1.1098],[9.7038,1.1206],[9.7178,1.1333],[9.6764,1.1054],[9.6421,1.0616],[9.5843,1.043],[9.5597,1.1028],[9.5408,1.1251],[9.5065,1.1376],[9.4053,1.1059],[9.3602,1.147],[9.3596,1.1649],[9.3467,1.1817],[9.374,1.1999],[9.4076,1.2838],[9.4343,1.2998],[9.4483,1.3191],[9.464,1.3598],[9.4653,1.4145],[9.4928,1.4266],[9.5527,1.4865],[9.5942,1.5722],[9.6148,1.588],[9.6592,1.5653],[9.6859,1.5688],[9.7445,1.6],[9.7243,1.599],[9.6834,1.5714],[9.6657,1.5756],[9.6223,1.6168],[9.6073,1.6444],[9.6175,1.6715],[9.6898,1.7502],[9.7181,1.7718],[9.743,1.8157],[9.7468,1.8399],[9.7637,1.8661],[9.7991,1.9011],[9.8097,1.935],[9.8058,1.9764],[9.7655,2.0854],[9.7666,2.1069],[9.7781,2.124],[9.7864,2.2481],[9.7669,2.3105],[9.8122,2.3536],[9.8192,2.3769],[9.8229,2.5629],[9.8532,2.697],[9.8743,2.7545],[9.8778,2.8814],[9.9033,2.9683],[9.9434,3.0231],[9.9557,3.0505],[9.958,3.0822],[9.9197,3.2281],[9.9021,3.2517],[9.9021,3.258],[9.9295,3.2648],[9.9295,3.2716],[9.9031,3.2729],[9.888,3.2852],[9.8553,3.3436],[9.7809,3.4368],[9.739,3.4731],[9.6421,3.539],[9.6886,3.5561],[9.7708,3.6187],[9.7928,3.6272],[9.8196,3.6279],[9.7876,3.6371],[9.7069,3.6005],[9.6384,3.5944],[9.6262,3.6],[9.6213,3.6128],[9.626,3.6265],[9.6421,3.6347],[9.6126,3.705],[9.5651,3.7709],[9.5459,3.8196],[9.5816,3.7878],[9.5942,3.7582],[9.6243,3.7502],[9.6626,3.7507],[9.611,3.7706],[9.5892,3.8096],[9.5921,3.8352],[9.6038,3.859],[9.6211,3.8748],[9.659,3.841],[9.6797,3.8361],[9.6898,3.8606],[9.7235,3.8438],[9.7445,3.8196],[9.7505,3.8408],[9.7383,3.8606],[9.752,3.8606],[9.6829,3.8904],[9.6763,3.909],[9.6892,3.9224],[9.715,3.9313],[9.7644,3.9363],[9.7581,3.95],[9.7644,3.9575],[9.6648,3.9404],[9.6346,3.9432],[9.6189,3.9604],[9.6237,3.9858],[9.6399,4.0088],[9.6756,4.0338],[9.7189,4.0996],[9.7483,4.1144],[9.7546,4.1357],[9.7195,4.1149],[9.7035,4.0939],[9.6966,4.0939],[9.6966,4.1144],[9.6789,4.101],[9.6284,4.0319],[9.5794,4.013],[9.5593,4.0168],[9.5596,4.0394],[9.5459,4.0257],[9.5266,4.0358],[9.5086,4.0542],[9.4985,4.0772],[9.5042,4.1008],[9.4901,4.1159],[9.4785,4.1114],[9.4504,4.0803],[9.4573,4.0711],[9.4844,4.0599],[9.4956,4.0315],[9.5236,4.0061],[9.5325,3.9894],[9.5186,3.9704],[9.4971,3.9777],[9.4769,3.9909],[9.4512,4.0228],[9.4504,4.0319],[9.4292,4.0266],[9.4224,4.0084],[9.4566,3.9841],[9.4504,3.9398],[9.4769,3.9158],[9.464,3.91],[9.3934,3.9043],[9.3435,3.9158],[9.3137,3.9309],[9.3026,3.965],[9.3076,4.0019],[9.3262,4.0319],[9.3014,4.0264],[9.2844,3.9923],[9.2503,3.9608],[9.2107,3.9643],[9.2106,4.0081],[9.1965,4.0189],[9.1234,4.0179],[8.9712,4.1008],[8.9694,4.129],[8.9885,4.1889],[8.991,4.2175],[8.9603,4.2459],[8.9363,4.2795],[8.919,4.3181],[8.8948,4.4605],[8.9001,4.4851],[8.9357,4.5533],[8.9006,4.5216],[8.8948,4.5359],[8.9043,4.5732],[8.9016,4.5874],[8.8719,4.6025],[8.8563,4.63],[8.8396,4.6426],[8.8357,4.6296],[8.8667,4.5827],[8.8737,4.56],[8.8678,4.5446],[8.8587,4.5408],[8.8506,4.5474],[8.847,4.5632],[8.7986,4.6011],[8.7995,4.5778],[8.8128,4.5664],[8.7996,4.5422],[8.7952,4.539],[8.7686,4.5531],[8.757,4.5651],[8.7241,4.5805],[8.7059,4.6347],[8.6613,4.6988],[8.6551,4.7383],[8.6387,4.7131],[8.6454,4.6841],[8.6605,4.654],[8.6857,4.5612],[8.7166,4.539],[8.7227,4.5131],[8.7017,4.5013],[8.5767,4.4919],[8.5654,4.4973],[8.5703,4.5097],[8.5938,4.5328],[8.5706,4.5386],[8.5627,4.5332],[8.5564,4.5117],[8.5256,4.5117],[8.5103,4.527],[8.5051,4.5509],[8.5099,4.5688],[8.5256,4.5664],[8.5521,4.6147],[8.5383,4.6046],[8.5257,4.6044],[8.5161,4.613],[8.5137,4.6423],[8.5386,4.6762],[8.5733,4.7041],[8.5676,4.7402],[8.5733,4.7525],[8.5801,4.7451],[8.5784,4.8047],[8.5946,4.8155],[8.5925,4.8202],[8.5767,4.8271],[8.5492,4.8042],[8.5317,4.7581],[8.5391,4.7338],[8.5298,4.7089],[8.5183,4.704],[8.469,4.7117],[8.4823,4.7383],[8.4802,4.7525],[8.4388,4.7383],[8.4092,4.7493],[8.4074,4.7768],[8.4219,4.8475],[8.4157,4.8475],[8.409,4.8134],[8.387,4.7958],[8.3584,4.7973],[8.3324,4.8209],[8.3399,4.8345],[8.312,4.8475],[8.3166,4.861],[8.3084,4.8721],[8.2562,4.9067],[8.2321,4.9537],[8.2088,4.9621],[8.1817,4.9914],[8.1755,4.9914],[8.1755,4.9853],[8.2302,4.9337],[8.2697,4.8687],[8.2736,4.8454],[8.2573,4.8345],[8.2739,4.8048],[8.3049,4.7773],[8.32,4.7344],[8.3324,4.7178],[8.321,4.6892],[8.3235,4.6656],[8.3535,4.6489],[8.3565,4.6256],[8.3215,4.5998],[8.2984,4.5533],[8.2886,4.5486],[8.032,4.5588],[7.9987,4.5414],[7.9793,4.539],[7.9353,4.539],[7.7645,4.5192],[7.7424,4.5263],[7.7229,4.5117],[7.7571,4.5049],[7.7031,4.4975],[7.6738,4.5022],[7.6609,4.5154],[7.647,4.5191],[7.5584,4.5253],[7.572,4.539],[7.5393,4.5418],[7.5374,4.5533],[7.5584,4.58],[7.5374,4.6079],[7.5448,4.6216],[7.5296,4.6389],[7.551,4.711],[7.5448,4.711],[7.5278,4.6986],[7.5174,4.6799],[7.5227,4.6441],[7.5142,4.6259],[7.5311,4.6011],[7.502,4.5727],[7.4792,4.5652],[7.4627,4.5738],[7.4541,4.5532],[7.4324,4.5554],[7.3977,4.5738],[7.3467,4.5803],[7.3246,4.5908],[7.312,4.6079],[7.281,4.6011],[7.2732,4.5839],[7.2637,4.58],[7.2637,4.5738],[7.2774,4.5664],[7.2712,4.56],[7.3333,4.5294],[7.3257,4.5117],[7.281,4.5049],[7.1904,4.6116],[7.1817,4.6321],[7.1789,4.6689],[7.1582,4.662],[7.1331,4.6632],[7.0991,4.6973],[7.0718,4.7581],[7.0576,4.7309],[7.0604,4.7207],[7.0786,4.711],[7.0979,4.6618],[7.1472,4.64],[7.1697,4.6059],[7.1734,4.5729],[7.1475,4.56],[7.1755,4.5364],[7.1846,4.519],[7.1782,4.5015],[7.1506,4.4706],[7.1336,4.463],[7.1128,4.4714],[7.1128,4.4509],[7.0806,4.4704],[7.0746,4.4853],[7.0786,4.5049],[7.0653,4.493],[7.0627,4.4763],[7.0786,4.4434],[7.044,4.4366],[7.0259,4.4849],[7.0233,4.5359],[7.0022,4.5799],[7.0178,4.5956],[7.0233,4.6489],[7.044,4.6426],[7.0173,4.6762],[7.0036,4.7178],[6.9849,4.6921],[6.9785,4.6924],[6.9627,4.7309],[6.9558,4.6837],[6.9893,4.6079],[6.9719,4.6091],[6.9627,4.6216],[6.949,4.6147],[6.9295,4.6511],[6.9006,4.6837],[6.9026,4.6669],[6.9336,4.6125],[6.9315,4.5959],[6.9212,4.5852],[6.9285,4.5738],[6.9385,4.5893],[6.957,4.5941],[6.9749,4.5897],[6.9831,4.5768],[6.9735,4.508],[6.9756,4.4844],[7.0237,4.3981],[7.0221,4.3885],[7.0066,4.3746],[6.9641,4.3896],[6.9695,4.3746],[6.9031,4.3966],[6.8801,4.3882],[6.8609,4.4157],[6.8592,4.4335],[6.8664,4.4509],[6.8493,4.4597],[6.8338,4.4859],[6.8186,4.5427],[6.8205,4.5609],[6.8442,4.5975],[6.8455,4.6286],[6.8032,4.6498],[6.7855,4.6833],[6.7702,4.7451],[6.7673,4.7697],[6.7879,4.8084],[6.7853,4.817],[6.7762,4.8178],[6.7639,4.8065],[6.7497,4.8345],[6.7328,4.8287],[6.7156,4.8345],[6.7268,4.7851],[6.7484,4.7717],[6.7556,4.7539],[6.7722,4.663],[6.7937,4.649],[6.8255,4.6011],[6.803,4.582],[6.7962,4.5597],[6.8161,4.4614],[6.826,4.432],[6.8397,4.4161],[6.8376,4.3929],[6.8708,4.3608],[6.846,4.3472],[6.7746,4.3389],[6.7376,4.3422],[6.7156,4.3547],[6.7163,4.4281],[6.7224,4.44],[6.7088,4.4571],[6.7088,4.4919],[6.7349,4.5678],[6.7361,4.6079],[6.7171,4.5846],[6.7018,4.5425],[6.6951,4.4972],[6.7019,4.4639],[6.6951,4.4229],[6.6826,4.4592],[6.6746,4.5328],[6.6541,4.5117],[6.6643,4.4346],[6.6945,4.3591],[6.6877,4.3366],[6.6185,4.3308],[6.6126,4.3367],[6.6017,4.369],[6.5959,4.4821],[6.5808,4.5079],[6.5505,4.5049],[6.5784,4.4829],[6.5884,4.4477],[6.5696,4.3349],[6.5199,4.3231],[6.4618,4.3287],[6.4343,4.3472],[6.4077,4.341],[6.4153,4.3223],[6.3989,4.316],[6.2705,4.2926],[6.2468,4.3205],[6.2671,4.363],[6.3325,4.4366],[6.2972,4.4366],[6.263,4.3957],[6.2585,4.4495],[6.2425,4.498],[6.2363,4.498],[6.237,4.4528],[6.2494,4.4099],[6.2199,4.4394],[6.2017,4.4434],[6.2302,4.388],[6.2223,4.3419],[6.2152,4.3273],[6.1947,4.3142],[6.1948,4.3],[6.2227,4.3],[6.2171,4.2906],[6.1887,4.281],[6.1516,4.279],[6.1265,4.2858],[6.1128,4.2722],[6.0967,4.2781],[6.0877,4.2882],[6.085,4.3205],[6.1053,4.3746],[6.085,4.3684],[6.0887,4.4111],[6.0554,4.4199],[6.0433,4.4161],[6.0403,4.4059],[6.0508,4.3684],[6.0466,4.3552],[6.0645,4.3168],[6.0618,4.2952],[6.027,4.3131],[5.9969,4.3194],[5.9955,4.3547],[6.0033,4.3592],[5.9886,4.382],[5.9886,4.4161],[5.9826,4.4161],[5.9751,4.382],[5.9546,4.3957],[5.9728,4.3448],[5.9614,4.3336],[5.9463,4.3352],[5.8675,4.3873],[5.8556,4.4116],[5.8659,4.4366],[5.8475,4.4344],[5.8454,4.4161],[5.8391,4.4161],[5.8228,4.4328],[5.7824,4.456],[5.7703,4.4714],[5.7975,4.4571],[5.7898,4.4697],[5.7498,4.4844],[5.694,4.5456],[5.5949,4.6365],[5.5669,4.6752],[5.5573,4.7178],[5.5715,4.711],[5.5715,4.7296],[5.5277,4.7565],[5.4754,4.8475],[5.5095,4.8271],[5.501,4.8509],[5.469,4.8868],[5.4413,4.9642],[5.4324,5.0109],[5.386,5.1256],[5.3909,5.1377],[5.4028,5.1424],[5.4338,5.1361],[5.4754,5.0945],[5.4543,5.1491],[5.4959,5.1423],[5.4509,5.1901],[5.4443,5.1635],[5.4133,5.1566],[5.3656,5.1635],[5.3611,5.254],[5.3402,5.3439],[5.3457,5.3572],[5.4543,5.3688],[5.468,5.3409],[5.4891,5.3688],[5.5296,5.3864],[5.5613,5.3889],[5.5779,5.382],[5.5369,5.4303],[5.5339,5.4764],[5.5536,5.4969],[5.6021,5.4993],[5.614,5.505],[5.6399,5.5402],[5.5962,5.5142],[5.5779,5.5197],[5.5641,5.5054],[5.541,5.5105],[5.5171,5.4986],[5.5032,5.4765],[5.5095,5.4508],[5.4849,5.4115],[5.4686,5.4078],[5.4474,5.4167],[5.436,5.4346],[5.4236,5.4365],[5.4183,5.4308],[5.4211,5.4178],[5.4338,5.3956],[5.376,5.3988],[5.2632,5.4365],[5.2502,5.4582],[5.198,5.5015],[5.1906,5.5229],[5.1912,5.5539],[5.2302,5.5825],[5.3281,5.5784],[5.3928,5.5606],[5.427,5.6221],[5.44,5.6277],[5.4558,5.6274],[5.4817,5.6153],[5.4925,5.5812],[5.5029,5.5818],[5.5095,5.6016],[5.5021,5.6173],[5.4649,5.6486],[5.4474,5.6562],[5.4285,5.6558],[5.396,5.6059],[5.3615,5.5937],[5.345,5.5948],[5.326,5.6054],[5.3179,5.6196],[5.3182,5.6367],[5.3392,5.7059],[5.3376,5.7246],[5.3314,5.7246],[5.304,5.6501],[5.2803,5.6175],[5.2283,5.6056],[5.1797,5.5826],[5.1602,5.5948],[5.1292,5.6281],[5.0886,5.7087],[5.0874,5.7521],[5.1027,5.7932],[5.115,5.8009],[5.154,5.7792],[5.1592,5.7856],[5.154,5.8145],[5.1854,5.842],[5.2674,5.8719],[5.2904,5.9101],[5.2695,5.9064],[5.2354,5.8759],[5.1958,5.864],[5.12,5.8242],[5.055,5.7666],[5.0447,5.7675],[5.0073,5.8492],[4.8859,6.0065],[4.8655,6.0256],[4.8262,6.0425],[4.7827,6.1025],[4.7478,6.1389],[4.6087,6.2318],[4.5474,6.289],[4.509,6.3135],[4.4055,6.3589],[4.1258,6.4103],[3.8703,6.4316],[3.4436,6.4103],[3.4212,6.414],[3.3849,6.4445],[3.4011,6.451],[3.4129,6.4445],[3.4285,6.4587],[3.4402,6.4234],[3.4754,6.4556],[3.4924,6.4465],[3.5414,6.4548],[3.5706,6.4787],[3.5708,6.5093],[3.6213,6.5128],[3.6868,6.5311],[3.7002,6.5271],[3.7427,6.5478],[3.7568,6.5638],[3.7622,6.5852],[3.8579,6.6022],[3.844,6.6108],[3.7737,6.6224],[3.7175,6.6011],[3.6638,6.5702],[3.6152,6.5544],[3.5867,6.5529],[3.5283,6.5278],[3.488,6.5333],[3.4785,6.5414],[3.4733,6.5666],[3.4812,6.6022],[3.4299,6.5578],[3.4024,6.5522],[3.3986,6.5439],[3.406,6.5128],[3.3811,6.4616],[3.3698,6.45],[3.3895,6.42],[3.3845,6.3977],[3.3262,6.3914],[3.2142,6.3967],[3.0824,6.3815],[2.9277,6.3891],[2.307,6.3315],[2.2268,6.3137],[1.8845,6.2748],[1.6193,6.2138],[1.4295,6.182],[1.271,6.1337],[1.1784,6.098],[1.1331,6.0736],[1.0988,6.047],[1.048,5.9927],[1.0117,5.9263],[0.9953,5.8393],[0.9866,5.8207],[0.9548,5.7911],[0.9144,5.7771],[0.7235,5.7554],[0.3649,5.7815],[0.322,5.7792],[0.286,5.7689],[0.2759,5.7602],[0.2433,5.7562],[0.2244,5.7426],[0.1574,5.7246],[0.1146,5.6887],[0.0757,5.6776],[0.0345,5.6284],[-0.045,5.6016],[-0.0686,5.5812],[-0.3716,5.4927],[-0.4451,5.4314],[-0.4716,5.3908],[-0.5074,5.3688],[-0.5893,5.3515],[-0.6129,5.332],[-0.6295,5.3267],[-0.6378,5.3409],[-0.7023,5.3],[-0.7995,5.2148],[-0.8739,5.204],[-0.8968,5.205],[-0.9115,5.218],[-0.9277,5.2061],[-0.9766,5.1983],[-0.9884,5.1988],[-0.9971,5.2168],[-1.1541,5.1539],[-1.1737,5.1306],[-1.2336,5.1007],[-1.3192,5.0945],[-1.364,5.0734],[-1.4049,5.0734],[-1.4597,5.0498],[-1.5293,5.0399],[-1.5695,5.0188],[-1.5839,5.0254],[-1.6185,5.0224],[-1.6308,5.0126],[-1.6255,4.9895],[-1.634,4.9744],[-1.7188,4.9277],[-1.7477,4.8959],[-1.7486,4.8772],[-1.8354,4.8551],[-1.9121,4.8209],[-1.9523,4.7724],[-1.9814,4.7524],[-2.0638,4.7382],[-2.0966,4.7385],[-2.1039,4.7451],[-2.108,4.7756],[-2.1554,4.7861],[-2.1637,4.8005],[-2.2063,4.8345],[-2.237,4.8492],[-2.2528,4.8791],[-2.3566,4.9196],[-2.5258,4.9544],[-2.6904,5.0102],[-2.8209,5.0201],[-2.965,5.0453],[-3.1037,5.0877],[-3.1638,5.1015],[-3.2621,5.111],[-3.2764,5.1181],[-3.2723,5.1324],[-3.2341,5.1635],[-3.2074,5.1566],[-3.1932,5.1361],[-3.1634,5.1255],[-3.1551,5.1279],[-3.1317,5.1081],[-3.0876,5.115],[-3.0161,5.1144],[-2.9945,5.1081],[-2.9709,5.0809],[-2.9263,5.0945],[-2.929,5.122],[-2.8437,5.1491],[-2.8462,5.177],[-2.8794,5.1813],[-2.9467,5.1771],[-2.9385,5.1569],[-2.9435,5.1368],[-2.958,5.1212],[-2.9778,5.115],[-3.0628,5.1566],[-3.1224,5.15],[-3.1391,5.1423],[-3.1625,5.1841],[-3.2051,5.2187],[-3.1727,5.2522],[-3.1591,5.3074],[-3.1279,5.3249],[-3.1278,5.3596],[-3.1344,5.3668],[-3.1627,5.3688],[-3.1898,5.3546],[-3.2205,5.362],[-3.2621,5.3409],[-3.2469,5.2976],[-3.2543,5.2836],[-3.2826,5.2802],[-3.2782,5.2654],[-3.2894,5.2522],[-3.2731,5.2412],[-3.241,5.2385],[-3.241,5.2317],[-3.2758,5.2255],[-3.303,5.1901],[-3.3136,5.1973],[-3.3207,5.1935],[-3.319,5.1848],[-3.303,5.1771],[-3.309,5.1638],[-3.3031,5.1557],[-3.2758,5.1491],[-3.3122,5.1199],[-3.378,5.1232],[-3.632,5.1771],[-3.7101,5.1861],[-3.7214,5.1938],[-3.7173,5.2102],[-3.7289,5.2255],[-3.7214,5.2385],[-3.7397,5.2171],[-3.748,5.1901],[-3.7869,5.199],[-3.8275,5.1976],[-3.8859,5.2255],[-3.987,5.244],[-4.0019,5.2665],[-3.9834,5.2603],[-3.9623,5.2624],[-3.9438,5.2718],[-3.933,5.2869],[-3.9029,5.259],[-3.8937,5.2675],[-3.8995,5.2869],[-3.8512,5.2698],[-3.8341,5.2729],[-3.7754,5.2448],[-3.7822,5.2665],[-3.7398,5.2624],[-3.7289,5.2665],[-3.7157,5.2823],[-3.7419,5.3105],[-3.7589,5.3662],[-3.8049,5.376],[-3.8133,5.3744],[-3.814,5.3598],[-3.7927,5.3446],[-3.7523,5.2946],[-3.735,5.2869],[-3.744,5.274],[-3.7763,5.279],[-3.7965,5.2727],[-3.809,5.2878],[-3.8443,5.2932],[-3.8667,5.3036],[-3.8784,5.3266],[-3.892,5.3136],[-3.8995,5.3484],[-3.9063,5.3484],[-3.9126,5.3222],[-3.921,5.3162],[-3.933,5.3205],[-3.9516,5.3129],[-3.9746,5.3205],[-4.0093,5.3136],[-3.984,5.3009],[-3.9547,5.3074],[-3.9405,5.2932],[-3.971,5.273],[-3.9891,5.2691],[-4.0609,5.2995],[-4.0785,5.2878],[-4.1255,5.3074],[-4.1601,5.2934],[-4.1739,5.3],[-4.1862,5.2941],[-4.2006,5.3074],[-4.241,5.2839],[-4.2558,5.2869],[-4.2489,5.3074],[-4.2746,5.3124],[-4.2974,5.3],[-4.3214,5.311],[-4.3276,5.2952],[-4.3513,5.2727],[-4.3924,5.3],[-4.4238,5.2816],[-4.4339,5.2932],[-4.4265,5.3],[-4.4635,5.2982],[-4.4777,5.2913],[-4.4817,5.2727],[-4.4638,5.2761],[-4.4537,5.259],[-4.5438,5.2665],[-4.5636,5.3],[-4.5697,5.2825],[-4.5575,5.2665],[-4.5892,5.2566],[-4.6121,5.2385],[-4.6306,5.2506],[-4.652,5.2492],[-4.6872,5.2317],[-4.7145,5.2522],[-4.7028,5.2574],[-4.6673,5.2522],[-4.6726,5.2681],[-4.6872,5.2727],[-4.6872,5.2802],[-4.6704,5.2919],[-4.6673,5.3136],[-4.6735,5.3136],[-4.6858,5.2906],[-4.7025,5.2783],[-4.7493,5.2727],[-4.7222,5.2523],[-4.7422,5.2346],[-4.8038,5.2044],[-4.8086,5.1805],[-4.7834,5.1703],[-4.7477,5.1723],[-4.7375,5.1793],[-4.7424,5.1976],[-4.7047,5.2113],[-4.6872,5.1976],[-4.6545,5.2094],[-4.6083,5.2112],[-4.5848,5.1976],[-4.5596,5.197],[-4.5364,5.2044],[-4.5588,5.2042],[-4.5683,5.2087],[-4.571,5.218],[-4.5301,5.2317],[-4.5301,5.218],[-4.5227,5.218],[-4.5006,5.2287],[-4.4416,5.225],[-4.4128,5.2385],[-4.4081,5.2236],[-4.3856,5.2522],[-4.3378,5.2409],[-4.3247,5.2522],[-4.3058,5.2446],[-4.2252,5.2624],[-4.1838,5.2802],[-4.0605,5.2834],[-4.0292,5.2727],[-4.0702,5.2665],[-3.9958,5.2317],[-4.6205,5.1807],[-4.7847,5.1439],[-4.8754,5.1362],[-4.8926,5.1286],[-4.9152,5.1364],[-4.982,5.1361],[-4.982,5.1423],[-4.969,5.1423],[-4.969,5.1491],[-4.9971,5.1487],[-5.0099,5.1976],[-4.9971,5.2128],[-5.0098,5.2161],[-5.0821,5.2036],[-5.1123,5.1833],[-5.1579,5.2122],[-5.1914,5.2192],[-5.2216,5.2112],[-5.2358,5.2255],[-5.253,5.2141],[-5.2899,5.2277],[-5.3215,5.2302],[-5.3282,5.2165],[-5.324,5.2044],[-5.3383,5.2112],[-5.3383,5.1976],[-5.3301,5.1999],[-5.324,5.1901],[-5.2974,5.1976],[-5.2974,5.1901],[-5.3383,5.1635],[-5.3383,5.1833],[-5.3594,5.1286],[-5.3929,5.1771],[-5.4004,5.1771],[-5.4004,5.1635],[-5.4139,5.1703],[-5.399,5.142],[-5.3579,5.1235],[-5.3088,5.1182],[-5.2694,5.1286],[-5.2855,5.1408],[-5.3201,5.1376],[-5.3383,5.1423],[-5.3383,5.1491],[-5.3126,5.1526],[-5.2831,5.1771],[-5.2355,5.1613],[-5.2216,5.1703],[-5.1971,5.1601],[-5.1869,5.1643],[-5.1807,5.1771],[-5.199,5.1744],[-5.2138,5.193],[-5.2284,5.1976],[-5.2284,5.2044],[-5.2148,5.1976],[-5.1814,5.2023],[-5.1208,5.167],[-5.095,5.1737],[-5.0809,5.1848],[-5.0332,5.1833],[-5.0149,5.1401],[-5.0024,5.1286],[-5.2554,5.121],[-5.2943,5.106],[-5.4957,5.0953],[-5.5248,5.0998],[-5.5505,5.115],[-5.5784,5.0945],[-5.5505,5.0877],[-5.6302,5.0632],[-5.8513,5.03],[-5.9714,4.9926],[-5.9956,4.9748],[-6.0597,4.9558],[-6.1386,4.9152],[-6.4122,4.8239],[-6.4266,4.802],[-6.4415,4.7939],[-6.5839,4.7604],[-6.6268,4.7246],[-6.7533,4.6873],[-6.8537,4.6806],[-6.9031,4.662],[-6.996,4.5765],[-7.0582,4.539],[-7.0992,4.5265],[-7.1735,4.5188],[-7.2328,4.4933],[-7.2452,4.4849],[-7.2552,4.4655],[-7.2882,4.4605],[-7.3599,4.4161],[-7.4387,4.351],[-7.4568,4.3441],[-7.5243,4.3547],[-7.5933,4.3472],[-7.6444,4.3615],[-7.7127,4.3615],[-7.7332,4.382],[-7.7495,4.3832],[-7.801,4.4063],[-7.8329,4.4522],[-7.8629,4.4614],[-7.8868,4.4802],[-7.9145,4.4865],[-7.942,4.5049],[-8.0375,4.5288],[-8.1003,4.5533],[-8.222,4.5681],[-8.2573,4.58],[-8.3002,4.6273],[-8.4385,4.6762],[-8.55,4.7549],[-8.6075,4.7869],[-8.7471,4.8377],[-8.7781,4.8543],[-8.8743,4.9301],[-8.9361,4.9554],[-8.9913,4.9675],[-9.032,4.9914],[-9.0258,4.9989],[-9.0697,5.011],[-9.105,5.0316],[-9.1623,5.0809],[-9.2787,5.1457],[-9.292,5.1635],[-9.279,5.1635],[-9.2921,5.1816],[-9.3541,5.2112],[-9.4708,5.3205],[-9.4885,5.3716],[-9.508,5.3996],[-9.5418,5.4198],[-9.5937,5.4303],[-9.595,5.44],[-9.5807,5.4645],[-9.597,5.4883],[-9.6968,5.5464],[-9.8421,5.6855],[-9.9796,5.7981],[-10.0152,5.8381],[-10.0462,5.8617],[-10.0462,5.8964],[-10.0555,5.9118],[-10.0713,5.9248],[-10.115,5.9433],[-10.1857,5.9991],[-10.2266,6.0436],[-10.2799,6.077],[-10.3537,6.1024],[-10.3641,6.1157],[-10.3615,6.1292],[-10.3445,6.1227],[-10.3336,6.1361],[-10.3536,6.1406],[-10.3956,6.177],[-10.4447,6.2038],[-10.4639,6.205],[-10.4639,6.1975],[-10.4122,6.171],[-10.3894,6.1522],[-10.3819,6.1292],[-10.3971,6.1479],[-10.4567,6.1775],[-10.6594,6.2275],[-10.7883,6.293],[-10.8079,6.3109],[-10.8004,6.3278],[-10.7904,6.3139],[-10.7724,6.3074],[-10.7891,6.3349],[-10.7923,6.359],[-10.7823,6.3814],[-10.7594,6.4042],[-10.7841,6.4013],[-10.8004,6.3899],[-10.8243,6.4377],[-10.8573,6.4728],[-10.8959,6.499],[-11.0536,6.5842],[-11.2331,6.6481],[-11.3532,6.7012],[-11.3749,6.7269],[-11.3683,6.8113],[-11.3819,6.8368],[-11.4411,6.8733],[-11.4928,6.9328],[-11.5339,6.9421],[-11.588,6.9789],[-11.5743,6.9826],[-11.5675,6.9926],[-11.5955,6.9933],[-11.6221,6.9858],[-11.6312,7.0082],[-11.6982,7.067],[-11.8396,7.149],[-12.3148,7.329],[-12.5066,7.3898],[-12.4762,7.4151],[-12.4396,7.4165],[-12.3695,7.3898],[-12.3759,7.405],[-12.401,7.4125],[-12.4172,7.4308],[-12.4465,7.4391],[-12.4643,7.4296],[-12.4892,7.4451],[-12.4924,7.4536],[-12.4708,7.4912],[-12.4283,7.5336],[-12.4104,7.5277],[-12.3387,7.5407],[-12.3148,7.5277],[-12.2951,7.5331],[-12.2589,7.5524],[-12.2322,7.5537],[-12.2384,7.568],[-12.1881,7.5831],[-12.1838,7.6027],[-12.218,7.5959],[-12.2255,7.609],[-12.2563,7.6052],[-12.2693,7.5864],[-12.4036,7.5475],[-12.4637,7.562],[-12.4763,7.6022],[-12.493,7.6164],[-12.4852,7.633],[-12.4855,7.6505],[-12.5004,7.6391],[-12.5196,7.6443],[-12.5196,7.6301],[-12.5439,7.6536],[-12.5314,7.6871],[-12.493,7.7399],[-12.4713,7.7263],[-12.465,7.7331],[-12.4718,7.76],[-12.4659,7.7706],[-12.452,7.7741],[-12.4722,7.7877],[-12.4901,7.7719],[-12.5196,7.7263],[-12.5695,7.6955],[-12.6019,7.6838],[-12.6164,7.6952],[-12.7012,7.7081],[-12.7781,7.7558],[-12.7872,7.7741],[-12.7875,7.8046],[-12.7598,7.8218],[-12.8287,7.7983],[-12.8759,7.8287],[-12.8986,7.8657],[-12.9246,7.8749],[-12.9591,7.9112],[-12.8867,7.9385],[-12.8213,7.9174],[-12.8884,7.9753],[-12.9118,8.0307],[-12.8952,8.0796],[-12.8759,8.103],[-12.9081,8.1074],[-12.9215,8.1199],[-12.9448,8.1645],[-12.9811,8.1862],[-12.9851,8.2167],[-12.9721,8.2539],[-12.9994,8.2402],[-13.0677,8.2333],[-13.0904,8.2246],[-13.1639,8.1713],[-13.1688,8.263],[-13.1639,8.2744],[-13.1756,8.2838],[-13.2103,8.3391],[-13.2239,8.3456],[-13.231,8.3638],[-13.2742,8.4209],[-13.2868,8.4245],[-13.2685,8.4499],[-13.267,8.4627],[-13.2868,8.5002],[-13.2595,8.4934],[-13.2527,8.4975],[-13.2458,8.4866],[-13.2289,8.4937],[-13.193,8.4878],[-13.1649,8.465],[-13.1444,8.4312],[-13.11,8.4132],[-13.0604,8.3727],[-13.0336,8.3767],[-13.0336,8.3835],[-13.0638,8.3992],[-13.0677,8.4109],[-13.0541,8.4109],[-13.0541,8.4177],[-13.111,8.4338],[-13.1256,8.449],[-13.1161,8.473],[-13.0615,8.5002],[-13.0399,8.5268],[-13.0267,8.5207],[-13.0242,8.5432],[-13.0131,8.5617],[-12.9072,8.548],[-12.8697,8.5692],[-12.9281,8.5722],[-12.9311,8.5828],[-12.9119,8.6068],[-12.8759,8.6852],[-12.9364,8.607],[-12.9721,8.5964],[-13.0181,8.6002],[-13.0439,8.5847],[-13.0618,8.5832],[-13.0785,8.589],[-13.0888,8.6027],[-13.0663,8.6068],[-13.0443,8.6334],[-13.0267,8.6442],[-13.0267,8.6511],[-13.0541,8.6647],[-13.0635,8.6339],[-13.0819,8.6169],[-13.098,8.6219],[-13.1304,8.6579],[-13.1484,8.6534],[-13.1577,8.671],[-13.1626,8.654],[-13.1543,8.6431],[-13.1229,8.6306],[-13.1366,8.6238],[-13.109,8.6033],[-13.1075,8.581],[-13.1434,8.5418],[-13.1393,8.5245],[-13.1441,8.5174],[-13.1543,8.5146],[-13.1685,8.5252],[-13.1951,8.5692],[-13.2169,8.6326],[-13.2412,8.6722],[-13.2402,8.7194],[-13.2352,8.7199],[-13.2402,8.8258],[-13.2123,8.8571],[-13.2009,8.8598],[-13.185,8.8435],[-13.1081,8.8441],[-13.0431,8.8583],[-12.9857,8.8571],[-13.027,8.8697],[-13.0411,8.8612],[-13.0888,8.8702],[-13.1304,8.8641],[-13.1398,8.8814],[-13.1577,8.8845],[-13.1426,8.9167],[-13.1226,8.926],[-13.0751,8.9316],[-13.0751,8.9391],[-13.0925,8.9446],[-13.181,8.923],[-13.2061,8.9284],[-13.2257,8.9425],[-13.2328,8.9664],[-13.2402,8.9521],[-13.2549,8.9664],[-13.267,8.9521],[-13.2884,8.9695],[-13.285,9.017],[-13.3011,9.0415],[-13.3216,9.0566],[-13.3222,9.0831],[-13.3006,9.0846],[-13.3011,9.0961],[-13.2738,9.124],[-13.2431,9.1697],[-13.2259,9.1793],[-13.1761,9.1737],[-13.1577,9.1793],[-13.1577,9.1855],[-13.2473,9.186],[-13.2595,9.1964],[-13.2458,9.2134],[-13.2328,9.2674],[-13.2549,9.2448],[-13.2806,9.165],[-13.3153,9.1821],[-13.3222,9.1929],[-13.3136,9.1979],[-13.3147,9.2333],[-13.3079,9.2503],[-13.3222,9.2612],[-13.3253,9.311],[-13.3187,9.3295],[-13.3011,9.3159],[-13.3011,9.3568],[-13.3529,9.3388],[-13.3745,9.2728],[-13.4078,9.287],[-13.412,9.2934],[-13.4041,9.3084],[-13.4238,9.3329],[-13.432,9.3711],[-13.3966,9.4394],[-13.4284,9.4207],[-13.4654,9.4182],[-13.4992,9.4288],[-13.514,9.4496],[-13.5207,9.4951],[-13.4932,9.5349],[-13.4867,9.5691],[-13.4935,9.5691],[-13.529,9.5057],[-13.5475,9.5002],[-13.5753,9.5272],[-13.5884,9.5691],[-13.678,9.5227],[-13.7143,9.5076],[-13.7262,9.5111],[-13.7241,9.5195],[-13.7058,9.5281],[-13.6527,9.5972],[-13.6258,9.6473],[-13.6232,9.7274],[-13.6049,9.7374],[-13.5954,9.755],[-13.5665,9.7711],[-13.5611,9.7882],[-13.5943,9.7742],[-13.6041,9.7802],[-13.6478,9.8315],[-13.6512,9.8428],[-13.6648,9.8366],[-13.6505,9.777],[-13.6613,9.7545],[-13.6921,9.7404],[-13.7289,9.7441],[-13.7472,9.7678],[-13.7498,9.7999],[-13.7399,9.8292],[-13.6983,9.8808],[-13.682,9.9135],[-13.6853,9.9465],[-13.694,9.9538],[-13.702,9.9117],[-13.7497,9.8635],[-13.7847,9.8502],[-13.8277,9.8554],[-13.8428,9.8608],[-13.8861,9.9122],[-13.9276,9.9359],[-13.9454,9.9669],[-13.9795,9.9744],[-14.0067,10.001],[-14.043,10.0128],[-14.0583,10.0253],[-14.0619,10.0501],[-14.0461,10.0795],[-14.0203,10.0944],[-13.9938,10.0762],[-14.0282,10.1166],[-14.0416,10.1013],[-14.0683,10.1181],[-14.0655,10.1246],[-14.0438,10.1332],[-13.9999,10.1997],[-14.0145,10.1928],[-14.0447,10.1622],[-14.0893,10.1383],[-14.0923,10.0686],[-14.1134,10.051],[-14.1303,10.0489],[-14.1532,10.0557],[-14.1705,10.0708],[-14.1798,10.0903],[-14.1788,10.1103],[-14.1236,10.1626],[-14.1378,10.1792],[-14.1417,10.1645],[-14.1531,10.1563],[-14.1849,10.1519],[-14.1825,10.1295],[-14.2002,10.1127],[-14.2224,10.1061],[-14.2506,10.1405],[-14.2538,10.1553],[-14.2401,10.1751],[-14.2439,10.1823],[-14.259,10.1796],[-14.2701,10.1597],[-14.3627,10.2312],[-14.3767,10.2344],[-14.4186,10.228],[-14.432,10.2344],[-14.4525,10.2146],[-14.4626,10.2252],[-14.4661,10.272],[-14.4582,10.3043],[-14.463,10.33],[-14.5373,10.4036],[-14.548,10.4256],[-14.5505,10.4721],[-14.5455,10.495],[-14.535,10.5082],[-14.5514,10.5068],[-14.5828,10.4809],[-14.6135,10.4734],[-14.629,10.4763],[-14.6374,10.4877],[-14.6443,10.4877],[-14.6512,10.4751],[-14.6578,10.4796],[-14.6647,10.5116],[-14.6505,10.5703],[-14.6394,10.5666],[-14.5964,10.6037],[-14.6206,10.6043],[-14.6287,10.6173],[-14.6152,10.6913],[-14.6073,10.7054],[-14.5902,10.6994],[-14.5883,10.7143],[-14.5685,10.731],[-14.5555,10.7757],[-14.5313,10.8235],[-14.5174,10.829],[-14.5097,10.8425],[-14.5139,10.8719],[-14.5002,10.8911],[-14.5199,10.8854],[-14.5214,10.8508],[-14.5735,10.8124],[-14.6297,10.7064],[-14.6861,10.6482],[-14.6998,10.6431],[-14.7057,10.6553],[-14.7037,10.6708],[-14.6981,10.6818],[-14.6783,10.6931],[-14.6918,10.6945],[-14.7057,10.6863],[-14.7193,10.6994],[-14.6991,10.7563],[-14.6514,10.81],[-14.6647,10.8166],[-14.7231,10.7651],[-14.7464,10.7108],[-14.7603,10.6994],[-14.7928,10.745],[-14.7951,10.7683],[-14.7816,10.7678],[-14.77,10.7769],[-14.7541,10.803],[-14.7405,10.8719],[-14.7589,10.8585],[-14.7726,10.8365],[-14.8087,10.8235],[-14.8091,10.8456],[-14.8013,10.8644],[-14.808,10.8825],[-14.7951,10.8986],[-14.8139,10.9003],[-14.8197,10.912],[-14.8168,10.9272],[-14.7961,10.9476],[-14.7318,10.9665],[-14.7163,11.001],[-14.6995,11.0055],[-14.6808,11.0275],[-14.6647,11.0358],[-14.6852,11.0637],[-14.695,11.0385],[-14.7268,11.0258],[-14.7415,10.9891],[-14.7568,10.9812],[-14.7746,10.988],[-14.8013,10.9805],[-14.7955,10.9997],[-14.8013,11.0119],[-14.8107,11.0145],[-14.8435,10.9675],[-14.8746,10.9733],[-14.8944,11.0303],[-14.9186,11.029],[-14.9015,11.0117],[-14.8988,10.9932],[-14.9111,10.96],[-14.932,10.9757],[-14.9596,10.9805],[-14.9144,10.9423],[-14.9111,10.9259],[-14.9398,10.8891],[-14.9581,10.8762],[-14.9801,10.875],[-14.9732,10.8542],[-14.9732,10.8201],[-14.9502,10.8038],[-14.9477,10.7876],[-14.9596,10.7683],[-15.0139,10.7826],[-15.0316,10.7928],[-15.0694,10.8371],[-15.0811,10.8782],[-15.0589,10.916],[-15.0278,10.9293],[-15.0148,10.96],[-15.021,10.9675],[-15.0598,10.9404],[-15.0852,10.9276],[-15.0968,10.9293],[-15.094,10.9425],[-15.0694,10.96],[-15.0483,10.9948],[-15.0558,10.9948],[-15.0651,10.9774],[-15.0831,10.9675],[-15.1058,10.9694],[-15.1172,10.9843],[-15.0994,11.0577],[-15.0828,11.0754],[-15.0657,11.1146],[-15.0421,11.1183],[-15.0421,11.1388],[-15.0006,11.1422],[-15.0076,11.1574],[-15.021,11.1661],[-14.9997,11.199],[-15.0009,11.2168],[-15.0148,11.2275],[-15.0238,11.2015],[-15.0387,11.1826],[-15.0587,11.1708],[-15.0831,11.1661],[-15.0775,11.1501],[-15.0819,11.1402],[-15.0918,11.1381],[-15.1029,11.1457],[-15.1103,11.1251],[-15.1246,11.132],[-15.1308,11.1037],[-15.1548,11.087],[-15.2069,11.0096],[-15.2301,10.9948],[-15.2585,11.0136],[-15.2711,11.0392],[-15.2302,11.0618],[-15.2145,11.0814],[-15.2066,11.1251],[-15.2174,11.2094],[-15.2066,11.2338],[-15.2291,11.2304],[-15.235,11.2156],[-15.2251,11.164],[-15.2335,11.1225],[-15.2593,11.1326],[-15.2947,11.132],[-15.3226,11.1457],[-15.3582,11.1442],[-15.3735,11.1738],[-15.4095,11.1896],[-15.4101,11.2792],[-15.4261,11.2865],[-15.4189,11.3271],[-15.3886,11.3699],[-15.3779,11.3784],[-15.3513,11.3676],[-15.3297,11.3685],[-15.2954,11.3908],[-15.2681,11.433],[-15.3431,11.3784],[-15.3585,11.3874],[-15.3617,11.3991],[-15.3568,11.4296],[-15.331,11.4626],[-15.3363,11.4678],[-15.3534,11.4633],[-15.3664,11.4508],[-15.3842,11.4047],[-15.4263,11.3852],[-15.4495,11.3471],[-15.4943,11.3339],[-15.5027,11.3367],[-15.504,11.3686],[-15.481,11.4194],[-15.453,11.4604],[-15.4705,11.4611],[-15.4767,11.468],[-15.4735,11.4945],[-15.4568,11.4891],[-15.4387,11.5019],[-15.4325,11.4808],[-15.4206,11.5053],[-15.4123,11.5077],[-15.4053,11.4945],[-15.3978,11.4945],[-15.412,11.5292],[-15.4053,11.536],[-15.3544,11.5251],[-15.3489,11.5283],[-15.3568,11.5429],[-15.35,11.5634],[-15.3431,11.5634],[-15.3351,11.5524],[-15.3096,11.5539],[-15.309,11.536],[-15.2899,11.5428],[-15.2904,11.5563],[-15.3165,11.5838],[-15.3363,11.577],[-15.3363,11.5838],[-15.2947,11.6049],[-15.2748,11.5781],[-15.2585,11.5703],[-15.2401,11.577],[-15.2523,11.5788],[-15.2538,11.6049],[-15.2773,11.6116],[-15.2811,11.6248],[-15.2401,11.6118],[-15.2265,11.6186],[-15.2339,11.5913],[-15.2091,11.574],[-15.2016,11.5754],[-15.1923,11.5913],[-15.2128,11.6217],[-15.1944,11.6428],[-15.1861,11.6459],[-15.1484,11.6288],[-15.144,11.5981],[-15.1246,11.6049],[-15.1308,11.6186],[-15.1159,11.6177],[-15.0899,11.5913],[-15.144,11.5838],[-15.1246,11.5702],[-15.1289,11.5544],[-15.1233,11.5455],[-15.1147,11.5463],[-15.1051,11.5729],[-15.0445,11.5754],[-15.0238,11.5827],[-15.0073,11.6118],[-15.0392,11.5991],[-15.0799,11.598],[-15.081,11.6129],[-15.062,11.6186],[-15.0662,11.633],[-15.062,11.6459],[-15.0734,11.6485],[-15.0824,11.6433],[-15.0899,11.6186],[-15.1036,11.634],[-15.1246,11.6385],[-15.1246,11.6459],[-15.1029,11.6664],[-15.1103,11.6868],[-15.1172,11.6868],[-15.1308,11.6527],[-15.1428,11.6499],[-15.1719,11.6596],[-15.1614,11.6749],[-15.1352,11.6895],[-15.1308,11.708],[-15.1487,11.6945],[-15.1719,11.7011],[-15.1758,11.6845],[-15.1923,11.6801],[-15.1893,11.6655],[-15.1967,11.6615],[-15.2069,11.6668],[-15.2128,11.6801],[-15.228,11.6586],[-15.2363,11.6643],[-15.2314,11.6813],[-15.2066,11.6937],[-15.2191,11.7082],[-15.2128,11.7279],[-15.1861,11.7216],[-15.1995,11.7445],[-15.2265,11.7551],[-15.2414,11.7121],[-15.2401,11.6937],[-15.2593,11.6768],[-15.2742,11.6766],[-15.2612,11.7011],[-15.2729,11.7062],[-15.275,11.7185],[-15.2681,11.7484],[-15.2841,11.7341],[-15.2886,11.7111],[-15.3226,11.708],[-15.309,11.7011],[-15.309,11.6937],[-15.2811,11.6698],[-15.285,11.6564],[-15.2939,11.6531],[-15.309,11.6664],[-15.3226,11.6323],[-15.3364,11.6844],[-15.35,11.6801],[-15.3431,11.6664],[-15.3568,11.6664],[-15.3529,11.6401],[-15.3363,11.6186],[-15.3431,11.6049],[-15.3716,11.6297],[-15.3916,11.6596],[-15.3947,11.6419],[-15.3711,11.5913],[-15.3916,11.5981],[-15.3961,11.5846],[-15.4045,11.5845],[-15.4116,11.5946],[-15.412,11.6118],[-15.4189,11.6118],[-15.4263,11.5702],[-15.4387,11.577],[-15.4387,11.5571],[-15.4491,11.5638],[-15.4689,11.6058],[-15.453,11.6217],[-15.4285,11.6705],[-15.4263,11.6937],[-15.4761,11.6544],[-15.494,11.6664],[-15.4878,11.708],[-15.5089,11.7045],[-15.5381,11.6762],[-15.5423,11.6834],[-15.5514,11.7331],[-15.5179,11.7927],[-15.4631,11.84],[-15.4574,11.8647],[-15.4387,11.8854],[-15.4189,11.8712],[-15.4101,11.8842],[-15.3978,11.8854],[-15.3127,11.8712],[-15.1892,11.8712],[-15.1619,11.893],[-15.1356,11.8992],[-15.0899,11.9401],[-15.067,11.9401],[-15.0629,11.925],[-15.0871,11.8703],[-15.0864,11.8454],[-15.0694,11.8036],[-15.0026,11.7835],[-14.9824,11.7541],[-14.9591,11.7489],[-14.9359,11.753],[-14.9254,11.7694],[-14.9514,11.7606],[-14.9968,11.8104],[-15.0264,11.8139],[-15.0467,11.8235],[-15.0702,11.8607],[-15.0421,11.8961],[-15.0231,11.9511],[-14.9938,11.9572],[-14.994,11.9637],[-15.0176,11.9815],[-15.0466,11.9765],[-15.0797,11.9879],[-15.1408,11.9612],[-15.1923,11.9134],[-15.2151,11.9096],[-15.3131,11.9328],[-15.3585,11.9632],[-15.4044,11.9672],[-15.4263,11.9612],[-15.4565,11.9401],[-15.4974,11.937],[-15.5287,11.906],[-15.5554,11.893],[-15.5933,11.8445],[-15.6796,11.8036],[-15.7443,11.7919],[-15.8113,11.7532],[-15.8304,11.7484],[-15.8099,11.8295],[-15.7915,11.8632],[-15.7342,11.8581],[-15.7342,11.865],[-15.753,11.8661],[-15.7764,11.8857],[-15.7956,11.8854],[-15.8116,11.8737],[-15.8178,11.8376],[-15.8502,11.7753],[-15.8605,11.7694],[-15.88,11.7744],[-15.8841,11.7871],[-15.8776,11.824],[-15.8943,11.8162],[-15.9055,11.7619],[-15.959,11.7348],[-15.9696,11.7683],[-15.9464,11.824],[-15.932,11.8796],[-15.9219,11.8969],[-15.8978,11.9096],[-15.8912,11.9339],[-15.8653,11.9722],[-15.8218,11.9979],[-15.782,12.0028],[-15.7676,11.9787],[-15.7205,11.9674],[-15.7063,12.0083],[-15.7137,12.0158],[-15.7428,11.9949],[-15.7615,11.9953],[-15.782,12.0158],[-15.8371,12.0139],[-15.8639,12.0295],[-15.871,12.013],[-15.8896,12.0026],[-15.9328,11.9953],[-15.9259,11.9811],[-15.9328,11.9748],[-15.9464,11.9836],[-15.9447,11.9531],[-15.9679,11.927],[-15.9816,11.9213],[-16.0557,11.9202],[-16.0933,11.906],[-16.1246,11.8854],[-16.1588,11.9134],[-16.1832,11.9079],[-16.243,11.9254],[-16.2549,11.937],[-16.2754,11.9811],[-16.3232,11.9953],[-16.338,12.017],[-16.3551,12.0873],[-16.3573,12.1011],[-16.3196,12.1717],[-16.2828,12.194],[-16.2775,12.1733],[-16.2699,12.1713],[-16.2611,12.1803],[-16.2686,12.2144],[-16.2574,12.2302],[-16.1484,12.2907],[-16.1041,12.338],[-16.0631,12.351],[-16.0898,12.352],[-16.1075,12.3447],[-16.1554,12.3],[-16.2276,12.2827],[-16.272,12.2523],[-16.3058,12.2144],[-16.3246,12.2222],[-16.3164,12.2827],[-16.3502,12.1972],[-16.3653,12.1923],[-16.3846,12.2008],[-16.3915,12.194],[-16.4058,12.2077],[-16.4078,12.1944],[-16.4157,12.1885],[-16.4433,12.1872],[-16.4576,12.1719],[-16.4663,12.1839],[-16.5006,12.1966],[-16.5082,12.2178],[-16.5389,12.256],[-16.5764,12.2827],[-16.6037,12.2765],[-16.6243,12.3039],[-16.6615,12.3323],[-16.6876,12.338],[-16.7211,12.3237],[-16.735,12.3452],[-16.7441,12.3789],[-16.7987,12.4309],[-16.803,12.4854],[-16.7814,12.5229],[-16.7317,12.5521],[-16.6788,12.5502],[-16.6347,12.5795],[-16.618,12.6055],[-16.5797,12.6328],[-16.5614,12.6118],[-16.5472,12.5739],[-16.5333,12.5653],[-16.5327,12.5809],[-16.5225,12.5931],[-16.5048,12.598],[-16.3883,12.5516],[-16.371,12.5502],[-16.3513,12.5595],[-16.3273,12.5887],[-16.3096,12.598],[-16.2467,12.588],[-16.2122,12.6064],[-16.1929,12.5776],[-16.115,12.6061],[-16.0576,12.6162],[-16.0298,12.633],[-16.0079,12.6321],[-15.9903,12.6229],[-15.9396,12.5806],[-15.8639,12.5776],[-15.84,12.5571],[-15.8055,12.5645],[-15.7688,12.5926],[-15.7479,12.5837],[-15.7296,12.5915],[-15.7159,12.5818],[-15.6995,12.5837],[-15.6796,12.5502],[-15.6659,12.5402],[-15.6334,12.5395],[-15.5877,12.558],[-15.5387,12.6154],[-15.5098,12.6358],[-15.5071,12.6496],[-15.5299,12.6658],[-15.5213,12.6738],[-15.5402,12.7269],[-15.5434,12.758],[-15.5349,12.783],[-15.5233,12.7899],[-15.4803,12.7905],[-15.4664,12.7965],[-15.4462,12.8246],[-15.4256,12.805],[-15.4068,12.7997],[-15.394,12.8102],[-15.3916,12.8382],[-15.4071,12.8223],[-15.453,12.8314],[-15.4928,12.8071],[-15.5495,12.7943],[-15.5554,12.7796],[-15.5554,12.7216],[-15.5441,12.6841],[-15.5425,12.6494],[-15.641,12.5595],[-15.6529,12.5589],[-15.6721,12.5707],[-15.6664,12.6007],[-15.6968,12.6142],[-15.7677,12.6254],[-15.8158,12.5954],[-15.8335,12.5913],[-15.8485,12.6085],[-15.8605,12.6117],[-15.8896,12.6002],[-15.9133,12.6012],[-15.9533,12.6254],[-15.9527,12.6437],[-15.9812,12.6527],[-16.0011,12.6874],[-16.0132,12.6962],[-16.0221,12.729],[-16.0283,12.729],[-16.0452,12.6905],[-16.0489,12.6564],[-16.0768,12.639],[-16.1177,12.6321],[-16.155,12.6117],[-16.2276,12.6191],[-16.2686,12.6055],[-16.3238,12.6096],[-16.3468,12.598],[-16.371,12.5645],[-16.412,12.5776],[-16.4452,12.5961],[-16.4672,12.6223],[-16.4896,12.6318],[-16.4928,12.6489],[-16.4672,12.6663],[-16.4672,12.6738],[-16.4826,12.6741],[-16.4923,12.6817],[-16.5013,12.7079],[-16.5082,12.6254],[-16.5157,12.6254],[-16.5657,12.6739],[-16.5702,12.6936],[-16.5988,12.664],[-16.6146,12.6601],[-16.6347,12.6694],[-16.6379,12.6936],[-16.5907,12.762],[-16.5969,12.7973],[-16.6037,12.7625],[-16.6384,12.7285],[-16.651,12.7053],[-16.6472,12.6322],[-16.6773,12.6196],[-16.7211,12.5837],[-16.7546,12.5722],[-16.7731,12.583],[-16.7809,12.6088],[-16.7771,12.678],[-16.7612,12.7132],[-16.7355,12.7329],[-16.7006,12.7216],[-16.699,12.7364],[-16.7132,12.7473],[-16.734,12.7514],[-16.7515,12.7454],[-16.7836,12.7126],[-16.7962,12.7153],[-16.7882,12.7321],[-16.7962,12.7488],[-16.7701,12.7934],[-16.7751,12.8109],[-16.7825,12.8109],[-16.7941,12.795],[-16.8003,12.7988],[-16.803,12.814],[-16.7945,12.8388],[-16.7552,12.9035],[-16.7621,12.9512],[-16.7478,13.0403],[-16.7537,13.065],[-16.7843,13.083],[-16.7867,13.0901],[-16.7755,13.1127],[-16.7967,13.1772],[-16.795,13.2359],[-16.803,13.2622],[-16.8201,13.2813],[-16.8245,13.2946],[-16.8166,13.3106],[-16.8297,13.3385],[-16.81,13.3799],[-16.7629,13.405],[-16.7045,13.4754],[-16.6788,13.4962],[-16.6711,13.4787],[-16.6523,13.4682],[-16.6346,13.4774],[-16.6169,13.4782],[-16.5907,13.4614],[-16.5853,13.4433],[-16.6128,13.4392],[-16.6243,13.4272],[-16.6087,13.4137],[-16.5955,13.3851],[-16.5884,13.3553],[-16.5907,13.3385],[-16.5458,13.2901],[-16.4952,13.2879],[-16.4497,13.2641],[-16.4197,13.2556],[-16.4135,13.2221],[-16.4194,13.2082],[-16.3998,13.2243],[-16.3778,13.215],[-16.4058,13.246],[-16.4153,13.267],[-16.4399,13.2696],[-16.4399,13.2764],[-16.4105,13.2759],[-16.3846,13.2839],[-16.3747,13.2639],[-16.3497,13.2822],[-16.258,13.3249],[-16.2301,13.3164],[-16.2276,13.256],[-16.2097,13.2512],[-16.1513,13.2764],[-16.1513,13.2839],[-16.1725,13.2793],[-16.1993,13.2591],[-16.2108,13.3133],[-16.222,13.3198],[-16.2271,13.3337],[-16.2244,13.3603],[-16.2162,13.3727],[-16.1762,13.4054],[-16.1612,13.4287],[-16.1351,13.4205],[-15.9949,13.413],[-15.9413,13.4254],[-15.8912,13.4272],[-15.8713,13.4409],[-15.7645,13.4369],[-15.7062,13.4546],[-15.6687,13.4757],[-15.6447,13.4579],[-15.6208,13.4548],[-15.5896,13.4682],[-15.5651,13.5025],[-15.5434,13.5097],[-15.5004,13.4882],[-15.47,13.4962],[-15.4511,13.4909],[-15.4189,13.4546],[-15.3844,13.4435],[-15.3406,13.4408],[-15.3048,13.4553],[-15.2947,13.4962],[-15.3022,13.4962],[-15.3041,13.4811],[-15.3218,13.4582],[-15.3517,13.4567],[-15.4158,13.4732],[-15.4652,13.5102],[-15.4908,13.503],[-15.5561,13.5283],[-15.5758,13.5229],[-15.6107,13.4893],[-15.6278,13.4885],[-15.6721,13.503],[-15.7699,13.4651],[-16.0902,13.4405],[-16.1416,13.4546],[-16.1604,13.4506],[-16.2065,13.4205],[-16.2484,13.379],[-16.2806,13.3598],[-16.2891,13.3659],[-16.2849,13.3953],[-16.2891,13.4068],[-16.306,13.3917],[-16.3021,13.372],[-16.3164,13.3659],[-16.3164,13.359],[-16.3021,13.3528],[-16.3219,13.3428],[-16.412,13.3385],[-16.4895,13.3571],[-16.5218,13.359],[-16.5035,13.3926],[-16.5035,13.4169],[-16.5198,13.4513],[-16.5565,13.4856],[-16.5491,13.5639],[-16.5764,13.6123],[-16.5758,13.6403],[-16.5082,13.688],[-16.5293,13.701],[-16.5072,13.7281],[-16.5089,13.7402],[-16.5293,13.7426],[-16.5315,13.7073],[-16.5421,13.6937],[-16.5565,13.6948],[-16.5637,13.6738],[-16.5793,13.6596],[-16.5989,13.6542],[-16.618,13.6601],[-16.6356,13.678],[-16.64,13.6965],[-16.6271,13.7705],[-16.5764,13.8388],[-16.5491,13.8245],[-16.5565,13.8456],[-16.5218,13.8518],[-16.5129,13.8133],[-16.5016,13.802],[-16.487,13.8046],[-16.5006,13.8727],[-16.5157,13.8798],[-16.487,14.0026],[-16.5181,13.9518],[-16.5259,13.9105],[-16.5494,13.8693],[-16.5702,13.873],[-16.5802,13.8595],[-16.6379,13.8456],[-16.6487,13.8369],[-16.659,13.8109],[-16.6825,13.7941],[-16.7001,13.769],[-16.7102,13.7736],[-16.7153,13.8063],[-16.7372,13.8196],[-16.7424,13.8394],[-16.7341,13.873],[-16.7445,13.9022],[-16.7468,13.9514],[-16.7372,13.9677],[-16.7025,13.99],[-16.6463,13.983],[-16.6368,13.9749],[-16.6379,13.9617],[-16.599,13.9968],[-16.5764,13.989],[-16.5768,14.011],[-16.5423,14.0373],[-16.5683,14.0303],[-16.581,14.0328],[-16.5907,14.0436],[-16.5455,14.071],[-16.4891,14.1282],[-16.457,14.1374],[-16.4415,14.1566],[-16.4294,14.161],[-16.4047,14.1454],[-16.3647,14.1678],[-16.4277,14.1701],[-16.4547,14.1802],[-16.453,14.2018],[-16.4687,14.1938],[-16.4746,14.1794],[-16.4715,14.1643],[-16.4604,14.1541],[-16.4728,14.1474],[-16.5132,14.151],[-16.5218,14.1262],[-16.5565,14.0715],[-16.6003,14.0542],[-16.6317,14.0101],[-16.6542,14.0028],[-16.7211,14.0163],[-16.6968,14.0647],[-16.68,14.0694],[-16.6523,14.0995],[-16.6656,14.0956],[-16.6786,14.0761],[-16.7279,14.0647],[-16.7161,14.0513],[-16.7171,14.0424],[-16.7689,13.9617],[-16.7734,13.9336],[-16.7689,13.8388],[-16.7751,13.8388],[-16.786,14.0597],[-16.8208,14.1435],[-16.8297,14.1541],[-16.8688,14.1658],[-16.8787,14.1745],[-16.8989,14.26],[-16.9259,14.2912],[-16.9455,14.3014],[-16.9396,14.3559],[-16.9565,14.3901],[-16.9879,14.421],[-17.0595,14.4539],[-17.0705,14.4654],[-17.1115,14.5302],[-17.1378,14.599],[-17.1782,14.6531],[-17.2241,14.6904],[-17.2816,14.7073],[-17.3306,14.7363],[-17.4174,14.7377],[-17.4398,14.7221],[-17.4193,14.709],[-17.4268,14.6944],[-17.4398,14.6885],[-17.4268,14.6749],[-17.4398,14.6538],[-17.536,14.7574],[-17.371,14.8003],[-17.3221,14.839],[-17.173,14.9008],[-17.1387,14.9277],[-16.9797,15.1119],[-16.9479,15.1579],[-16.8782,15.2331],[-16.7392,15.4724],[-16.6697,15.5618],[-16.5389,15.7744],[-16.5343,15.7844],[-16.5423,15.8088],[-16.5273,15.9774],[-16.5392,16.2672],[-16.5293,16.3327],[-16.4945,16.4016],[-16.4862,16.4517],[-16.4672,16.4929],[-16.4672,16.6002],[-16.4592,16.6439],[-16.3791,16.841],[-16.3578,16.8747],[-16.3431,16.9423],[-16.2781,17.0407],[-16.1925,17.2193],[-16.1867,17.2438],[-16.1726,17.2624],[-16.079,17.5448],[-16.049,17.6672],[-16.0242,17.9602],[-16.0352,18.1414],[-16.0694,18.484],[-16.132,18.6286],[-16.1557,18.7525],[-16.173,18.7931],[-16.164,18.8168],[-16.1656,18.8442],[-16.2046,18.9827],[-16.2389,19.061],[-16.2828,19.1304],[-16.3683,19.2215],[-16.4672,19.2593],[-16.5048,19.35],[-16.5355,19.3808],[-16.5218,19.3964],[-16.4637,19.3815],[-16.4078,19.3892],[-16.3592,19.4158],[-16.3232,19.4579],[-16.2849,19.5293],[-16.2859,19.5427],[-16.3073,19.5436],[-16.3915,19.4641],[-16.3505,19.5466],[-16.3647,19.5393],[-16.4263,19.4825],[-16.4342,19.4595],[-16.4289,19.4417],[-16.4399,19.4132],[-16.4551,19.4083],[-16.4651,19.4125],[-16.4672,19.4641],[-16.4316,19.5059],[-16.4225,19.5439],[-16.3846,19.5739],[-16.2891,19.7111],[-16.2708,19.7259],[-16.2643,19.7628],[-16.2338,19.7936],[-16.236,19.8133],[-16.248,19.8278],[-16.2352,19.8424],[-16.2338,19.862],[-16.2549,19.8483],[-16.2578,19.8642],[-16.2435,19.8887],[-16.248,19.9029],[-16.2665,19.9137],[-16.2792,19.9052],[-16.2891,19.8825],[-16.3056,19.873],[-16.3127,19.8776],[-16.3133,19.8897],[-16.298,19.9225],[-16.2391,19.9792],[-16.2225,20.0036],[-16.214,20.0333],[-16.2184,20.0579],[-16.2611,20.1357],[-16.2396,20.1381],[-16.2117,20.1756],[-16.1997,20.2152],[-16.2023,20.2333],[-16.2376,20.29],[-16.2675,20.2982],[-16.2751,20.317],[-16.2951,20.3306],[-16.3232,20.3964],[-16.3479,20.4175],[-16.3505,20.4274],[-16.338,20.4355],[-16.34,20.4411],[-16.3912,20.5695],[-16.4239,20.6013],[-16.4296,20.6442],[-16.4467,20.6365],[-16.4672,20.6496],[-16.4672,20.657],[-16.4087,20.675],[-16.4808,20.6751],[-16.4945,20.6911],[-16.487,20.698],[-16.5013,20.726],[-16.5293,20.739],[-16.5363,20.6954],[-16.5284,20.5986],[-16.5423,20.5609],[-16.5525,20.5764],[-16.599,20.6111],[-16.6212,20.6465],[-16.6727,20.6776],[-16.6735,20.689],[-16.659,20.698],[-16.6711,20.7371],[-16.7102,20.77],[-16.7137,20.7962],[-16.7341,20.8215],[-16.7454,20.8686],[-16.769,20.9068],[-16.7751,20.9376],[-16.7887,20.924],[-16.8032,20.9374],[-16.8166,20.986],[-16.8404,21.0095],[-16.8494,21.0336],[-16.8733,21.0646],[-16.8985,21.1369],[-16.9176,21.1592],[-16.9312,21.1515],[-16.9573,21.1059],[-17.0159,21.0312],[-17.0084,21.0134],[-16.9972,21.0185],[-17.0044,20.9324],[-17.0084,20.924],[-17.0494,20.9035],[-17.0501,20.8948],[-17.0279,20.8542],[-17.0384,20.7998],[-17.0569,20.7669],[-17.1002,20.8376],[-17.1046,20.8625],[-17.0923,20.8999],[-17.0904,20.9618],[-17.0679,21.0309],[-17.0152,21.3798],[-17.0128,21.4452],[-16.9711,21.5926],[-16.968,21.6973],[-16.9477,21.736],[-16.947,21.76],[-16.9669,21.7812],[-16.9569,21.8257],[-16.9378,21.8666],[-16.921,21.9313],[-16.8166,22.1306],[-16.7807,22.1657],[-16.7621,22.205],[-16.7341,22.2268],[-16.7068,22.2755],[-16.659,22.2951],[-16.6317,22.2739],[-16.5218,22.3149],[-16.4822,22.3523],[-16.4666,22.3774],[-16.4294,22.5104],[-16.3573,22.5831],[-16.3444,22.647],[-16.3368,22.7537],[-16.3165,22.8061],[-16.2965,22.8321],[-16.3022,22.8683],[-16.2896,22.8998],[-16.2386,22.9116],[-16.173,22.9735],[-16.1632,22.9932],[-16.1513,23.0591],[-16.1595,23.0825],[-16.1791,23.0861],[-16.2202,23.0759],[-16.2131,23.0944],[-16.1867,23.1379],[-16.1393,23.1785],[-16.0604,23.3445],[-16.0255,23.3749],[-15.9812,23.4458],[-15.9672,23.5129],[-15.9565,23.5317],[-15.9055,23.6103],[-15.8304,23.686],[-15.8161,23.7276],[-15.7726,23.7878],[-15.7655,23.8568],[-15.782,23.8983],[-15.7751,23.9119],[-15.7868,23.9039],[-15.7882,23.8642],[-15.7953,23.8566],[-15.8304,23.8362],[-15.8617,23.8362],[-15.8882,23.8107],[-15.9233,23.7436],[-15.9396,23.6962],[-15.9949,23.645],[-16.0098,23.6554],[-16.0032,23.6721],[-15.9812,23.6962],[-15.9396,23.7748],[-15.8409,23.9027],[-15.7681,23.9599],[-15.7357,23.9712],[-15.6796,24.0075],[-15.6466,24.0104],[-15.6201,24.0263],[-15.5144,24.1522],[-15.4597,24.1919],[-15.4447,24.2219],[-15.3534,24.2911],[-15.2982,24.3452],[-15.204,24.4675],[-15.1536,24.5056],[-15.1127,24.5206],[-15.0694,24.5273],[-15.0148,24.5624],[-15.0154,24.5857],[-15.0,24.6145],[-14.9762,24.6414],[-14.9078,24.6855],[-14.8956,24.7057],[-14.8859,24.7707],[-14.836,24.9187],[-14.8432,24.9653],[-14.836,24.9814],[-14.8435,24.9876],[-14.8292,25.0502],[-14.8435,25.1005],[-14.8424,25.189],[-14.8497,25.2142],[-14.8192,25.3302],[-14.7821,25.4469],[-14.7149,25.5256],[-14.6852,25.5909],[-14.6614,25.6913],[-14.621,25.7836],[-14.5465,25.8792],[-14.5139,25.937],[-14.4866,26.0154],[-14.4903,26.0315],[-14.4804,26.0878],[-14.4928,26.1327],[-14.4661,26.1942],[-14.4007,26.2663],[-14.3532,26.2759],[-14.2989,26.3022],[-14.2159,26.3755],[-14.1802,26.4244],[-14.1571,26.4338],[-14.0469,26.4444],[-13.9237,26.5009],[-13.742,26.6181],[-13.62,26.6889],[-13.5611,26.7491],[-13.5009,26.8583],[-13.4803,26.9117],[-13.461,26.9927],[-13.432,27.0508],[-13.4025,27.1772],[-13.3837,27.2153],[-13.3011,27.3244],[-13.3079,27.345],[-13.2943,27.3518],[-13.2408,27.4654],[-13.2076,27.5675],[-13.2008,27.6065],[-13.181,27.6448],[-13.1713,27.685],[-13.098,27.7322],[-13.0614,27.7429],[-13.0452,27.7598],[-13.003,27.821],[-12.9796,27.8937],[-12.9524,27.9286],[-12.8389,27.9704],[-12.6578,27.998],[-12.5135,27.9954],[-12.335,28.0473],[-12.0614,28.089],[-12.0231,28.1196],[-11.4856,28.3256],[-11.4528,28.3485],[-11.3893,28.4349],[-11.341,28.4797],[-11.3259,28.5152],[-11.2665,28.5516],[-11.2118,28.6168],[-11.1703,28.6397],[-11.1492,28.6677],[-11.115,28.6918],[-11.0911,28.7263],[-11.0631,28.7524],[-10.7626,28.8902],[-10.5738,28.9904],[-10.4509,29.0922],[-10.3209,29.258],[-10.302,29.2719],[-10.264,29.2841],[-10.2484,29.2994],[-10.1991,29.3613],[-10.1776,29.4058],[-10.1418,29.4286],[-10.087,29.51],[-10.0726,29.5647],[-10.053,29.5999],[-10.0053,29.6384],[-9.9917,29.6668],[-9.9499,29.716],[-9.8202,29.8389],[-9.7179,29.9966],[-9.6551,30.1269],[-9.6284,30.2914],[-9.61,30.3578],[-9.6116,30.4044],[-9.6551,30.4422],[-9.6662,30.4593],[-9.6918,30.5096],[-9.7001,30.5427],[-9.7308,30.5521],[-9.7582,30.5868],[-9.8297,30.6286],[-9.874,30.634],[-9.8885,30.6483],[-9.8867,30.6867],[-9.8202,30.7923],[-9.8129,30.8271],[-9.8244,30.852],[-9.8202,30.8711],[-9.8277,31.0675],[-9.8475,31.1213],[-9.835,31.1448],[-9.8089,31.2862],[-9.8066,31.3435],[-9.8109,31.3668],[-9.8475,31.4024],[-9.793,31.4713],[-9.7696,31.5315],[-9.7333,31.5674],[-9.7277,31.5852],[-9.6942,31.6257],[-9.6673,31.7311],[-9.505,31.8884],[-9.4838,31.9226],[-9.3661,32.0263],[-9.3464,32.0615],[-9.3281,32.1304],[-9.292,32.1689],[-9.2777,32.1966],[-9.27,32.2275],[-9.2648,32.3306],[-9.292,32.3508],[-9.2834,32.3878],[-9.2489,32.4525],[-9.2469,32.4723],[-9.2783,32.5295],[-9.279,32.5463],[-9.2599,32.5769],[-9.1122,32.6828],[-8.9985,32.7971],[-8.9017,32.8548],[-8.8678,32.8819],[-8.7547,33.0106],[-8.6291,33.1276],[-8.6215,33.1393],[-8.621,33.1735],[-8.5292,33.2687],[-8.5125,33.2705],[-8.4941,33.2595],[-8.4516,33.2642],[-8.3788,33.3047],[-8.3202,33.3654],[-8.2847,33.3898],[-8.2432,33.4045],[-8.1066,33.4309],[-7.9626,33.4848],[-7.8914,33.5034],[-7.8697,33.5266],[-7.701,33.5827],[-7.6676,33.6127],[-7.6479,33.6083],[-7.6362,33.6146],[-7.6062,33.6083],[-7.5291,33.6326],[-7.4971,33.65],[-7.4633,33.6865],[-7.4343,33.6982],[-7.4064,33.727],[-7.3871,33.7325],[-7.394,33.725],[-7.3739,33.7193],[-7.3526,33.7247],[-7.2675,33.7724],[-7.2293,33.8009],[-7.1526,33.8301],[-7.0995,33.8403],[-7.0679,33.8637],[-7.0318,33.8743],[-6.9274,33.9442],[-6.8221,34.0396],[-6.7338,34.1626],[-6.6678,34.2805],[-6.5579,34.4177],[-6.5309,34.474],[-6.5079,34.5048],[-6.2921,34.8808],[-6.2054,35.1246],[-6.0239,35.5012],[-6.0123,35.5588],[-5.9908,35.5985],[-5.9652,35.6702],[-5.9521,35.6855],[-5.9431,35.7424],[-5.9272,35.7807],[-5.908,35.7973],[-5.8734,35.802],[-5.7693,35.7928],[-5.7299,35.8227],[-5.6935,35.8343],[-5.6809,35.8292],[-5.6397,35.8364],[-5.599,35.8223],[-5.54,35.851],[-5.4689,35.9103],[-5.4481,35.9185],[-5.4142,35.9094],[-5.4055,35.9265],[-5.3662,35.9248],[-5.3093,35.9008],[-5.2831,35.9117],[-5.2919,35.8905],[-5.3356,35.8624],[-5.3457,35.8326],[-5.3188,35.7017],[-5.3048,35.6852],[-5.2768,35.6852],[-5.2768,35.6579],[-5.2494,35.5846],[-5.1508,35.5161],[-5.0663,35.4175],[-4.9885,35.3879],[-4.9547,35.3625],[-4.9093,35.3145],[-4.865,35.302],[-4.8106,35.26],[-4.7705,35.241],[-4.6283,35.2054],[-4.3476,35.1501],[-4.3271,35.1548],[-4.2694,35.1849],[-4.1306,35.2048],[-4.0467,35.2359],[-3.9613,35.2504],[-3.9193,35.2668],[-3.9094,35.2553],[-3.9295,35.2438],[-3.9039,35.2142],[-3.8409,35.2054],[-3.7875,35.2092],[-3.7648,35.2185],[-3.7471,35.2637],[-3.7262,35.2823],[-3.6996,35.2908],[-3.6736,35.2879],[-3.591,35.2333],[-3.516,35.2235],[-3.4893,35.211],[-3.4538,35.2116],[-3.4129,35.1979],[-3.362,35.1945],[-3.1951,35.2382],[-3.118,35.2941],[-3.0771,35.2879],[-3.0454,35.3144],[-3.0063,35.3935],[-2.9808,35.4245],[-2.9828,35.435],[-2.9686,35.4464],[-2.9522,35.4331],[-2.9576,35.4158],[-2.953,35.404],[-2.963,35.3735],[-2.9481,35.3303],[-2.899,35.26],[-2.9123,35.2358],[-2.9051,35.1736],[-2.882,35.1467],[-2.8561,35.1313],[-2.821,35.1219],[-2.7481,35.116],[-2.7918,35.1452],[-2.8683,35.2174],[-2.8832,35.2385],[-2.8784,35.2463],[-2.7611,35.1433],[-2.7183,35.123],[-2.6667,35.1082],[-2.5632,35.0961],[-2.5175,35.0994],[-2.4933,35.1044],[-2.4371,35.1451],[-2.4167,35.1492],[-2.2226,35.0893],[-2.2001,35.0961],[-2.1864,35.0887],[-2.1569,35.101],[-2.0524,35.075],[-1.9877,35.0825],[-1.9565,35.075],[-1.9325,35.0887],[-1.8387,35.1109],[-1.8127,35.1265],[-1.7611,35.1296],[-1.7128,35.1706],[-1.6377,35.1945],[-1.6295,35.2122],[-1.5104,35.2955],[-1.364,35.3183],[-1.3327,35.3494],[-1.2948,35.3646],[-1.2677,35.3903],[-1.2473,35.4577],[-1.1833,35.5765],[-1.148,35.5821],[-1.117,35.6169],[-1.0521,35.661],[-1.0329,35.6826],[-0.9967,35.6896],[-0.9463,35.7193],[-0.9227,35.7252],[-0.9102,35.7243],[-0.8994,35.7118],[-0.8876,35.716],[-0.8495,35.7343],[-0.825,35.7685],[-0.8017,35.7739],[-0.7772,35.7564],[-0.7113,35.743],[-0.6925,35.7193],[-0.6265,35.723],[-0.5893,35.7425],[-0.5773,35.7708],[-0.5409,35.7678],[-0.5234,35.7797],[-0.477,35.8594],[-0.4795,35.89],[-0.4591,35.8838],[-0.418,35.8838],[-0.3485,35.907],[-0.3362,35.9008],[-0.3315,35.8896],[-0.3019,35.8776],[-0.3019,35.8428],[-0.2856,35.8283],[-0.1451,35.7904],[-0.1239,35.7869],[-0.0831,35.7944],[-0.0385,35.8133],[0.0345,35.8633],[0.114,36.0102],[0.1273,36.0508],[0.2195,36.1165],[0.2835,36.1344],[0.3211,36.1589],[0.3293,36.165],[0.3423,36.206],[0.3845,36.218],[0.4513,36.2232],[0.5567,36.2841],[0.5946,36.2932],[0.6441,36.3288],[0.7533,36.3386],[0.8023,36.3636],[0.8648,36.3774],[0.9251,36.4182],[0.9456,36.4523],[1.0071,36.4669],[1.0448,36.4869],[1.117,36.4871],[1.1787,36.5109],[1.2655,36.5153],[1.3677,36.5479],[1.4528,36.528],[1.5174,36.5387],[1.7166,36.5479],[1.7612,36.5616],[1.8029,36.5554],[1.8576,36.5675],[1.9138,36.5702],[1.9728,36.5616],[2.0599,36.5701],[2.3296,36.6373],[2.3733,36.6339],[2.3919,36.6243],[2.4041,36.5992],[2.4473,36.5906],[2.6008,36.5963],[2.633,36.6051],[2.7275,36.6652],[2.793,36.6929],[2.8187,36.7109],[2.8499,36.7541],[2.9331,36.8086],[2.9771,36.8159],[3.0142,36.8117],[3.0479,36.795],[3.1018,36.7519],[3.1401,36.7416],[3.1794,36.7428],[3.2105,36.7574],[3.2261,36.7862],[3.2273,36.8123],[3.3405,36.7807],[3.4805,36.7772],[3.5505,36.7914],[3.5706,36.8086],[3.6121,36.8086],[3.6497,36.824],[3.7095,36.8732],[3.7419,36.8912],[3.8275,36.9129],[3.8739,36.9172],[3.9126,36.9116],[3.9483,36.8933],[4.0314,36.8978],[4.0855,36.8921],[4.1048,36.8837],[4.1595,36.9042],[4.2105,36.8912],[4.262,36.9116],[4.3203,36.898],[4.4407,36.9116],[4.5041,36.8893],[4.5505,36.8837],[4.5816,36.8949],[4.698,36.8912],[4.7871,36.8954],[4.9499,36.8398],[4.9736,36.8189],[5.0093,36.8161],[5.0291,36.795],[5.0459,36.7885],[5.1048,36.7813],[5.0848,36.7326],[5.0902,36.7168],[5.1184,36.6994],[5.2359,36.6509],[5.3044,36.643],[5.4338,36.6652],[5.4649,36.6652],[5.4891,36.6851],[5.549,36.7097],[5.5628,36.746],[5.5939,36.7739],[5.6559,36.7918],[5.7105,36.8255],[5.7337,36.8323],[5.8278,36.8218],[5.8688,36.8229],[6.0371,36.8536],[6.197,36.9023],[6.2357,36.9212],[6.2568,36.9458],[6.2544,36.999],[6.2669,37.0178],[6.3387,37.0693],[6.4158,37.093],[6.4624,37.0939],[6.5027,37.083],[6.5442,37.0588],[6.547,37.0412],[6.5728,37.0278],[6.5833,36.9898],[6.5995,36.9731],[6.6141,36.9779],[6.6712,36.9594],[6.822,36.9526],[6.8696,36.9292],[6.8801,36.9184],[6.8796,36.9021],[6.9094,36.8931],[6.9756,36.8912],[7.0645,36.9133],[7.0923,36.9259],[7.157,36.9147],[7.239,36.9715],[7.2542,36.9947],[7.2573,37.0041],[7.2505,37.0231],[7.1817,37.0767],[7.1817,37.083],[7.2227,37.0898],[7.2748,37.0693],[7.2927,37.0825],[7.3359,37.0693],[7.3835,37.083],[7.4046,37.0516],[7.4561,37.042],[7.4902,37.055],[7.5889,36.9876],[7.6336,36.9805],[7.6745,36.9868],[7.7127,36.9632],[7.7708,36.9701],[7.7986,36.9936],[7.7743,36.9315],[7.7912,36.9184],[7.7734,36.89],[7.8099,36.8682],[7.8665,36.8544],[7.9085,36.8496],[8.05,36.8776],[8.093,36.9018],[8.2332,36.9581],[8.2881,36.9259],[8.356,36.9259],[8.374,36.9184],[8.3888,36.9232],[8.4287,36.9042],[8.4976,36.9042],[8.6921,36.9694],[8.802,36.9731],[8.8244,36.9795],[8.9258,37.0389],[8.9569,37.0693],[8.9876,37.1168],[9.0387,37.1518],[9.1592,37.1928],[9.1714,37.1988],[9.1924,37.2261],[9.2107,37.2338],[9.3425,37.2353],[9.3807,37.2475],[9.4191,37.2758],[9.4429,37.2665],[9.4539,37.2683],[9.5173,37.2867],[9.5527,37.3095],[9.5731,37.3002],[9.5915,37.3029],[9.6493,37.3319],[9.7103,37.3362],[9.7446,37.3452],[9.7734,37.3305],[9.8589,37.3288],[9.8617,37.2712],[9.8307,37.2512],[9.7927,37.238],[9.7718,37.2133],[9.7907,37.1784],[9.8159,37.1518],[9.8799,37.1501],[9.9143,37.1783],[9.9253,37.1968],[9.925,37.2131],[9.8612,37.2338],[9.8196,37.2276],[9.8196,37.2338],[9.8674,37.2617],[9.8825,37.2636],[9.9798,37.246],[10.0598,37.2648],[10.0759,37.2449],[10.1463,37.2365],[10.1787,37.2127],[10.2531,37.1914],[10.2721,37.1785],[10.2113,37.1587],[10.2058,37.1751],[10.178,37.178],[10.146,37.1712],[10.1281,37.1587],[10.1354,37.1423],[10.1616,37.1343],[10.2113,37.1376],[10.2271,37.1177],[10.2303,37.1081],[10.2244,37.0959],[10.2175,37.1103],[10.1743,37.0762],[10.1824,37.027],[10.2201,36.9766],[10.2659,36.9389],[10.3137,36.9184],[10.3472,36.8803],[10.2988,36.8218],[10.2852,36.82],[10.2721,36.8291],[10.2796,36.8443],[10.2529,36.8463],[10.2107,36.8319],[10.1885,36.7976],[10.2472,36.7863],[10.2721,36.8161],[10.2936,36.7777],[10.3201,36.7488],[10.3553,36.7312],[10.437,36.7288],[10.5187,36.7558],[10.5382,36.772],[10.5669,36.8632],[10.585,36.8762],[10.6526,36.8769],[10.7335,36.8958],[10.7832,36.9244],[10.8231,36.9539],[10.8301,36.9682],[10.8875,37.006],[10.8984,37.0252],[10.8929,37.0386],[10.9021,37.0488],[10.9237,37.057],[10.9741,37.0613],[11.0127,37.0848],[11.0334,37.0875],[11.051,37.0803],[11.0603,37.0625],[11.0486,37.042],[11.0484,37.0203],[11.0877,36.9594],[11.0945,36.9184],[11.1362,36.8705],[11.1168,36.8384],[11.0767,36.8252],[11.0221,36.7883],[10.8795,36.5885],[10.8257,36.4798],[10.7999,36.4519],[10.7172,36.4346],[10.6204,36.3903],[10.5856,36.3981],[10.5509,36.3773],[10.5191,36.3375],[10.4793,36.217],[10.4747,36.1125],[10.4795,36.0793],[10.5186,35.98],[10.5565,35.938],[10.5823,35.9218],[10.6086,35.8559],[10.6937,35.7878],[10.7131,35.7792],[10.7436,35.7697],[10.8037,35.7869],[10.8231,35.7805],[10.8414,35.7665],[10.8245,35.7334],[10.8296,35.7131],[10.8412,35.6988],[10.9718,35.6541],[11.012,35.6579],[11.041,35.6377],[11.055,35.6145],[11.0171,35.6023],[11.012,35.579],[11.0149,35.5552],[11.0239,35.5338],[11.0392,35.5185],[11.0851,35.5068],[11.0577,35.4867],[11.0507,35.4598],[11.0455,35.4348],[11.0494,35.3913],[11.0372,35.3708],[11.0422,35.3344],[11.1013,35.2668],[11.1608,35.2382],[11.1592,35.2188],[11.1314,35.218],[11.1116,35.2056],[11.0923,35.1739],[11.0629,35.1536],[11.035,35.1071],[11.0159,35.0928],[11.0225,35.0645],[11.0181,35.0342],[10.9844,34.9994],[10.9459,34.9835],[10.9177,34.9574],[10.925,34.9341],[10.9165,34.9133],[10.9163,34.8736],[10.8563,34.8309],[10.8714,34.7974],[10.8113,34.7689],[10.779,34.7395],[10.7635,34.7134],[10.7173,34.6647],[10.6253,34.6332],[10.6074,34.5933],[10.597,34.5447],[10.5816,34.5327],[10.5594,34.5235],[10.466,34.5119],[10.4319,34.4963],[10.3787,34.4231],[10.3304,34.4126],[10.3001,34.4177],[10.2881,34.414],[10.2472,34.3721],[10.1267,34.3256],[10.1022,34.3041],[10.0898,34.273],[10.0328,34.1847],[10.0052,34.1706],[10.0184,34.1335],[10.0215,34.0733],[10.0488,33.9835],[10.0713,33.9462],[10.1631,33.8362],[10.3303,33.7028],[10.4461,33.6554],[10.4893,33.6471],[10.6341,33.6736],[10.7166,33.7069],[10.74,33.6716],[10.7369,33.6029],[10.6914,33.5761],[10.679,33.5626],[10.6741,33.5456],[10.7036,33.496],[10.7171,33.4835],[10.7381,33.478],[10.7805,33.4857],[10.8562,33.5243],[10.9094,33.5396],[10.9251,33.5551],[10.9328,33.574],[10.9065,33.6164],[10.9362,33.6363],[10.9606,33.6277],[10.9846,33.6431],[11.0428,33.6179],[11.0736,33.5945],[11.1116,33.54],[11.1166,33.49],[11.0899,33.4541],[11.1108,33.393],[11.1021,33.3641],[11.1311,33.3715],[11.1707,33.3318],[11.2937,33.2868],[11.28,33.28],[11.1819,33.3068],[11.1336,33.3114],[11.1218,33.28],[11.1633,33.2426],[11.1795,33.2111],[11.2454,33.2179],[11.3722,33.1838],[11.4168,33.1838],[11.4331,33.1935],[11.4276,33.207],[11.3814,33.2307],[11.3519,33.2589],[11.4424,33.2047],[11.5602,33.1659],[11.575,33.1579],[11.5877,33.1323],[11.6358,33.1087],[11.7566,33.0925],[11.7935,33.0808],[11.773,33.0994],[11.7078,33.1172],[11.6911,33.136],[11.7393,33.113],[11.847,33.0828],[12.0807,32.9578],[12.1224,32.9213],[12.1607,32.9117],[12.2249,32.8759],[12.3039,32.8431],[12.3483,32.8327],[12.7298,32.7986],[12.8244,32.8043],[13.0745,32.8664],[13.1155,32.8821],[13.1647,32.9127],[13.2571,32.9186],[13.3517,32.9042],[13.5715,32.8028],[13.617,32.7934],[13.7871,32.7996],[13.8303,32.7941],[13.9153,32.7728],[13.9912,32.7446],[14.1853,32.7145],[14.2263,32.6909],[14.2625,32.6603],[14.3171,32.6304],[14.4041,32.5668],[14.4494,32.5254],[14.4695,32.519],[14.6316,32.4957],[14.7268,32.4508],[14.9111,32.4439],[15.1148,32.4128],[15.182,32.3955],[15.196,32.3898],[15.2332,32.3471],[15.2831,32.3173],[15.3008,32.2608],[15.3226,32.2242],[15.3645,32.1747],[15.3705,32.1591],[15.3552,32.0385],[15.3611,31.9653],[15.3705,31.9294],[15.4904,31.6649],[15.6228,31.4973],[15.6875,31.4378],[15.7615,31.3881],[16.0446,31.2755],[16.3587,31.2271],[16.728,31.2238],[16.9419,31.1833],[17.1603,31.1188],[17.3306,31.0865],[17.3659,31.0866],[17.4186,31.0622],[17.4668,31.03],[17.6139,30.9925],[17.6917,30.9597],[17.7761,30.9352],[17.8486,30.9237],[17.8892,30.8779],[17.9268,30.8552],[18.0169,30.8379],[18.1753,30.7861],[18.2083,30.7692],[18.3242,30.6569],[18.5684,30.5001],[18.6532,30.4223],[18.7192,30.3915],[18.7805,30.3759],[18.926,30.2934],[18.968,30.2777],[19.0568,30.2662],[19.146,30.2647],[19.2398,30.274],[19.3386,30.2988],[19.419,30.3332],[19.5305,30.3968],[19.6164,30.4214],[19.7489,30.5109],[19.9143,30.6829],[19.9822,30.7786],[20.0365,30.8191],[20.0999,30.935],[20.1467,31.0456],[20.1524,31.0882],[20.1467,31.2168],[20.1281,31.243],[20.1033,31.3087],[20.0222,31.3968],[19.9548,31.5595],[19.948,31.6451],[19.9207,31.7177],[19.9172,31.7592],[19.9343,31.8884],[19.948,31.926],[19.9401,31.9577],[20.048,32.1461],[20.0715,32.1764],[20.2617,32.3395],[20.3255,32.4098],[20.3855,32.4346],[20.5627,32.5578],[20.7966,32.643],[20.9341,32.7226],[21.051,32.7723],[21.0967,32.7811],[21.2868,32.7711],[21.3319,32.7746],[21.4148,32.7934],[21.4546,32.8126],[21.6087,32.9307],[21.7163,32.9504],[21.7437,32.9309],[21.7874,32.916],[21.8775,32.9032],[22.0962,32.9231],[22.1167,32.9442],[22.1496,32.9479],[22.1694,32.9382],[22.1751,32.9162],[22.2068,32.8881],[22.2473,32.8808],[22.3396,32.8821],[22.3792,32.8703],[22.4773,32.8071],[22.5138,32.791],[22.5789,32.7846],[22.8125,32.7245],[22.8667,32.6942],[22.9292,32.6767],[22.9769,32.6767],[23.0414,32.6525],[23.1061,32.6398],[23.1187,32.6293],[23.1209,32.6152],[23.0944,32.5774],[23.1039,32.5163],[23.1133,32.5008],[23.1489,32.4781],[23.1284,32.3955],[23.1087,32.4023],[23.1099,32.4203],[23.0944,32.4365],[23.0791,32.3544],[23.0806,32.3341],[23.0956,32.3236],[23.1951,32.2917],[23.2308,32.2506],[23.2435,32.2206],[23.2854,32.2038],[23.3122,32.1627],[23.2991,32.2242],[23.3184,32.2178],[23.362,32.2171],[23.4053,32.1907],[23.5311,32.1814],[23.6697,32.1833],[23.8403,32.1491],[23.9987,32.0939],[23.9707,32.0666],[24.0049,32.0529],[24.0679,32.0112],[24.0907,32.0058],[24.2809,32.0076],[24.5461,31.9914],[24.6362,32.0149],[24.6703,32.0324],[24.7106,32.0256],[24.7337,32.0331],[24.7918,32.0078],[24.9817,31.9679],[25.0179,31.949],[25.0334,31.9163],[25.0222,31.8547],[25.0296,31.8369],[25.1169,31.738],[25.1563,31.6631],[25.1494,31.6489],[25.1618,31.5836],[25.1729,31.5516],[25.1909,31.5315],[25.2634,31.5237],[25.3021,31.5065],[25.3685,31.5123],[25.4019,31.5032],[25.4202,31.5122],[25.6365,31.5607],[25.8241,31.6149],[25.8688,31.6209],[25.9668,31.6166],[26.3622,31.5219],[26.6506,31.4888],[26.6831,31.4762],[26.7532,31.4775],[26.8657,31.4368],[26.9116,31.4365],[26.9655,31.4497],[26.9964,31.4287],[27.0544,31.4086],[27.1174,31.3904],[27.1851,31.3843],[27.2262,31.3677],[27.2461,31.3813],[27.3275,31.3792],[27.3423,31.3682],[27.3423,31.354],[27.3623,31.3305],[27.3638,31.3155],[27.3936,31.2547],[27.4463,31.2232],[27.5877,31.1931],[27.6099,31.2032],[27.6603,31.1802],[27.7195,31.1893],[27.8529,31.2403],[27.8633,31.2335],[27.8685,31.2194],[27.8699,31.1998],[27.8903,31.1554],[27.8971,31.1144],[27.9269,31.099],[27.9751,31.0931],[28.1546,31.0933],[28.2039,31.0705],[28.2336,31.0734],[28.3184,31.0598],[28.3821,31.0827],[28.4243,31.0834],[28.4785,31.0518],[28.5276,31.0501],[28.7327,30.9841],[28.7878,30.9597],[28.812,30.9568],[28.8289,30.9152],[28.8357,30.9108],[29.0281,30.8271],[29.2189,30.838],[29.5033,30.9567],[29.5563,30.9909],[29.6038,31.012],[29.6187,31.0293],[29.766,31.1216],[29.7815,31.1479],[29.8093,31.1423],[29.8384,31.1541],[29.8846,31.1895],[29.8757,31.2009],[29.8635,31.1964],[29.877,31.2136],[29.8982,31.2032],[29.9562,31.2501],[29.9832,31.2633],[30.0031,31.2871],[30.0251,31.2949],[30.0491,31.3131],[30.0422,31.3205],[30.0696,31.3335],[30.0667,31.3049],[30.0949,31.2856],[30.1726,31.2714],[30.1447,31.2516],[30.1441,31.2466],[30.1521,31.2441],[30.1401,31.2373],[30.1652,31.2168],[30.2068,31.2379],[30.2017,31.2265],[30.2205,31.2202],[30.2546,31.2516],[30.2614,31.2441],[30.2688,31.2653],[30.2751,31.2653],[30.2766,31.2464],[30.2887,31.2379],[30.303,31.2714],[30.2876,31.2782],[30.2409,31.2653],[30.2409,31.2714],[30.2546,31.2714],[30.2546,31.2783],[30.1795,31.2714],[30.1795,31.2783],[30.2166,31.2864],[30.2517,31.3034],[30.3128,31.3506],[30.3345,31.381],[30.3484,31.4213],[30.3524,31.4632],[30.3439,31.498],[30.3508,31.498],[30.3646,31.4601],[30.3784,31.4467],[30.3986,31.4433],[30.3706,31.4616],[30.3557,31.4911],[30.3622,31.5087],[30.4564,31.4627],[30.4925,31.4592],[30.5358,31.4639],[30.6765,31.4962],[30.9739,31.5867],[30.9739,31.5799],[30.8664,31.5483],[30.6934,31.4639],[30.666,31.457],[30.6281,31.4343],[30.5579,31.4222],[30.5427,31.4024],[30.5427,31.395],[30.5632,31.3902],[30.5835,31.395],[30.5986,31.3874],[30.6267,31.3887],[30.6538,31.3958],[30.6751,31.4216],[30.6951,31.4169],[30.7275,31.3881],[30.7344,31.3881],[30.7562,31.423],[30.7985,31.4465],[30.8374,31.4291],[30.8737,31.4345],[30.8858,31.4291],[30.8789,31.4223],[30.8924,31.4191],[30.9397,31.4433],[30.9333,31.4451],[30.9397,31.457],[30.9807,31.4365],[30.9969,31.4511],[31.0081,31.4713],[31.0022,31.4796],[31.0217,31.498],[31.0291,31.5185],[31.0713,31.5173],[31.0974,31.5048],[31.1016,31.4925],[31.1192,31.4931],[31.1292,31.5045],[31.1111,31.5123],[31.1304,31.517],[31.1111,31.5397],[31.0708,31.5654],[31.0232,31.583],[30.978,31.5843],[31.0124,31.5969],[31.0974,31.6079],[31.1287,31.6049],[31.221,31.5799],[31.3786,31.5185],[31.4196,31.4912],[31.5237,31.4497],[31.5568,31.4433],[31.5974,31.4445],[31.7483,31.4816],[31.8379,31.5253],[31.8744,31.5356],[31.9129,31.5349],[31.9448,31.5209],[31.9642,31.4824],[32.0249,31.4001],[32.057,31.3751],[32.1043,31.3615],[32.1292,31.3374],[32.1996,31.2951],[32.169,31.3007],[32.0701,31.354],[32.0906,31.3472],[32.0835,31.3588],[32.056,31.3629],[32.0066,31.3953],[31.995,31.395],[31.9857,31.4204],[31.9683,31.4365],[31.9935,31.4378],[31.918,31.524],[31.8895,31.532],[31.8789,31.5185],[31.8652,31.5253],[31.8652,31.5123],[31.8509,31.5185],[31.8447,31.498],[31.8652,31.498],[31.8597,31.4869],[31.875,31.4633],[31.8721,31.4496],[31.8789,31.4496],[31.8789,31.4433],[31.8721,31.4433],[31.8789,31.4291],[31.8721,31.4291],[31.8621,31.4506],[31.8379,31.457],[31.8416,31.4645],[31.8304,31.4588],[31.8242,31.4433],[31.8379,31.4496],[31.8584,31.4433],[31.8584,31.4365],[31.8509,31.4365],[31.8548,31.4232],[31.8789,31.4161],[31.8617,31.4076],[31.8379,31.4161],[31.8386,31.4108],[31.8304,31.4086],[31.8447,31.395],[31.8279,31.3684],[31.8369,31.3619],[31.8584,31.3615],[31.8584,31.354],[31.825,31.3607],[31.8106,31.354],[31.7972,31.3595],[31.7902,31.3435],[31.8027,31.3313],[31.7902,31.3266],[31.7959,31.311],[31.7691,31.2988],[31.7669,31.2847],[31.7842,31.2734],[31.7964,31.2783],[31.7902,31.2851],[31.8206,31.2783],[31.8286,31.2741],[31.8342,31.2516],[31.861,31.2424],[31.8858,31.2236],[31.9063,31.2516],[31.9006,31.2361],[31.9063,31.2236],[31.8926,31.2236],[31.8926,31.2168],[31.9063,31.2168],[31.8994,31.2032],[31.9129,31.2106],[31.9198,31.2032],[31.9198,31.2106],[31.9266,31.2106],[31.9216,31.1965],[31.9264,31.187],[31.9347,31.1876],[31.9403,31.2032],[31.9519,31.2046],[31.9866,31.2303],[32.0093,31.2236],[31.995,31.2236],[31.995,31.2168],[32.0093,31.2106],[32.0228,31.2236],[32.0371,31.2168],[32.0296,31.1895],[32.044,31.1964],[32.0404,31.1823],[32.0296,31.1758],[32.0369,31.1503],[32.0161,31.1349],[32.0161,31.1281],[32.0352,31.1297],[32.0501,31.1418],[32.0545,31.123],[32.0701,31.1144],[32.0701,31.1069],[32.0526,31.1008],[32.044,31.0865],[32.057,31.0797],[32.0838,31.0844],[32.0906,31.0797],[32.0838,31.066],[32.1065,31.0534],[32.1198,31.0529],[32.1321,31.0598],[32.1321,31.066],[32.1074,31.0728],[32.098,31.0933],[32.1463,31.0797],[32.1384,31.0933],[32.1594,31.0933],[32.1528,31.1066],[32.1663,31.1144],[32.1668,31.1083],[32.1799,31.1069],[32.176,31.1178],[32.1838,31.1249],[32.1948,31.1258],[32.2057,31.1092],[32.2341,31.1049],[32.2722,31.1189],[32.2835,31.1365],[32.2805,31.155],[32.2625,31.1696],[32.2898,31.1696],[32.2951,31.2134],[32.2705,31.2576],[32.283,31.2653],[32.2468,31.2792],[32.2141,31.2783],[32.207,31.2951],[32.3005,31.2814],[32.3138,31.2727],[32.3314,31.2714],[32.3338,31.2547],[32.3442,31.2419],[32.3899,31.2265],[32.4812,31.1489],[32.5095,31.1069],[32.5657,31.0705],[32.6016,31.061],[32.6875,31.0644],[32.762,31.0812],[32.9273,31.1554],[32.9273,31.1479],[32.8954,31.1374],[32.8396,31.1012],[32.7525,31.0714],[32.6665,31.0523],[32.715,31.0523],[32.715,31.0456],[32.7007,31.0387],[32.7313,31.0388],[32.7492,31.0523],[32.7695,31.0456],[32.8311,31.0797],[32.8931,31.1008],[32.9177,31.0922],[32.9067,31.0865],[32.9067,31.0797],[32.9172,31.0828],[32.9409,31.0933],[32.9409,31.1008],[32.9136,31.1008],[32.9136,31.1069],[32.9271,31.1118],[32.944,31.1079],[32.9688,31.0865],[32.9751,31.066],[32.9613,31.066],[33.0099,31.0563],[33.0234,31.066],[33.0234,31.0734],[33.0091,31.0797],[33.0091,31.0865],[33.0575,31.1008],[33.0525,31.1083],[33.0643,31.1349],[33.0303,31.1144],[33.0238,31.1077],[33.0303,31.1008],[32.9942,31.0985],[32.9544,31.1069],[32.9846,31.1095],[33.0303,31.1622],[33.0786,31.1758],[33.0978,31.1916],[33.1094,31.1964],[33.1265,31.1964],[33.1265,31.1895],[33.0986,31.1895],[33.0986,31.1833],[33.1577,31.1179],[33.1265,31.1008],[33.119,31.1069],[33.119,31.1008],[33.1447,31.0779],[33.1443,31.0626],[33.1333,31.0456],[33.1877,31.0617],[33.2214,31.0598],[33.2214,31.066],[33.2078,31.0734],[33.1948,31.066],[33.1948,31.0734],[33.2625,31.1008],[33.2698,31.1008],[33.2625,31.0933],[33.2698,31.0865],[33.2854,31.0927],[33.2966,31.0797],[33.304,31.0797],[33.3032,31.0998],[33.3176,31.1008],[33.2772,31.1069],[33.3865,31.1144],[33.3777,31.1326],[33.4064,31.1373],[33.4064,31.1554],[33.4207,31.1479],[33.4409,31.1512],[33.4995,31.1281],[33.5725,31.1216],[33.5921,31.1144],[33.5921,31.1213],[33.6148,31.1154],[33.648,31.1173],[33.8543,31.1635],[34.047,31.2292],[34.2227,31.3266],[34.2814,31.3767],[34.3016,31.4077],[34.3484,31.4376],[34.3682,31.4682],[34.4434,31.5346],[34.4788,31.5783],[34.6096,31.7655],[34.6932,31.9265],[34.7119,31.9516],[34.7433,32.0399],[34.7433,32.0604],[34.757,32.0666],[34.8377,32.2807],[34.9098,32.5703],[34.9191,32.643],[34.9421,32.7245],[34.9475,32.8142],[34.9556,32.8344],[34.9705,32.8414],[35.0034,32.8275],[35.0277,32.8266],[35.0671,32.8668],[35.0796,32.9058],[35.0778,32.9179],[35.0654,32.9231],[35.0785,32.9988],[35.0962,33.0504],[35.0921,33.0677],[35.1065,33.0808],[35.0996,33.0876],[35.1065,33.095],[35.0996,33.1013],[35.1255,33.1325],[35.1476,33.1403],[35.1678,33.1702],[35.1618,33.1769],[35.1711,33.1766],[35.1747,33.1702],[35.2048,33.2248],[35.2092,33.2546],[35.1883,33.28],[35.2097,33.2934],[35.2248,33.312],[35.2437,33.3557],[35.2505,33.4097],[35.2751,33.445],[35.271,33.4575],[35.3491,33.5139],[35.4006,33.6431],[35.3944,33.65],[35.4099,33.6613],[35.4216,33.7023],[35.4385,33.7114],[35.4378,33.7234],[35.4773,33.8039],[35.4832,33.8725],[35.4705,33.9021],[35.4866,33.913],[35.5173,33.9025],[35.572,33.91],[35.5931,33.9448],[35.5857,33.9509],[35.6135,33.9932],[35.6409,33.9994],[35.6404,34.0085],[35.6272,34.0198],[35.627,34.0443],[35.6433,34.0881],[35.6477,34.1191],[35.6304,34.1528],[35.6272,34.2011],[35.6477,34.2222],[35.653,34.2849],[35.6652,34.3113],[35.6887,34.3283],[35.7058,34.3166],[35.7507,34.3898],[35.8062,34.415],[35.8236,34.4345],[35.8054,34.4649],[35.824,34.4608],[35.9033,34.478],[35.9832,34.5386],[35.9888,34.5527],[35.9868,34.6208],[35.9312,34.741],[35.929,34.7907],[35.9085,34.8218],[35.8669,34.9242],[35.8814,34.945],[35.8735,34.9583],[35.8789,34.9702],[35.8735,34.9788],[35.9006,35.0219],[35.8879,35.0613],[35.8879,35.1092],[35.9413,35.1806],[35.9624,35.1979],[35.9533,35.2248],[35.9153,35.2879],[35.929,35.3215],[35.919,35.4177],[35.8606,35.4791],[35.8301,35.4935],[35.8184,35.5089],[35.7813,35.4996],[35.7705,35.5042],[35.7781,35.5412],[35.7371,35.5617],[35.7433,35.5821],[35.7234,35.5759],[35.7234,35.5821],[35.7634,35.5983],[35.7785,35.6127],[35.7844,35.6306],[35.7712,35.6678],[35.7766,35.6751],[35.8001,35.6815],[35.8403,35.7475],[35.8359,35.79],[35.7986,35.8497],[35.8709,35.8518],[35.8853,35.886],[35.9767,36.001],[35.9754,36.0185],[35.9484,36.0878],[35.8522,36.2135],[35.841,36.2445],[35.7986,36.2817],[35.7874,36.3043],[35.7887,36.3203],[35.8245,36.3611],[35.8568,36.3698],[35.8735,36.3977],[35.9085,36.4182],[35.9187,36.4482],[35.9424,36.4643],[35.9902,36.4796],[36.0449,36.5377],[36.1891,36.604],[36.2162,36.6578],[36.2025,36.6994],[36.2025,36.7692],[36.189,36.8017],[36.1299,36.8693],[36.0586,36.9184],[36.0203,36.9263],[35.985,36.9156],[35.9509,36.891],[35.8938,36.8349],[35.8539,36.8158],[35.8054,36.7751],[35.7671,36.7677],[35.6841,36.7646],[35.6477,36.754],[35.6135,36.7199],[35.6182,36.7316],[35.6067,36.7404],[35.573,36.7007],[35.5794,36.6851],[35.5945,36.7017],[35.6169,36.6962],[35.6198,36.7124],[35.634,36.6994],[35.6405,36.7134],[35.634,36.7267],[35.6481,36.7332],[35.6648,36.7124],[35.6961,36.7239],[35.7092,36.7199],[35.6502,36.6978],[35.6226,36.6807],[35.6067,36.6578],[35.6087,36.6469],[35.6668,36.6961],[35.6956,36.7062],[35.658,36.6752],[35.6331,36.6309],[35.6314,36.6072],[35.6235,36.6025],[35.5988,36.5915],[35.5571,36.5875],[35.5447,36.5895],[35.5037,36.6168],[35.49,36.6139],[35.4787,36.5985],[35.531,36.5827],[35.4455,36.5963],[35.4133,36.5837],[35.4045,36.5719],[35.374,36.5616],[35.346,36.5411],[35.3202,36.5647],[34.9823,36.7208],[34.9465,36.728],[34.9004,36.7199],[34.9079,36.7404],[34.8936,36.746],[34.8525,36.7813],[34.7708,36.8161],[34.765,36.8086],[34.7359,36.8217],[34.6929,36.8139],[34.5547,36.7676],[34.5339,36.7404],[34.5032,36.7267],[34.4152,36.6629],[34.2762,36.587],[34.1904,36.4985],[34.1777,36.4734],[34.1475,36.4592],[34.112,36.4296],[34.0773,36.4139],[34.0779,36.3288],[34.0578,36.3159],[33.9998,36.3029],[33.9893,36.2817],[33.9983,36.286],[33.9959,36.2795],[33.9688,36.2469],[33.959,36.2136],[33.9414,36.2134],[33.9509,36.2377],[33.946,36.2652],[33.9309,36.2905],[33.8711,36.3149],[33.8279,36.2717],[33.811,36.2674],[33.8247,36.2599],[33.7991,36.2307],[33.7428,36.2134],[33.7053,36.1817],[33.6882,36.137],[33.6603,36.1749],[33.6566,36.1887],[33.6472,36.1926],[33.6199,36.1855],[33.5523,36.1275],[33.5305,36.1308],[33.5442,36.137],[33.5442,36.1445],[33.4583,36.1581],[33.3865,36.137],[33.3268,36.1501],[33.3084,36.1322],[33.242,36.1308],[33.2124,36.1241],[33.1569,36.137],[33.134,36.1318],[33.0877,36.0828],[33.0711,36.0893],[33.0269,36.0893],[32.9409,36.1035],[32.8652,36.0718],[32.8037,36.0272],[32.6707,36.0467],[32.5679,36.0961],[32.5134,36.103],[32.4373,36.1387],[32.4196,36.1595],[32.3655,36.178],[32.3187,36.2286],[32.2873,36.2448],[32.2761,36.2878],[32.2527,36.3153],[32.1921,36.3584],[32.1743,36.4024],[32.1484,36.4337],[32.1321,36.4387],[32.1021,36.4862],[32.0188,36.5465],[31.9878,36.55],[31.9683,36.5616],[31.908,36.5626],[31.888,36.5811],[31.8625,36.5887],[31.8167,36.5895],[31.7691,36.61],[31.7366,36.6423],[31.7035,36.6436],[31.6276,36.6708],[31.5962,36.6957],[31.4076,36.7634],[31.3786,36.7676],[31.3763,36.7919],[31.3408,36.8086],[30.9397,36.857],[30.7759,36.8496],[30.7481,36.8557],[30.6865,36.8912],[30.6017,36.8381],[30.5698,36.7813],[30.5658,36.7002],[30.5767,36.6789],[30.5627,36.6625],[30.5562,36.6379],[30.5579,36.6196],[30.5767,36.5895],[30.5835,36.5963],[30.5672,36.5399],[30.5698,36.528],[30.5208,36.4897],[30.5088,36.4543],[30.4746,36.4016],[30.4763,36.3842],[30.5016,36.3636],[30.4942,36.3493],[30.5199,36.3419],[30.4788,36.3086],[30.4668,36.2878],[30.4782,36.2923],[30.488,36.2878],[30.4517,36.2618],[30.4274,36.2264],[30.3986,36.206],[30.4004,36.2481],[30.396,36.2655],[30.3843,36.2742],[30.3605,36.2686],[30.2546,36.3083],[30.1585,36.2987],[30.1493,36.2899],[30.1447,36.2543],[30.1384,36.2543],[30.131,36.2742],[30.1248,36.2469],[30.1106,36.2543],[30.1106,36.2401],[30.073,36.2469],[30.0482,36.2588],[30.0348,36.2543],[30.0559,36.2543],[30.0559,36.2469],[29.9885,36.2178],[29.9613,36.2139],[29.9165,36.2191],[29.8814,36.1984],[29.8301,36.1855],[29.8369,36.178],[29.8026,36.1718],[29.8026,36.165],[29.8231,36.165],[29.7796,36.1393],[29.7617,36.137],[29.7617,36.1445],[29.7754,36.1581],[29.7549,36.1507],[29.7434,36.161],[29.7192,36.1627],[29.707,36.1581],[29.7,36.1461],[29.6893,36.1445],[29.6724,36.1234],[29.6682,36.1438],[29.634,36.157],[29.6239,36.178],[29.6374,36.1724],[29.6421,36.187],[29.6345,36.1916],[29.5835,36.1855],[29.5835,36.1916],[29.5925,36.1958],[29.6239,36.1991],[29.6022,36.207],[29.5215,36.206],[29.4945,36.211],[29.4321,36.2401],[29.4204,36.2306],[29.4116,36.2674],[29.4058,36.2602],[29.3919,36.2674],[29.3816,36.2639],[29.3496,36.2326],[29.3294,36.2541],[29.3223,36.2469],[29.2567,36.297],[29.2346,36.3243],[29.175,36.3398],[29.1585,36.3568],[29.1447,36.3493],[29.1447,36.3772],[29.1169,36.3772],[29.1243,36.3834],[29.0964,36.3909],[29.1091,36.4065],[29.1304,36.4114],[29.1243,36.4182],[29.1301,36.4365],[29.1242,36.4536],[29.0964,36.4735],[29.0964,36.4796],[29.1243,36.4933],[29.1149,36.5527],[29.0964,36.5479],[29.0843,36.5602],[29.0364,36.5453],[29.0144,36.5479],[29.0327,36.5518],[29.0369,36.5615],[29.0205,36.5895],[29.0418,36.6243],[29.0558,36.6142],[29.0809,36.6386],[29.0964,36.6441],[29.0906,36.6271],[29.1106,36.6264],[29.1169,36.6342],[29.0964,36.6652],[29.0342,36.701],[28.9563,36.7275],[28.939,36.7513],[28.8909,36.7124],[28.8977,36.6994],[28.8635,36.6926],[28.8625,36.6679],[28.8499,36.6652],[28.8635,36.6509],[28.8568,36.6441],[28.8704,36.6305],[28.8766,36.6305],[28.888,36.6484],[28.884,36.6715],[28.9017,36.6583],[28.8954,36.6414],[28.8635,36.6168],[28.8696,36.6066],[28.8587,36.6013],[28.8289,36.6025],[28.8186,36.6117],[28.8186,36.6208],[28.8425,36.6305],[28.8425,36.6379],[28.805,36.6553],[28.7879,36.6509],[28.7827,36.6774],[28.7463,36.6977],[28.7017,36.7051],[28.6649,36.6926],[28.6599,36.711],[28.6492,36.7183],[28.6359,36.7145],[28.6234,36.6994],[28.6035,36.7335],[28.6167,36.767],[28.6141,36.7853],[28.6035,36.795],[28.6104,36.8017],[28.6062,36.8101],[28.6104,36.8161],[28.6035,36.8161],[28.5967,36.795],[28.5759,36.8195],[28.5462,36.8234],[28.5244,36.8133],[28.5278,36.7888],[28.4868,36.8017],[28.5005,36.8086],[28.5005,36.8161],[28.4639,36.8188],[28.4561,36.8285],[28.4526,36.8496],[28.4663,36.8533],[28.452,36.8836],[28.4362,36.8647],[28.3767,36.8544],[28.3906,36.8359],[28.4147,36.8371],[28.4248,36.8291],[28.396,36.7895],[28.377,36.7888],[28.315,36.8161],[28.3088,36.8161],[28.315,36.795],[28.2782,36.7965],[28.2739,36.8052],[28.2783,36.8142],[28.315,36.8223],[28.315,36.8291],[28.2731,36.852],[28.2572,36.8462],[28.2367,36.8132],[28.2395,36.7988],[28.2534,36.7888],[28.2489,36.7668],[28.2886,36.7426],[28.2951,36.7199],[28.2673,36.7309],[28.2531,36.7279],[28.2466,36.7124],[28.2336,36.7199],[28.2254,36.7062],[28.2336,36.6994],[28.1819,36.6846],[28.1623,36.6727],[28.1115,36.6042],[28.0881,36.5891],[28.0617,36.5963],[28.055,36.5866],[28.0418,36.5827],[28.048,36.569],[28.0359,36.5648],[28.0183,36.567],[28.0138,36.5759],[28.0037,36.5619],[27.9777,36.5657],[27.9661,36.5759],[27.9729,36.5895],[27.9592,36.6025],[28.0344,36.6025],[28.054,36.6096],[28.0896,36.6441],[28.0759,36.6578],[28.048,36.6379],[28.0612,36.6647],[28.058,36.6767],[28.0379,36.6906],[28.0296,36.6704],[28.0002,36.6789],[27.9802,36.6758],[27.9661,36.6888],[28.007,36.6994],[28.0002,36.7062],[28.0275,36.7062],[28.0418,36.7199],[28.0896,36.7267],[28.0859,36.7106],[28.1006,36.7096],[28.1164,36.7188],[28.1169,36.7335],[28.0822,36.7471],[28.11,36.7751],[28.1305,36.754],[28.1184,36.8006],[28.095,36.8014],[28.0691,36.7751],[28.0472,36.7633],[28.0393,36.7645],[28.0344,36.7751],[28.0197,36.7631],[27.9661,36.7471],[27.9592,36.7471],[27.9541,36.7596],[27.9177,36.7404],[27.9124,36.7541],[27.8903,36.7404],[27.8704,36.7526],[27.863,36.7404],[27.8562,36.7404],[27.8262,36.7575],[27.8065,36.7608],[27.7879,36.754],[27.7879,36.7608],[27.7761,36.7559],[27.7361,36.7608],[27.7194,36.7563],[27.6843,36.7267],[27.6869,36.7111],[27.6731,36.6796],[27.6712,36.6578],[27.6199,36.6765],[27.5597,36.6746],[27.5545,36.6851],[27.4863,36.6652],[27.4727,36.6509],[27.4484,36.6652],[27.4043,36.6652],[27.3941,36.6841],[27.3703,36.6789],[27.3628,36.6851],[27.3687,36.6974],[27.3558,36.7062],[27.3558,36.7124],[27.3848,36.705],[27.4143,36.7093],[27.4273,36.7357],[27.4496,36.754],[27.6115,36.7653],[27.6234,36.8017],[27.6454,36.8065],[27.6912,36.7843],[27.7054,36.7888],[27.7212,36.7817],[27.76,36.7813],[27.7991,36.8066],[27.8971,36.8123],[27.94,36.7956],[27.9942,36.7984],[28.0275,36.7813],[28.0308,36.7917],[28.0554,36.8086],[28.0396,36.8266],[28.007,36.8291],[28.0138,36.8359],[28.0233,36.8332],[28.0246,36.8391],[28.007,36.857],[28.0554,36.8707],[28.0213,36.9116],[28.0344,36.9042],[28.0418,36.9116],[28.0275,36.9259],[28.0617,36.9259],[28.0617,36.9321],[28.0418,36.9321],[28.0418,36.9389],[28.0654,36.9393],[28.0822,36.9321],[28.0935,36.9379],[28.1033,36.9321],[28.1201,36.9377],[28.1419,36.9287],[28.1572,36.9321],[28.1653,36.9116],[28.1681,36.9334],[28.1572,36.9389],[28.1572,36.9458],[28.1745,36.946],[28.1852,36.9389],[28.2124,36.9731],[28.2124,36.9805],[28.1989,36.9805],[28.2124,37.0004],[28.2446,36.9882],[28.2531,36.9937],[28.2466,37.0079],[28.3296,37.0305],[28.3294,37.0368],[28.3047,37.0508],[28.1743,37.0351],[28.1262,37.0359],[28.1073,37.0321],[28.11,37.0141],[28.0929,37.0214],[27.9866,37.0351],[27.9518,37.0215],[27.8862,37.0262],[27.8047,37.0046],[27.7879,37.0079],[27.7804,36.9936],[27.7395,36.9936],[27.7197,37.0052],[27.6877,37.0054],[27.6558,36.9965],[27.6365,36.9805],[27.5903,36.9983],[27.5671,36.9966],[27.562,36.9731],[27.5283,36.9913],[27.4727,36.9936],[27.4385,37.0277],[27.4235,37.0272],[27.4081,37.0168],[27.4043,37.0277],[27.3968,37.0277],[27.3833,36.9936],[27.3765,37.0277],[27.3286,37.0141],[27.3327,36.9971],[27.3265,36.986],[27.3006,36.9731],[27.3081,36.9594],[27.287,36.9594],[27.2809,36.9669],[27.2632,36.9634],[27.2527,36.9783],[27.2461,37.0178],[27.2288,37.0618],[27.2391,37.083],[27.2642,37.089],[27.2944,37.1103],[27.2791,37.1176],[27.2604,37.1103],[27.2529,37.124],[27.2604,37.1177],[27.2717,37.1289],[27.303,37.1196],[27.3218,37.124],[27.3218,37.1587],[27.3396,37.1505],[27.3423,37.1301],[27.349,37.1301],[27.3616,37.1486],[27.3693,37.1507],[27.3765,37.1444],[27.3833,37.1518],[27.3866,37.1301],[27.4043,37.1301],[27.4255,37.1196],[27.4385,37.124],[27.431,37.1177],[27.4456,37.097],[27.4598,37.0895],[27.5415,37.126],[27.5651,37.1256],[27.5755,37.1301],[27.5755,37.1376],[27.5545,37.1301],[27.5472,37.1618],[27.5278,37.1928],[27.5877,37.1988],[27.5755,37.1785],[27.6099,37.1997],[27.5886,37.2111],[27.5894,37.2307],[27.6099,37.2475],[27.616,37.2747],[27.5944,37.2838],[27.5894,37.2747],[27.5532,37.2729],[27.5432,37.2498],[27.5147,37.2293],[27.5,37.2338],[27.5178,37.246],[27.5199,37.2591],[27.5088,37.2681],[27.4863,37.2679],[27.4636,37.252],[27.4614,37.2675],[27.4863,37.2952],[27.4914,37.3273],[27.4802,37.3437],[27.4727,37.3437],[27.4685,37.3156],[27.4461,37.3056],[27.4183,37.3095],[27.3968,37.3231],[27.3887,37.3453],[27.3967,37.3656],[27.4152,37.3817],[27.4385,37.3908],[27.4265,37.406],[27.4072,37.4127],[27.3703,37.4051],[27.3462,37.3706],[27.3218,37.3709],[27.3218,37.3635],[27.3364,37.3557],[27.3303,37.3516],[27.2715,37.3486],[27.2461,37.3362],[27.2317,37.3481],[27.2188,37.3437],[27.2119,37.3573],[27.2013,37.3523],[27.1908,37.3573],[27.2075,37.3764],[27.2051,37.3983],[27.2262,37.4051],[27.2175,37.4313],[27.2225,37.4768],[27.2051,37.4727],[27.1926,37.4787],[27.1777,37.4665],[27.1904,37.5127],[27.1846,37.528],[27.1882,37.5345],[27.1804,37.5446],[27.1846,37.5559],[27.2004,37.5476],[27.2093,37.5633],[27.2085,37.5969],[27.1362,37.631],[27.0488,37.6501],[27.0115,37.6657],[27.0208,37.6863],[27.1272,37.6885],[27.2131,37.7134],[27.2495,37.7443],[27.2616,37.8035],[27.2604,37.816],[27.2372,37.8454],[27.2391,37.8644],[27.2604,37.8842],[27.2654,37.9017],[27.2604,37.919],[27.2748,37.929],[27.2663,37.9514],[27.2391,37.9879],[27.214,37.9809],[27.1411,37.986],[27.1164,37.9941],[27.1019,38.0127],[27.0702,38.02],[27.0647,38.0406],[27.0559,38.0457],[26.9754,38.0653],[26.9492,38.0674],[26.8934,38.0562],[26.8731,38.0351],[26.8421,38.0761],[26.8464,38.1034],[26.8352,38.1313],[26.7936,38.1723],[26.7761,38.1652],[26.7737,38.207],[26.7603,38.2167],[26.7083,38.207],[26.6359,38.2036],[26.6229,38.1387],[26.6092,38.145],[26.6122,38.1179],[26.6071,38.1083],[26.595,38.1039],[26.5676,38.145],[26.5671,38.124],[26.5569,38.1223],[26.5238,38.1474],[26.5155,38.1657],[26.5193,38.1797],[26.4917,38.174],[26.4422,38.212],[26.4175,38.2206],[26.4242,38.2002],[26.4175,38.2002],[26.3901,38.2238],[26.3949,38.2517],[26.3901,38.2617],[26.3833,38.2617],[26.375,38.2348],[26.354,38.2283],[26.3286,38.2351],[26.2866,38.2611],[26.2346,38.2738],[26.2388,38.2958],[26.2654,38.2867],[26.2859,38.3187],[26.3076,38.3231],[26.3076,38.3305],[26.2889,38.3406],[26.2861,38.359],[26.2941,38.3699],[26.3076,38.3579],[26.3118,38.3712],[26.3211,38.3777],[26.3259,38.3549],[26.3143,38.3367],[26.3464,38.3288],[26.3561,38.3169],[26.385,38.3184],[26.3919,38.325],[26.3833,38.3436],[26.3989,38.3355],[26.4175,38.3367],[26.4759,38.3669],[26.4771,38.3869],[26.468,38.4076],[26.4515,38.4187],[26.4515,38.4261],[26.4891,38.4062],[26.4979,38.4073],[26.513,38.4329],[26.4408,38.4728],[26.422,38.4697],[26.4072,38.4534],[26.3879,38.4543],[26.4038,38.4875],[26.3696,38.5353],[26.3758,38.5286],[26.3591,38.577],[26.349,38.6355],[26.3563,38.6617],[26.403,38.6773],[26.4656,38.6727],[26.5056,38.6527],[26.5558,38.6054],[26.5608,38.59],[26.584,38.5609],[26.6304,38.5192],[26.6433,38.4677],[26.6292,38.4609],[26.6109,38.4684],[26.5881,38.4609],[26.6052,38.4538],[26.5881,38.4187],[26.6118,38.4162],[26.6221,38.4053],[26.6571,38.3288],[26.6731,38.3072],[26.6946,38.3132],[26.7,38.3258],[26.6775,38.3436],[26.6707,38.3852],[26.6873,38.4197],[26.7024,38.4302],[26.7191,38.4261],[26.7191,38.4329],[26.7254,38.4329],[26.7482,38.4047],[26.7669,38.3641],[26.7874,38.3715],[26.7951,38.3586],[26.8455,38.3715],[26.9246,38.3777],[26.9898,38.3989],[27.0134,38.4125],[27.0425,38.4076],[27.0612,38.4125],[27.0886,38.4022],[27.1642,38.4466],[27.1642,38.4534],[27.1545,38.4594],[27.1431,38.4534],[27.1362,38.4609],[27.117,38.4539],[27.0747,38.4534],[27.0491,38.4632],[27.0223,38.4625],[26.9354,38.4349],[26.9451,38.4466],[26.9279,38.456],[26.8976,38.4947],[26.8493,38.5124],[26.8269,38.5262],[26.8147,38.5428],[26.8742,38.5075],[26.8898,38.508],[26.8778,38.5264],[26.8352,38.549],[26.8489,38.5974],[26.8342,38.6082],[26.8137,38.5976],[26.7936,38.5974],[26.801,38.6117],[26.7532,38.6179],[26.7595,38.6384],[26.7464,38.6387],[26.7191,38.6527],[26.7337,38.6636],[26.7532,38.6663],[26.7332,38.6896],[26.7191,38.7209],[26.7376,38.7308],[26.7889,38.7394],[26.8182,38.7554],[26.8306,38.7473],[26.9035,38.7346],[26.8972,38.7483],[26.923,38.7622],[26.9314,38.7551],[26.9351,38.7705],[26.9314,38.7893],[26.9246,38.7817],[26.8972,38.8166],[26.9377,38.8302],[26.9439,38.8087],[26.9608,38.8061],[26.9714,38.8192],[26.9588,38.8445],[26.9909,38.855],[27.0134,38.8712],[27.0335,38.8605],[27.055,38.8711],[27.0627,38.8869],[27.0413,38.8917],[27.0579,38.9185],[27.0578,38.9298],[27.0413,38.9401],[27.0129,38.9221],[26.9826,38.9196],[26.9624,38.9401],[26.9343,38.9309],[26.9246,38.9401],[26.8662,38.9134],[26.8401,38.9359],[26.8065,38.9501],[26.7972,38.9731],[26.7992,38.9984],[26.8147,39.022],[26.7936,39.022],[26.8291,39.0473],[26.8731,39.0629],[26.8831,39.0716],[26.8753,39.0909],[26.8237,39.1491],[26.7712,39.1731],[26.7378,39.1972],[26.739,39.2076],[26.7188,39.2629],[26.7014,39.269],[26.6291,39.2684],[26.6092,39.2752],[26.6193,39.2831],[26.6326,39.3134],[26.6455,39.3176],[26.6548,39.3132],[26.6538,39.3065],[26.6359,39.3032],[26.6359,39.2969],[26.656,39.2943],[26.6707,39.2827],[26.6648,39.2981],[26.6703,39.306],[26.6912,39.3162],[26.7088,39.3369],[26.8147,39.3994],[26.801,39.4062],[26.801,39.4335],[26.8508,39.4398],[26.863,39.4472],[26.8521,39.4618],[26.8679,39.4715],[26.9299,39.4877],[26.9451,39.5396],[26.9377,39.5748],[26.8934,39.5844],[26.8329,39.5568],[26.8079,39.5707],[26.4568,39.5212],[26.3622,39.4814],[26.2866,39.4876],[26.263,39.4814],[26.2493,39.4656],[26.2318,39.4745],[26.1528,39.4592],[26.113,39.4592],[26.0742,39.4745],[26.07,39.4963],[26.1107,39.5979],[26.1482,39.626],[26.1567,39.6492],[26.1636,39.7042],[26.1364,39.7557],[26.1499,39.7761],[26.155,39.8262],[26.1517,39.8352],[26.1364,39.8376],[26.1567,39.899],[26.1526,39.9426],[26.1873,40.0],[26.2511,39.9949],[26.261,40.0],[49.4787,40.0],[49.4839,39.9887],[49.4354,39.9577],[49.4237,39.9355],[49.4282,39.9064],[49.4431,39.8734],[49.4385,39.8618],[49.4165,39.8437],[49.4214,39.8102],[49.4009,39.7966],[49.3948,39.7825],[49.4009,39.7693],[49.3963,39.7562],[49.4248,39.7181],[49.4236,39.7095],[49.384,39.6901],[49.318,39.6214],[49.319,39.6042],[49.2971,39.5656],[49.2849,39.5222],[49.2858,39.4952],[49.2957,39.4767],[49.3888,39.4108],[49.4089,39.3864],[49.3973,39.3452],[49.4071,39.3237],[49.3669,39.351],[49.3791,39.3198],[49.4071,39.2969],[49.4071,39.2895],[49.3845,39.2937],[49.3577,39.3201],[49.3064,39.3465],[49.2731,39.3366],[49.2473,39.3107],[49.2371,39.279],[49.2378,39.1695],[49.2108,39.0908],[49.2033,39.0341],[49.1939,39.0163],[49.1188,38.9753],[49.0793,38.9633],[49.0515,38.981],[49.0558,39.0075],[49.0652,39.0151],[49.1255,39.0281],[49.1468,39.0634],[49.1477,39.0834],[49.1364,39.1023],[49.1164,39.1103],[49.0686,39.1114],[49.0589,39.1728],[49.0412,39.1844],[48.9676,39.1838],[48.9496,39.1513],[48.947,39.1275],[48.9348,39.1244],[48.9364,39.0531],[48.9526,39.0316],[48.9217,38.9355],[48.8987,38.8931],[48.8679,38.8638],[48.8318,38.8712],[48.8347,38.8193],[48.8631,38.7567],[48.8772,38.3462],[48.8659,38.3169],[48.8729,38.2956],[48.8748,38.2427],[48.8937,38.2058],[48.9077,38.0835],[48.9491,37.9669],[48.9412,37.9477],[48.9445,37.9034],[48.9875,37.8425],[48.9832,37.816],[48.9937,37.7768],[49.0145,37.7392],[49.0652,37.6789],[49.1325,37.6234],[49.2056,37.5817],[49.3669,37.515],[49.4417,37.4949],[49.8262,37.4536],[49.9338,37.4744],[49.9695,37.4597],[49.9431,37.4616],[49.9353,37.4536],[50.0187,37.4277],[50.1488,37.4039],[50.1956,37.3893],[50.2273,37.3654],[50.2233,37.3293],[50.2451,37.2793],[50.2687,37.2469],[50.2922,37.1928],[50.3223,37.1533],[50.4295,37.083],[50.4789,37.035],[50.5134,37.0233],[50.624,36.9633],[50.6587,36.9543],[50.7031,36.9184],[50.8609,36.8496],[51.0047,36.7676],[51.0886,36.737],[51.3678,36.6926],[51.5461,36.6509],[51.731,36.6243],[51.909,36.5827],[52.0941,36.6025],[52.2586,36.6509],[52.4305,36.6851],[52.7793,36.7404],[53.1157,36.8223],[53.4476,36.8819],[53.8859,36.9058],[53.9578,36.9196],[54.0065,36.9526],[54.0042,36.9146],[53.9476,36.8987],[53.8765,36.8917],[53.8182,36.8752],[53.7771,36.8837],[53.719,36.8707],[53.6091,36.8769],[53.617,36.8657],[53.631,36.862],[53.6638,36.8632],[53.636,36.857],[53.6602,36.8312],[53.701,36.8166],[53.8565,36.8055],[53.8892,36.7936],[54.0143,36.8211],[54.0262,36.8291],[54.0331,36.8458],[54.0335,36.9491],[54.0281,36.9662],[53.9944,36.9792],[53.9972,36.9937],[54.02,37.0277],[53.9963,37.0573],[53.9803,37.0941],[53.958,37.1785],[53.9232,37.258],[53.8997,37.4684],[53.8652,37.5673],[53.8606,37.6113],[53.8249,37.7449],[53.8071,38.032],[53.8589,38.2065],[53.855,38.2337],[53.8665,38.2651],[53.863,38.3814],[53.8482,38.4125],[53.8283,38.5036],[53.8361,38.6061],[53.863,38.6794],[53.9098,38.7377],[53.9269,38.7737],[53.917,38.8035],[53.932,38.8131],[53.9456,38.8513],[53.9828,38.916],[53.9729,38.9134],[53.9714,38.9343],[53.958,38.9445],[53.9232,38.9543],[53.917,38.9674],[53.8967,38.9742],[53.8709,39.0284],[53.8597,39.0352],[53.7874,39.0425],[53.7673,39.031],[53.7478,39.0544],[53.7219,39.1114],[53.7122,39.1043],[53.7321,39.0567],[53.7015,39.0785],[53.6947,39.0971],[53.7053,39.1242],[53.698,39.1523],[53.7321,39.1728],[53.7024,39.1751],[53.7022,39.1962],[53.7246,39.2417],[53.6763,39.2162],[53.66,39.2004],[53.6741,39.1933],[53.6838,39.0834],[53.636,39.1387],[53.6234,39.1916],[53.6017,39.1933],[53.6086,39.2358],[53.5983,39.2417],[53.5676,39.1933],[53.564,39.2167],[53.5687,39.2463],[53.5881,39.3032],[53.5608,39.2827],[53.5813,39.3305],[53.554,39.3237],[53.565,39.3452],[53.562,39.3533],[53.5335,39.3305],[53.5261,39.3379],[53.4714,39.3305],[53.4525,39.3181],[53.4434,39.3188],[53.4441,39.3379],[53.4373,39.3379],[53.4188,39.3181],[53.3894,39.3106],[53.4032,39.3379],[53.3752,39.3379],[53.3616,39.3305],[53.3479,39.3441],[53.2933,39.3305],[53.2969,39.3491],[53.2647,39.3529],[53.2386,39.3647],[53.1499,39.3441],[53.1978,39.3237],[53.173,39.2883],[53.1721,39.2554],[53.1841,39.2138],[53.1815,39.1894],[53.1719,39.1775],[53.1615,39.1796],[53.1369,39.3214],[53.0887,39.3832],[53.0852,39.4005],[53.0947,39.4199],[53.1328,39.4506],[53.1454,39.484],[53.1655,39.4967],[53.1782,39.5157],[53.2146,39.5935],[53.2417,39.6363],[53.2759,39.6649],[53.3137,39.6588],[53.2774,39.6392],[53.2485,39.6079],[53.2352,39.5707],[53.2113,39.5502],[53.217,39.5251],[53.2541,39.5212],[53.3635,39.5381],[53.4268,39.536],[53.4468,39.5306],[53.4783,39.4887],[53.4922,39.4808],[53.5679,39.4677],[53.5772,39.4678],[53.5813,39.4779],[53.5774,39.4953],[53.5608,39.5018],[53.5737,39.5273],[53.5861,39.5239],[53.6154,39.4949],[53.6345,39.4953],[53.6636,39.5173],[53.6838,39.5222],[53.716,39.5093],[53.7362,39.5179],[53.7332,39.528],[53.7116,39.5434],[53.6471,39.5583],[53.6292,39.5707],[53.6546,39.5821],[53.6555,39.5929],[53.6331,39.6183],[53.5716,39.6164],[53.5645,39.6527],[53.5335,39.6805],[53.5397,39.6321],[53.5335,39.6321],[53.4971,39.6765],[53.471,39.6964],[53.4441,39.7011],[53.4578,39.6731],[53.4299,39.6867],[53.4304,39.6677],[53.4492,39.6486],[53.4509,39.6321],[53.4168,39.65],[53.4129,39.6857],[53.4299,39.7625],[53.3934,39.7575],[53.382,39.7625],[53.382,39.7693],[53.4152,39.782],[53.4993,39.8655],[53.485,39.8854],[53.5371,39.8963],[53.537,39.9038],[53.5261,39.9127],[53.5671,39.9495],[53.5745,39.9679],[53.5608,39.9611],[53.5436,39.9743],[53.4919,39.9748],[53.4428,40.0],[64.0,40.0],[64.0,25.4301],[63.9766,25.4128],[63.9971,25.4196],[64.0,25.4125],[64.0,25.3388],[63.9697,25.3445],[63.9441,25.3349],[63.9066,25.3412],[63.8049,25.375],[63.7378,25.3853],[63.6047,25.3744],[63.5725,25.365],[63.5376,25.3445],[63.4852,25.2843],[63.4695,25.2893],[63.4817,25.2602],[63.5187,25.2209],[63.5117,25.2003],[63.5005,25.1937],[63.4688,25.199],[63.4111,25.2225],[63.377,25.2278],[63.3081,25.2204],[63.1785,25.258],[63.1441,25.2609],[63.1131,25.2551],[63.051,25.2242],[63.0278,25.2204],[62.9424,25.2278],[62.7705,25.2619],[62.605,25.266],[62.4772,25.2591],[62.465,25.2373],[62.4676,25.2235],[62.4894,25.2142],[62.4695,25.2067],[62.4443,25.2139],[62.4138,25.2065],[62.3659,25.1794],[62.3431,25.1555],[62.3362,25.1398],[62.3391,25.1247],[62.352,25.1128],[62.3872,25.1016],[62.3811,25.0876],[62.29,25.09],[62.2561,25.0986],[62.2908,25.1247],[62.3153,25.1302],[62.3181,25.1418],[62.2975,25.1851],[62.2542,25.212],[62.1918,25.2201],[62.1452,25.2184],[62.08,25.1972],[62.059,25.1616],[62.0731,25.1506],[62.0778,25.1277],[62.0972,25.1071],[62.0756,25.1007],[61.9295,25.1096],[61.8811,25.103],[61.8574,25.0668],[61.8473,25.0379],[61.8352,25.0384],[61.7905,25.0178],[61.7549,25.0135],[61.7296,25.0218],[61.7201,25.0374],[61.7258,25.0589],[61.7359,25.0695],[61.7285,25.0831],[61.7324,25.0916],[61.76,25.1154],[61.7668,25.1457],[61.7801,25.1625],[61.7796,25.1911],[61.7495,25.1732],[61.6942,25.2005],[61.5882,25.2021],[61.5798,25.2335],[61.5545,25.2541],[61.5447,25.2483],[61.5373,25.2204],[61.5584,25.2005],[61.5042,25.2088],[61.4826,25.1937],[61.5062,25.1868],[61.5242,25.1732],[61.4895,25.1186],[61.4206,25.0969],[61.4351,25.0877],[61.4117,25.0594],[61.2435,25.1119],[61.1851,25.1232],[61.1855,25.1396],[61.1703,25.1644],[61.0306,25.2098],[60.8667,25.2346],[60.7277,25.2644],[60.6335,25.275],[60.617,25.2832],[60.6323,25.2961],[60.6082,25.3276],[60.6016,25.406],[60.5497,25.4469],[60.5142,25.4473],[60.4456,25.4282],[60.4285,25.4196],[60.3953,25.3779],[60.402,25.3447],[60.4377,25.3339],[60.4522,25.3174],[60.4411,25.3166],[60.4701,25.3031],[60.4672,25.2903],[60.3626,25.3306],[60.3192,25.3299],[60.2903,25.3513],[60.304,25.3712],[60.2894,25.3772],[60.235,25.378],[60.2015,25.3712],[60.1926,25.3561],[60.216,25.3383],[60.2092,25.3197],[60.182,25.3199],[60.1619,25.332],[60.1167,25.3398],[60.082,25.3659],[59.9408,25.3549],[59.9038,25.3299],[59.8617,25.3431],[59.8199,25.3792],[59.7749,25.3899],[59.614,25.3838],[59.538,25.3997],[59.4904,25.4435],[59.4539,25.4616],[59.1953,25.4229],[59.1172,25.3942],[59.0941,25.4064],[59.0669,25.3985],[59.044,25.3996],[59.0073,25.4097],[58.9943,25.4196],[58.9235,25.5134],[58.8845,25.5295],[58.8403,25.5329],[58.8252,25.5604],[58.8137,25.5636],[58.728,25.5636],[58.5464,25.5937],[58.4841,25.5847],[58.4305,25.588],[58.4118,25.596],[58.419,25.612],[58.3576,25.6046],[58.3211,25.5808],[58.3059,25.5773],[58.2907,25.5837],[58.2608,25.5657],[58.2483,25.5739],[58.2073,25.5493],[58.1704,25.5441],[58.0731,25.5636],[58.0462,25.5749],[58.0242,25.6019],[57.9943,25.6592],[57.9632,25.6932],[57.9253,25.7013],[57.884,25.6916],[57.8435,25.6728],[57.7874,25.6354],[57.7717,25.6356],[57.7831,25.6998],[57.7713,25.7305],[57.7556,25.7427],[57.7097,25.7485],[57.6318,25.7349],[57.5872,25.7485],[57.5207,25.7436],[57.4525,25.7629],[57.46,25.769],[57.3262,25.777],[57.3115,25.7841],[57.2987,25.8487],[57.2536,25.959],[57.2197,25.995],[57.1986,25.995],[57.1668,26.083],[57.1709,26.1156],[57.202,26.1462],[57.2129,26.1662],[57.1992,26.1982],[57.1331,26.2637],[57.1384,26.2904],[57.131,26.2966],[57.1182,26.3643],[57.0803,26.4154],[57.0763,26.4475],[57.0934,26.5722],[57.09,26.6188],[57.0249,26.851],[56.9652,26.9111],[56.9665,26.9272],[56.9255,26.9551],[56.9401,26.9543],[56.9733,26.9688],[56.9636,26.9851],[56.9733,27.003],[56.9324,26.9893],[56.8909,27.017],[56.8713,27.0084],[56.8655,27.0119],[56.8635,27.0303],[56.8506,27.0277],[56.8441,27.0402],[56.8846,27.0706],[56.8846,27.0781],[56.8553,27.0817],[56.8314,27.0961],[56.8152,27.117],[56.8088,27.1396],[56.7844,27.1253],[56.7573,27.1252],[56.7424,27.1296],[56.7161,27.1531],[56.6123,27.1542],[56.5897,27.1606],[56.5829,27.1531],[56.5286,27.1707],[56.4365,27.1789],[56.3841,27.1975],[56.2912,27.1985],[56.2596,27.1912],[56.2152,27.1679],[56.1237,27.1606],[56.0989,27.141],[56.0935,27.1256],[55.9873,27.0664],[55.9284,27.0234],[55.8425,27.0098],[55.7984,27.0098],[55.7637,26.9962],[55.6848,27.003],[55.6659,26.9954],[55.6086,26.9537],[55.5545,26.8999],[55.5824,26.9136],[55.5864,26.8891],[55.5804,26.8591],[55.5545,26.8105],[55.5217,26.7846],[55.4841,26.7675],[55.4422,26.7599],[55.3973,26.7622],[55.3167,26.7871],[55.2708,26.7925],[55.2329,26.7764],[55.2059,26.7264],[55.1033,26.7013],[54.9307,26.5727],[54.791,26.4958],[54.7497,26.5089],[54.6638,26.502],[54.62,26.5082],[54.5906,26.56],[54.5613,26.5847],[54.5166,26.5925],[54.4256,26.5893],[54.3894,26.6051],[54.3377,26.6934],[54.3081,26.715],[54.2869,26.7187],[54.2476,26.7108],[54.1504,26.7082],[54.0537,26.7316],[54.0345,26.7453],[54.0158,26.7495],[53.9294,26.718],[53.8428,26.7021],[53.8208,26.7013],[53.7517,26.7161],[53.7283,26.7047],[53.4915,26.8543],[53.4772,26.8701],[53.4714,26.8896],[53.4691,26.9372],[53.4611,26.9571],[53.4441,26.9757],[53.4121,26.9936],[53.072,27.0969],[53.0287,27.1041],[52.9922,27.147],[52.9326,27.1603],[52.9147,27.192],[52.8483,27.2153],[52.7322,27.3013],[52.6013,27.3529],[52.5807,27.3723],[52.5791,27.3928],[52.5886,27.4055],[52.6052,27.4121],[52.6665,27.4154],[52.679,27.4253],[52.6701,27.4486],[52.5984,27.4858],[52.5676,27.5407],[52.4596,27.6326],[52.4231,27.6466],[52.2449,27.6814],[52.2072,27.6982],[52.0892,27.7954],[52.0526,27.8174],[52.0112,27.8327],[51.9637,27.8384],[51.8943,27.8309],[51.8596,27.8459],[51.7228,27.8251],[51.6834,27.8306],[51.5851,27.8493],[51.5703,27.8776],[51.4964,27.893],[51.4521,27.9475],[51.4282,27.9611],[51.4204,27.9332],[51.3999,27.9317],[51.3803,27.9914],[51.3606,28.0164],[51.3452,28.0527],[51.3075,28.1071],[51.2698,28.1405],[51.2648,28.1605],[51.2869,28.2143],[51.2853,28.2409],[51.2648,28.2705],[51.2176,28.3114],[51.1824,28.3598],[51.1419,28.4008],[51.0807,28.5339],[51.0725,28.5653],[51.0715,28.6927],[51.0588,28.7359],[51.0364,28.7725],[51.0109,28.7991],[50.9787,28.8166],[50.8761,28.832],[50.86,28.8625],[50.813,28.9147],[50.8049,28.9336],[50.7988,28.9611],[50.8026,28.9858],[50.8233,28.9966],[50.8625,28.9761],[50.8887,28.9414],[50.8993,28.9494],[50.8949,28.9761],[50.929,29.0097],[50.9299,29.0546],[50.9202,29.069],[50.9017,29.0649],[50.8933,29.0939],[50.8744,29.1133],[50.8508,29.1055],[50.8403,29.1406],[50.7383,29.1401],[50.6937,29.1234],[50.6659,29.1264],[50.6438,29.1435],[50.6349,29.1713],[50.6358,29.2077],[50.6675,29.2573],[50.6826,29.2431],[50.6895,29.2908],[50.6736,29.2996],[50.6615,29.3188],[50.6686,29.3433],[50.6682,29.3823],[50.6553,29.4491],[50.6227,29.4931],[50.6074,29.4995],[50.6069,29.4696],[50.5728,29.518],[50.52,29.556],[50.4888,29.6054],[50.4561,29.6341],[50.397,29.6547],[50.3816,29.685],[50.3133,29.764],[50.2438,29.8668],[50.1838,29.9031],[50.1449,29.9381],[50.134,29.9835],[50.1497,29.9852],[50.1533,29.991],[50.134,30.0041],[50.1448,30.0379],[50.1218,30.0945],[50.1277,30.1207],[50.0979,30.1485],[50.0734,30.1957],[50.0588,30.2046],[50.0241,30.2163],[49.9883,30.2199],[49.9146,30.2039],[49.6008,30.0301],[49.5645,30.0168],[49.5322,30.0229],[49.5041,30.0587],[49.5012,30.1201],[49.4798,30.1561],[49.4593,30.1652],[49.4282,30.1685],[49.384,30.1617],[49.3499,30.1753],[49.2918,30.1585],[49.2451,30.1565],[49.2357,30.1651],[49.2371,30.2064],[49.216,30.2238],[49.2212,30.2646],[49.2092,30.2715],[49.1929,30.2377],[49.1785,30.2259],[49.1614,30.2238],[49.1433,30.2335],[49.124,30.2564],[49.0835,30.2648],[49.0173,30.2983],[49.0037,30.3094],[48.9971,30.3416],[48.9795,30.3618],[48.9212,30.3808],[48.9318,30.3972],[48.9486,30.4011],[49.0108,30.3959],[49.062,30.4081],[49.1764,30.3727],[49.2029,30.3466],[49.2277,30.3892],[49.2629,30.4326],[49.2638,30.4497],[49.2432,30.446],[49.2283,30.4544],[49.219,30.4698],[49.2112,30.5063],[49.1682,30.477],[49.1751,30.4975],[49.1668,30.5088],[49.134,30.4975],[49.1101,30.518],[49.0894,30.5111],[49.0344,30.5193],[49.0173,30.5111],[48.9815,30.5156],[48.953,30.5002],[48.9456,30.4797],[49.0044,30.464],[49.0295,30.4503],[49.0373,30.4325],[49.0173,30.4149],[48.9348,30.4186],[48.8801,30.3746],[48.8623,30.3456],[48.8737,30.3367],[48.8596,30.3162],[48.867,30.2947],[48.9212,30.2504],[48.936,30.2101],[48.9417,30.1651],[48.928,30.1207],[48.9348,30.0797],[48.9286,30.06],[48.8972,30.0294],[48.8767,30.0245],[48.8088,30.0314],[48.7914,30.0245],[48.772,30.0324],[48.702,30.0319],[48.6433,30.0554],[48.6406,30.0381],[48.6616,29.9935],[48.6514,29.975],[48.6109,29.957],[48.5374,29.963],[48.5374,29.9699],[48.5308,29.9562],[48.5549,29.9565],[48.5593,29.9466],[48.5469,29.9347],[48.5205,29.9289],[48.4119,29.9384],[48.3355,29.9614],[48.2996,29.9845],[48.2647,29.994],[48.2092,30.0245],[48.1192,30.045],[48.0763,30.0456],[48.0383,30.0369],[47.969,30.0041],[47.9517,30.0883],[47.9348,30.1071],[47.9485,30.0623],[47.9409,30.0265],[47.9485,30.0176],[47.948,29.994],[47.9753,29.9426],[47.9827,29.8607],[47.9956,29.8277],[48.0217,29.7797],[48.0524,29.743],[48.0789,29.744],[48.1192,29.6545],[48.1613,29.6016],[48.1809,29.5622],[48.1768,29.5419],[48.1545,29.5391],[48.1135,29.5546],[48.0859,29.575],[48.0239,29.5848],[47.9655,29.5763],[47.9106,29.5318],[47.8493,29.502],[47.807,29.4676],[47.7639,29.4129],[47.7184,29.3942],[47.7047,29.3636],[47.7917,29.3725],[47.8373,29.3875],[47.8512,29.3802],[47.8226,29.3634],[47.8164,29.3376],[47.8409,29.3229],[47.8579,29.323],[47.8992,29.3352],[47.9054,29.3593],[47.9202,29.3649],[47.9393,29.3594],[47.9699,29.3872],[47.9857,29.3938],[48.0252,29.3549],[48.0633,29.3434],[48.1003,29.35],[48.0921,29.2872],[48.0954,29.2577],[48.1061,29.2135],[48.1338,29.1536],[48.1585,29.0173],[48.176,28.9838],[48.2259,28.9183],[48.241,28.9057],[48.2795,28.8944],[48.2769,28.8396],[48.3288,28.76],[48.3936,28.7434],[48.3796,28.7104],[48.3867,28.6751],[48.3662,28.6887],[48.366,28.6757],[48.3799,28.6677],[48.3677,28.6567],[48.3527,28.6614],[48.3518,28.6405],[48.361,28.6356],[48.3867,28.654],[48.3936,28.5956],[48.4053,28.5699],[48.4564,28.5185],[48.4946,28.5001],[48.4985,28.4929],[48.5078,28.4157],[48.499,28.3934],[48.4761,28.4008],[48.4688,28.3871],[48.5049,28.3896],[48.5173,28.399],[48.5239,28.4145],[48.5355,28.4076],[48.5178,28.3542],[48.5222,28.3188],[48.5349,28.2988],[48.6184,28.2173],[48.6235,28.2053],[48.6017,28.1674],[48.6008,28.1478],[48.6065,28.1265],[48.6548,28.0616],[48.6521,28.0461],[48.702,28.024],[48.7471,28.024],[48.792,28.007],[48.7845,27.9892],[48.764,27.9892],[48.7468,27.9816],[48.7437,27.9613],[48.7733,27.9298],[48.8147,27.9067],[48.8377,27.8723],[48.8827,27.8267],[48.8738,27.8066],[48.8745,27.7699],[48.8528,27.7375],[48.8392,27.7286],[48.8477,27.7487],[48.8485,27.7873],[48.8576,27.8035],[48.8529,27.8179],[48.8381,27.804],[48.8218,27.7668],[48.805,27.7565],[48.8255,27.8111],[48.8206,27.83],[48.8125,27.8286],[48.804,27.815],[48.7788,27.7195],[48.78,27.7141],[48.7914,27.7149],[48.8113,27.7428],[48.8153,27.6876],[48.8246,27.689],[48.8392,27.7081],[48.8462,27.6971],[48.8455,27.6671],[48.8581,27.6628],[48.8801,27.6876],[48.8805,27.6703],[48.8733,27.6597],[48.8771,27.6445],[48.8596,27.6404],[48.8733,27.6125],[48.849,27.6234],[48.8389,27.6232],[48.8318,27.6125],[48.8528,27.6046],[48.8708,27.6056],[48.8848,27.6151],[48.8938,27.633],[48.9006,27.633],[48.9075,27.6187],[48.8953,27.6077],[48.8911,27.5881],[48.8967,27.572],[48.9143,27.5715],[48.9216,27.5788],[48.9075,27.5994],[48.9153,27.6086],[48.9685,27.6203],[49.0173,27.5852],[49.0542,27.5683],[49.064,27.5563],[49.0447,27.5442],[49.0589,27.5382],[49.0776,27.5465],[49.072,27.5578],[49.1063,27.5469],[49.1443,27.5442],[49.1785,27.5578],[49.2398,27.5451],[49.3053,27.4821],[49.3128,27.4486],[49.2927,27.4529],[49.2918,27.4753],[49.2849,27.4753],[49.2639,27.4529],[49.2088,27.4581],[49.1819,27.4411],[49.1751,27.4583],[49.1577,27.4585],[49.1198,27.4411],[49.1614,27.4269],[49.207,27.3952],[49.2402,27.4272],[49.2638,27.4139],[49.2568,27.4001],[49.2297,27.3797],[49.2234,27.3313],[49.2788,27.3588],[49.3128,27.345],[49.3049,27.3255],[49.319,27.2664],[49.3171,27.2237],[49.3226,27.2057],[49.3395,27.2078],[49.3384,27.1896],[49.3452,27.1828],[49.3669,27.1942],[49.3618,27.2091],[49.3709,27.2187],[49.3864,27.2196],[49.4009,27.2078],[49.4071,27.2153],[49.4124,27.204],[49.3975,27.1626],[49.3669,27.1606],[49.3748,27.1491],[49.3991,27.1447],[49.4071,27.1327],[49.4172,27.1381],[49.4351,27.1668],[49.4419,27.1606],[49.4319,27.1428],[49.4657,27.147],[49.5244,27.1327],[49.4891,27.1748],[49.5041,27.1879],[49.5164,27.1884],[49.5449,27.1737],[49.5721,27.1942],[49.5586,27.1396],[49.5701,27.1041],[49.6125,27.072],[49.6995,26.9582],[49.7367,26.9409],[49.7708,26.9136],[49.833,26.888],[49.8718,26.8625],[49.9421,26.8583],[49.973,26.8424],[50.002,26.817],[50.0691,26.7286],[50.1585,26.6649],[50.1619,26.6392],[50.0925,26.6891],[50.0237,26.6995],[50.014,26.7108],[50.0064,26.7476],[49.9885,26.7244],[49.9832,26.6837],[50.0064,26.6486],[50.0037,26.5707],[50.0306,26.4946],[50.0583,26.4639],[50.1623,26.4271],[50.1916,26.4036],[50.2092,26.3695],[50.2166,26.3239],[50.2123,26.1913],[50.202,26.1714],[50.1824,26.1601],[50.1819,26.1755],[50.1741,26.1807],[50.1546,26.1662],[50.161,26.1411],[50.1584,26.1025],[50.1414,26.036],[50.1258,26.0465],[50.1203,26.0912],[50.1133,26.1033],[50.0736,26.1315],[50.0657,26.1737],[50.0324,26.2011],[50.021,26.1977],[49.9949,26.1522],[49.9758,26.1396],[50.0104,26.0769],[49.99,26.0605],[49.9969,26.0173],[49.99,26.0018],[50.0068,25.9965],[50.021,26.0045],[50.0282,26.0195],[50.0241,26.036],[50.052,26.0154],[50.0646,26.0134],[50.0669,25.9963],[50.1013,25.9895],[50.1277,25.9404],[50.1277,25.9335],[50.1078,25.9147],[50.1183,25.8679],[50.1619,25.7827],[50.222,25.7174],[50.2472,25.6794],[50.2575,25.6319],[50.2512,25.6319],[50.2267,25.6872],[50.1875,25.7036],[50.1592,25.7318],[50.1447,25.7333],[50.1414,25.7138],[50.1487,25.6999],[50.1824,25.6728],[50.1892,25.6872],[50.1961,25.6872],[50.2341,25.6152],[50.348,25.4821],[50.3743,25.4612],[50.362,25.503],[50.3814,25.5129],[50.39,25.4887],[50.4102,25.4641],[50.4629,25.4469],[50.4715,25.4372],[50.4909,25.3923],[50.4834,25.3854],[50.5204,25.3148],[50.5251,25.2927],[50.5176,25.2449],[50.5491,25.1748],[50.5454,25.1186],[50.5622,25.0548],[50.5728,25.0429],[50.5804,25.0622],[50.6063,25.0427],[50.6616,24.98],[50.6814,24.9139],[50.7264,24.8817],[50.735,24.8434],[50.7373,24.7822],[50.75,24.7531],[50.7713,24.727],[50.7861,24.7272],[50.8079,24.7466],[50.8267,24.7487],[50.8528,24.77],[50.8596,24.7956],[50.8511,24.8908],[50.7966,25.0036],[50.8074,25.0316],[50.8086,25.0692],[50.7757,25.0919],[50.7669,25.1626],[50.7578,25.1862],[50.765,25.2043],[50.7578,25.2694],[50.7658,25.3236],[50.751,25.4196],[50.7638,25.4824],[50.751,25.4947],[50.778,25.527],[50.7971,25.5299],[50.8205,25.4913],[50.8205,25.4718],[50.8472,25.4674],[50.8279,25.5251],[50.8329,25.5785],[50.8185,25.5958],[50.785,25.6046],[50.7964,25.6173],[50.8369,25.6288],[50.8506,25.653],[50.8709,25.6393],[50.8761,25.6318],[50.8687,25.5596],[50.8887,25.5295],[50.9007,25.5349],[50.9092,25.5977],[50.9206,25.6083],[50.9357,25.5983],[50.9496,25.5977],[50.9775,25.6461],[50.9243,25.6323],[50.9032,25.6401],[50.8887,25.6667],[50.8875,25.6809],[50.8949,25.7281],[50.9092,25.7451],[50.9017,25.7595],[50.9017,25.7895],[50.9155,25.7864],[50.9236,25.8052],[50.9329,25.8106],[50.9456,25.7985],[50.9496,25.7753],[50.973,25.7975],[50.9759,25.8138],[50.9707,25.8305],[50.9639,25.8237],[50.9494,25.838],[50.9512,25.8593],[50.9773,25.9164],[50.9842,25.9814],[51.0047,25.967],[51.0274,26.0269],[51.0474,26.053],[51.1419,26.0878],[51.1761,26.1396],[51.1943,26.1335],[51.2512,26.1601],[51.3307,26.1212],[51.3469,26.1049],[51.3472,26.039],[51.3766,26.0229],[51.3884,25.967],[51.404,25.9541],[51.4675,25.954],[51.512,25.9461],[51.5461,25.9261],[51.5703,25.8984],[51.5775,25.8808],[51.5945,25.7582],[51.5835,25.7418],[51.5633,25.7629],[51.5446,25.7374],[51.555,25.7206],[51.5636,25.7216],[51.574,25.7349],[51.5901,25.7119],[51.5768,25.6887],[51.5568,25.6816],[51.5529,25.7076],[51.5051,25.6872],[51.5471,25.6632],[51.5529,25.653],[51.5495,25.6312],[51.5051,25.612],[51.4914,25.6182],[51.4914,25.5493],[51.4719,25.5214],[51.5169,25.4402],[51.512,25.3302],[51.5188,25.2971],[51.59,25.2838],[51.6076,25.2551],[51.6146,25.2198],[51.6165,25.1372],[51.6057,25.0342],[51.611,25.0224],[51.6023,25.0138],[51.5869,24.9534],[51.5394,24.8989],[51.5288,24.8744],[51.5051,24.8641],[51.5003,24.8554],[51.4728,24.7594],[51.4558,24.7407],[51.4436,24.6798],[51.4304,24.6645],[51.3815,24.6351],[51.3761,24.6119],[51.3406,24.5699],[51.3289,24.5848],[51.3469,24.6351],[51.3391,24.6462],[51.286,24.645],[51.2844,24.6625],[51.2781,24.663],[51.221,24.6442],[51.2126,24.6337],[51.2176,24.6177],[51.2688,24.6245],[51.2952,24.6026],[51.3064,24.6108],[51.3063,24.5941],[51.2903,24.5785],[51.2996,24.5562],[51.2966,24.5219],[51.3024,24.5172],[51.3337,24.532],[51.3611,24.5761],[51.388,24.5971],[51.3958,24.6083],[51.3953,24.6313],[51.4439,24.6197],[51.4553,24.5942],[51.4831,24.5922],[51.4983,24.5836],[51.4983,24.5761],[51.4437,24.5548],[51.4362,24.5388],[51.4095,24.5159],[51.3953,24.4879],[51.3269,24.4361],[51.3064,24.406],[51.2997,24.3463],[51.2786,24.3405],[51.2822,24.303],[51.345,24.2978],[51.4129,24.3235],[51.479,24.3109],[51.5261,24.2683],[51.5693,24.2562],[51.5907,24.2844],[51.5916,24.3286],[51.574,24.3644],[51.5938,24.3849],[51.6238,24.3393],[51.6345,24.2269],[51.6487,24.2186],[51.6629,24.2328],[51.6726,24.2781],[51.6893,24.2347],[51.7007,24.2219],[51.7236,24.2278],[51.7209,24.2347],[51.7401,24.2775],[51.7588,24.2905],[51.7795,24.262],[51.7734,24.1532],[51.7857,24.1037],[51.7878,24.0486],[51.8094,24.0007],[51.8936,23.9904],[51.9287,23.9647],[51.9391,23.9692],[51.9314,23.988],[51.9529,23.9909],[52.0169,23.9897],[52.0674,23.9634],[52.1179,23.9709],[52.1356,23.9665],[52.1455,23.972],[52.1555,23.9665],[52.1711,23.9734],[52.2244,23.974],[52.2791,24.0014],[52.3411,24.0075],[52.3781,24.038],[52.4281,24.0526],[52.4442,24.0627],[52.4566,24.0847],[52.487,24.0966],[52.5325,24.1318],[52.5746,24.1521],[52.5807,24.1994],[52.6003,24.2095],[52.6184,24.2037],[52.6701,24.1447],[52.6813,24.1408],[52.6974,24.1522],[52.7201,24.1515],[52.7827,24.1379],[52.8276,24.1522],[52.9471,24.1379],[52.9922,24.1522],[52.9998,24.1657],[53.0059,24.1658],[53.0488,24.13],[53.0672,24.1219],[53.1072,24.1379],[53.1465,24.1213],[53.1634,24.1248],[53.1497,24.1322],[53.1424,24.1658],[53.1653,24.1703],[53.2156,24.1415],[53.2538,24.0988],[53.3091,24.0958],[53.4458,24.1198],[53.4788,24.0937],[53.5078,24.0915],[53.5193,24.0969],[53.5574,24.0764],[53.5744,24.0544],[53.5896,24.0471],[53.6292,24.057],[53.657,24.0485],[53.7028,24.0705],[53.7321,24.0627],[53.8789,24.0648],[53.9512,24.1037],[54.0143,24.1133],[54.0816,24.1379],[54.1226,24.1447],[54.1537,24.1653],[54.187,24.2036],[54.2528,24.2211],[54.315,24.2582],[54.323,24.2707],[54.342,24.2698],[54.3826,24.2546],[54.4273,24.2921],[54.4856,24.3883],[54.4832,24.4251],[54.4993,24.4327],[54.4856,24.4395],[54.4856,24.447],[54.5403,24.4327],[54.5134,24.4743],[54.5744,24.447],[54.5713,24.4733],[54.5525,24.4816],[54.4993,24.4879],[54.4407,24.5239],[54.4173,24.529],[54.4173,24.5351],[54.4519,24.5565],[54.4651,24.5351],[54.4658,24.5543],[54.4788,24.5699],[54.4856,24.5699],[54.4935,24.5423],[54.5129,24.5153],[54.5374,24.4984],[54.5613,24.5016],[54.5403,24.5159],[54.5818,24.5084],[54.6364,24.5978],[54.6198,24.6043],[54.6122,24.6132],[54.6159,24.6212],[54.6434,24.6306],[54.6521,24.6584],[54.6706,24.6661],[54.6502,24.7139],[54.6555,24.7211],[54.6405,24.7326],[54.6433,24.7487],[54.6917,24.7822],[54.707,24.8039],[54.7394,24.7896],[54.7542,24.7924],[54.7686,24.8015],[54.7736,24.8148],[54.76,24.8306],[54.8688,24.8887],[54.9681,24.9586],[55.0059,24.9699],[55.05,24.9934],[55.0446,25.0139],[55.0823,25.0168],[55.259,25.2153],[55.2634,25.2449],[55.2824,25.2607],[55.2984,25.2585],[55.3184,25.2253],[55.3011,25.1937],[55.3289,25.2015],[55.3342,25.2192],[55.3037,25.283],[55.3394,25.3214],[55.3633,25.324],[55.3594,25.3486],[55.3655,25.3586],[55.377,25.365],[55.3871,25.3571],[55.4072,25.3727],[55.439,25.4128],[55.4553,25.3999],[55.4657,25.4196],[55.4725,25.4128],[55.4861,25.4499],[55.5066,25.4748],[55.4942,25.4808],[55.5134,25.5089],[55.5357,25.5624],[55.551,25.5786],[55.5681,25.5847],[55.5422,25.5425],[55.5482,25.5295],[55.5637,25.5237],[55.6263,25.5363],[55.6569,25.5977],[55.6834,25.6235],[55.7339,25.6468],[55.7705,25.6872],[55.8425,25.7138],[55.8781,25.7401],[55.9325,25.8026],[55.9597,25.8237],[55.9372,25.7767],[55.9413,25.7707],[55.9523,25.7721],[55.966,25.8342],[56.0144,25.8789],[56.0369,25.9151],[56.041,25.9335],[56.0342,25.9335],[56.0247,25.9164],[56.0076,25.9069],[56.0553,25.9888],[56.0915,26.1065],[56.1577,26.2011],[56.1818,26.246],[56.2083,26.2631],[56.2083,26.244],[56.2199,26.2277],[56.2124,26.2078],[56.2295,26.2168],[56.2555,26.2181],[56.2669,26.2275],[56.2918,26.2119],[56.2949,26.1942],[56.3019,26.2053],[56.3291,26.2011],[56.367,26.2215],[56.4041,26.2147],[56.4069,26.2231],[56.3945,26.2392],[56.3678,26.2441],[56.3469,26.2386],[56.3196,26.2179],[56.3084,26.2215],[56.3159,26.2904],[56.3584,26.265],[56.3638,26.2795],[56.3478,26.2974],[56.3223,26.3096],[56.3265,26.3189],[56.344,26.3239],[56.3563,26.3376],[56.3638,26.386],[56.37,26.386],[56.3836,26.3587],[56.4041,26.3723],[56.4116,26.3649],[56.4065,26.3548],[56.4116,26.345],[56.4211,26.3521],[56.439,26.3376],[56.4622,26.3319],[56.4873,26.3314],[56.4798,26.3519],[56.501,26.3587],[56.5111,26.3335],[56.509,26.3237],[56.4528,26.3183],[56.4063,26.2849],[56.3986,26.2687],[56.4323,26.2394],[56.4458,26.2352],[56.4762,26.2492],[56.4873,26.2352],[56.4688,26.2055],[56.4596,26.2021],[56.4533,26.2215],[56.432,26.2215],[56.4369,26.2053],[56.432,26.1942],[56.4729,26.164],[56.4798,26.1458],[56.4574,26.1484],[56.439,26.1601],[56.4246,26.1538],[56.4124,26.1584],[56.4041,26.1868],[56.3775,26.1737],[56.3789,26.1925],[56.3911,26.2011],[56.3684,26.2045],[56.3436,26.1914],[56.3288,26.1728],[56.3359,26.1601],[56.3298,26.1371],[56.3359,26.1116],[56.353,26.1426],[56.3638,26.1458],[56.3711,26.1278],[56.3638,26.1049],[56.3833,26.0975],[56.473,26.0986],[56.4492,26.0736],[56.3801,26.0382],[56.3836,26.0223],[56.4089,26.0344],[56.4229,26.0231],[56.4234,26.0046],[56.4004,25.9905],[56.4221,25.9566],[56.4533,25.9472],[56.4426,25.9393],[56.439,25.9261],[56.4079,25.9374],[56.3933,25.9359],[56.3836,25.9261],[56.3994,25.9023],[56.3926,25.8804],[56.3638,25.838],[56.3638,25.8069],[56.344,25.7895],[56.3163,25.7496],[56.3018,25.7418],[56.3018,25.7629],[56.2738,25.7091],[56.2666,25.6726],[56.2791,25.6274],[56.34,25.6046],[56.37,25.5257],[56.3638,25.4333],[56.3683,25.3963],[56.3592,25.3764],[56.3836,25.3135],[56.366,25.2092],[56.362,25.0573],[56.4054,24.8973],[56.4696,24.7753],[56.4803,24.7651],[56.4935,24.7002],[56.6112,24.4963],[56.6921,24.4252],[56.8014,24.303],[56.8231,24.2711],[56.8411,24.2238],[56.9395,24.1159],[57.1515,23.9536],[57.1843,23.9343],[57.3263,23.884],[57.5096,23.8391],[57.6452,23.7904],[57.6868,23.7834],[57.7957,23.7822],[57.835,23.7401],[57.8877,23.7209],[58.0431,23.7246],[58.1316,23.7133],[58.2274,23.6791],[58.2824,23.6314],[58.3172,23.6209],[58.412,23.6162],[58.453,23.624],[58.4837,23.6381],[58.4909,23.6566],[58.5842,23.647],[58.6045,23.6376],[58.6333,23.5853],[58.659,23.5625],[58.6803,23.5625],[58.7069,23.5351],[58.7144,23.5351],[58.7206,23.5488],[58.728,23.5284],[58.7349,23.5284],[58.741,23.5421],[58.7495,23.5364],[58.7621,23.5421],[58.793,23.4957],[58.7894,23.4806],[58.8076,23.4211],[58.8206,23.4018],[58.8792,23.3513],[58.9152,23.3361],[58.9295,23.3181],[58.9562,23.2594],[59.0017,23.2124],[59.0101,23.1533],[59.0737,23.0932],[59.0879,23.0484],[59.2075,22.9704],[59.2323,22.943],[59.2975,22.7927],[59.3518,22.7612],[59.4107,22.6708],[59.4525,22.6341],[59.5355,22.5831],[59.5365,22.5726],[59.5304,22.5701],[59.5156,22.5756],[59.5158,22.5615],[59.5231,22.5551],[59.5498,22.5551],[59.6268,22.5798],[59.6535,22.5697],[59.6939,22.5414],[59.7212,22.5414],[59.728,22.5076],[59.7528,22.4942],[59.7625,22.4986],[59.7415,22.5247],[59.7458,22.5382],[59.7764,22.5414],[59.8032,22.5347],[59.8249,22.5089],[59.8446,22.4453],[59.8249,22.2814],[59.8118,22.2374],[59.7918,22.1981],[59.7347,22.1231],[59.6882,22.0827],[59.6597,21.994],[59.655,21.9457],[59.6453,21.9258],[59.6056,21.9102],[59.577,21.8563],[59.4979,21.7563],[59.4486,21.6249],[59.355,21.4857],[59.3442,21.4447],[59.1663,21.3628],[59.0544,21.2771],[58.9192,21.1437],[58.8781,21.0838],[58.8543,21.0656],[58.8079,20.9908],[58.7988,20.936],[58.7349,20.883],[58.739,20.8623],[58.6803,20.8284],[58.6738,20.8082],[58.659,20.7908],[58.6677,20.7723],[58.6865,20.7595],[58.7293,20.7868],[58.728,20.7669],[58.6999,20.7408],[58.6818,20.7359],[58.6665,20.7464],[58.6454,20.6911],[58.6045,20.6633],[58.5918,20.6439],[58.5733,20.5906],[58.5705,20.5643],[58.5313,20.4814],[58.5325,20.4653],[58.5186,20.4168],[58.4836,20.4042],[58.4741,20.3964],[58.4675,20.3695],[58.4458,20.3586],[58.4177,20.3596],[58.3591,20.3816],[58.3138,20.3808],[58.2756,20.3685],[58.2845,20.382],[58.2796,20.3848],[58.2029,20.4047],[58.2005,20.4244],[58.2134,20.4653],[58.2173,20.4416],[58.2346,20.4237],[58.2385,20.4438],[58.2283,20.4888],[58.2513,20.5292],[58.2642,20.5876],[58.2551,20.6093],[58.2349,20.6157],[58.2057,20.6133],[58.0908,20.5668],[58.0672,20.5111],[58.0759,20.48],[57.9944,20.4423],[57.9558,20.3996],[57.9566,20.3769],[57.9739,20.3523],[57.9666,20.3302],[57.8884,20.2907],[57.8561,20.2606],[57.8449,20.2312],[57.8237,20.2011],[57.823,20.1767],[57.848,20.1118],[57.8163,20.0207],[57.8136,19.977],[57.7621,19.843],[57.6989,19.7544],[57.6892,19.7282],[57.6934,19.6975],[57.7168,19.6668],[57.72,19.6531],[57.7189,19.608],[57.7044,19.5487],[57.7603,19.4541],[57.7739,19.4097],[57.7691,19.3576],[57.7483,19.291],[57.7507,19.2681],[57.7708,19.2169],[57.8119,19.1569],[57.802,19.0948],[57.8399,19.03],[57.8401,19.0153],[57.8011,18.9807],[57.7523,18.973],[57.7319,18.9538],[57.7097,18.944],[57.5015,18.9537],[57.2075,18.91],[57.0838,18.8764],[56.915,18.8103],[56.8504,18.7658],[56.8078,18.7456],[56.7847,18.7286],[56.7664,18.6968],[56.6597,18.5954],[56.6411,18.5593],[56.6369,18.5119],[56.6443,18.4676],[56.6123,18.3996],[56.6006,18.3054],[56.5488,18.1898],[56.5637,18.1702],[56.5613,18.1492],[56.5276,18.1147],[56.4626,18.0844],[56.432,18.0322],[56.4041,18.0191],[56.3577,17.9698],[56.3563,17.94],[56.1885,17.9571],[56.1162,17.9366],[56.0311,17.9434],[55.9094,17.9066],[55.6535,17.8953],[55.5225,17.8664],[55.5066,17.854],[55.4868,17.854],[55.4452,17.841],[55.4317,17.8247],[55.408,17.7687],[55.3887,17.7443],[55.3695,17.6964],[55.2632,17.6077],[55.2282,17.5388],[55.2295,17.4886],[55.2401,17.4752],[55.2738,17.4574],[55.2932,17.4377],[55.3008,17.4168],[55.3011,17.3712],[55.2942,17.3521],[55.2512,17.29],[55.2507,17.2636],[55.2648,17.2548],[55.2603,17.2343],[55.2192,17.2104],[55.1955,17.1608],[55.1987,17.1557],[55.1892,17.1448],[55.1436,17.1278],[55.1248,17.0925],[55.1126,17.0869],[55.0718,17.0422],[55.0269,17.0111],[55.0207,17.0111],[55.0109,17.0263],[54.9754,16.9975],[54.9313,16.9871],[54.917,16.9907],[54.9014,16.9749],[54.8828,16.9691],[54.7918,16.9514],[54.7805,16.9639],[54.7394,16.9565],[54.7053,16.9776],[54.6979,16.9702],[54.6853,17.0069],[54.6741,17.0198],[54.5921,17.0385],[54.5477,17.0316],[54.4993,17.0385],[54.4617,17.0248],[54.39,17.0395],[54.3695,17.0248],[54.3504,17.0317],[54.1641,17.0111],[54.085,17.0111],[54.0127,16.9776],[54.0095,16.9374],[53.9811,16.9088],[53.8307,16.8876],[53.7713,16.8626],[53.7532,16.8677],[53.7093,16.836],[53.6693,16.7841],[53.6154,16.7579],[53.5827,16.7499],[53.423,16.7468],[53.3386,16.7348],[53.1753,16.6845],[53.0692,16.6318],[53.0218,16.6195],[52.9849,16.6282],[52.9739,16.6183],[52.9403,16.6102],[52.9099,16.5831],[52.8511,16.5561],[52.8091,16.5483],[52.7368,16.5119],[52.5977,16.4767],[52.5326,16.4473],[52.4204,16.3712],[52.3186,16.2912],[52.2927,16.2638],[52.2614,16.209],[52.2214,16.1609],[52.2171,16.1381],[52.2244,16.1136],[52.2168,16.0952],[52.1943,16.0703],[52.1841,16.0294],[52.16,16.0021],[52.1555,15.9839],[52.1865,15.9191],[52.1755,15.8779],[52.2244,15.8467],[52.2171,15.7607],[52.2214,15.717],[52.2312,15.6748],[52.2449,15.6577],[52.2336,15.6218],[52.2207,15.614],[52.0471,15.57],[52.0257,15.5512],[51.9917,15.5451],[51.9131,15.5153],[51.8742,15.4915],[51.8742,15.465],[51.8682,15.4631],[51.8654,15.4501],[51.8293,15.4687],[51.8094,15.4558],[51.7588,15.4456],[51.6672,15.3914],[51.6621,15.3771],[51.6764,15.3403],[51.6553,15.3327],[51.5495,15.323],[51.4983,15.298],[51.4743,15.2707],[51.4543,15.2695],[51.4436,15.2602],[51.3678,15.2297],[51.3425,15.2377],[51.2688,15.2018],[51.0698,15.1496],[50.8513,15.1099],[50.6615,15.0585],[50.554,15.0486],[50.4595,15.0104],[50.4324,14.9954],[50.3582,14.9333],[50.343,14.9248],[50.3023,14.9175],[50.2438,14.8872],[50.1795,14.8433],[50.1463,14.8498],[50.0418,14.8183],[50.0298,14.8503],[49.9421,14.8388],[49.7986,14.7922],[49.5781,14.7373],[49.4605,14.6736],[49.4178,14.6569],[49.3724,14.6498],[49.3128,14.6128],[49.2289,14.5753],[49.1902,14.5486],[49.1819,14.5166],[49.1371,14.5327],[49.1135,14.5302],[49.0928,14.5196],[49.0281,14.4363],[49.0099,14.4011],[49.0003,14.3596],[49.008,14.3544],[49.0037,14.3248],[48.9417,14.2944],[48.9358,14.2705],[48.887,14.2503],[48.8801,14.2121],[48.863,14.1946],[48.8525,14.167],[48.7976,14.1404],[48.7383,14.0682],[48.6958,14.0436],[48.5648,14.046],[48.5481,14.0405],[48.5034,14.0026],[48.4775,13.9967],[48.4688,13.989],[48.4505,14.0106],[48.4154,14.0168],[48.3382,14.0163],[48.3457,14.0026],[48.3042,14.0019],[48.1887,13.9691],[48.1936,13.9934],[48.1404,14.0306],[48.1336,14.0231],[48.106,14.036],[48.0169,14.0573],[47.9312,14.0306],[47.8665,13.9617],[47.821,13.9385],[47.6672,13.8872],[47.6457,13.8732],[47.5642,13.7891],[47.436,13.678],[47.3982,13.6549],[47.1668,13.5856],[46.9119,13.5333],[46.8242,13.4763],[46.7007,13.4303],[46.6838,13.4272],[46.6047,13.4409],[46.52,13.413],[46.313,13.4136],[46.2695,13.4205],[46.2345,13.4363],[46.1975,13.4205],[46.1113,13.4068],[45.9406,13.3994],[45.8757,13.3795],[45.8154,13.3795],[45.8035,13.372],[45.6658,13.342],[45.6321,13.3249],[45.4942,13.1946],[45.4815,13.1575],[45.4341,13.0983],[45.403,13.0701],[45.3652,13.0537],[45.1935,13.0127],[45.1541,12.9921],[45.1182,12.9617],[45.0938,12.9263],[45.0588,12.8271],[45.0586,12.762],[45.0393,12.7563],[45.0178,12.7598],[44.9793,12.7823],[44.981,12.7973],[44.9974,12.8035],[45.0352,12.8037],[45.0425,12.8209],[45.0233,12.8411],[45.0215,12.8572],[45.0151,12.8587],[44.9981,12.8314],[44.9775,12.8382],[44.9446,12.834],[44.9331,12.8126],[44.9168,12.7995],[44.8983,12.7962],[44.8848,12.8109],[44.8716,12.8035],[44.8674,12.7948],[44.8718,12.77],[44.8854,12.778],[44.9209,12.7714],[44.9128,12.7482],[44.8814,12.7299],[44.8396,12.7435],[44.8226,12.7651],[44.7852,12.7723],[44.7278,12.742],[44.7192,12.7801],[44.6936,12.8035],[44.6524,12.8179],[44.6106,12.8196],[44.5728,12.8116],[44.5428,12.7973],[44.4899,12.7535],[44.4155,12.6702],[44.407,12.6852],[44.3543,12.6693],[44.2896,12.639],[44.2285,12.6387],[44.1912,12.6191],[44.1691,12.6182],[44.1494,12.625],[44.138,12.639],[44.19,12.6321],[44.1984,12.6391],[44.1912,12.6605],[44.1797,12.6527],[44.1535,12.656],[44.0623,12.6117],[44.0171,12.6037],[43.9917,12.6121],[43.9463,12.598],[43.9271,12.6102],[43.9094,12.6453],[43.8948,12.6527],[43.8578,12.6625],[43.8135,12.6884],[43.7378,12.7058],[43.6795,12.7353],[43.6441,12.7346],[43.6006,12.7563],[43.5877,12.7514],[43.5117,12.6832],[43.468,12.6839],[43.4623,12.6933],[43.4812,12.7734],[43.4819,12.8121],[43.4732,12.8466],[43.4529,12.8786],[43.4226,12.9062],[43.4155,12.9289],[43.4014,12.9434],[43.3864,13.0073],[43.3418,13.0626],[43.3088,13.1393],[43.2489,13.2127],[43.2263,13.2839],[43.2483,13.3489],[43.2542,13.5266],[43.2845,13.5804],[43.2952,13.5856],[43.282,13.6171],[43.2853,13.6866],[43.2809,13.7221],[43.2435,13.7943],[43.2332,13.8764],[43.1617,13.954],[43.1181,14.0525],[43.0955,14.084],[43.0758,14.1948],[43.011,14.3884],[42.9873,14.4892],[42.9593,14.5135],[42.966,14.5303],[42.9837,14.5203],[43.0061,14.4548],[43.0215,14.4421],[43.022,14.4711],[43.014,14.4968],[43.0287,14.538],[42.9873,14.6339],[42.9998,14.6633],[42.9617,14.7086],[42.9422,14.7889],[42.8945,14.8475],[42.8836,14.8837],[42.8833,14.9155],[42.8958,14.906],[42.8911,14.8803],[42.9104,14.8414],[42.9456,14.8114],[42.9523,14.8795],[42.9373,14.9485],[42.9236,14.9714],[42.8872,15.0082],[42.8801,15.0248],[42.8823,15.1025],[42.864,15.1364],[42.8289,15.1518],[42.7767,15.1914],[42.7334,15.2093],[42.6914,15.2143],[42.6769,15.2058],[42.6714,15.1854],[42.6604,15.1826],[42.6377,15.1909],[42.618,15.2075],[42.6101,15.2436],[42.6546,15.2372],[42.6826,15.2465],[42.6919,15.2707],[42.6782,15.3083],[42.7124,15.3663],[42.7176,15.3535],[42.7151,15.337],[42.6994,15.3117],[42.7337,15.2939],[42.7743,15.2604],[42.7813,15.2403],[42.7786,15.2216],[42.7949,15.2093],[42.7881,15.2297],[42.8031,15.2452],[42.8091,15.2678],[42.8069,15.3443],[42.7772,15.4219],[42.7783,15.479],[42.7599,15.5161],[42.7192,15.57],[42.7334,15.5922],[42.7083,15.6278],[42.7136,15.6947],[42.6919,15.7021],[42.6992,15.7174],[42.7417,15.7532],[42.7525,15.8164],[42.7658,15.8358],[42.82,15.8749],[42.8303,15.8925],[42.8433,16.0522],[42.8401,16.0978],[42.8128,16.2383],[42.8088,16.3126],[42.8018,16.3532],[42.7881,16.3737],[42.7883,16.4099],[42.7813,16.4202],[42.7949,16.4528],[42.7883,16.4719],[42.7398,16.5246],[42.7287,16.5472],[42.7259,16.6102],[42.7373,16.6711],[42.7192,16.6754],[42.7259,16.6828],[42.7039,16.7091],[42.7015,16.7233],[42.7124,16.7306],[42.6358,16.8152],[42.5969,16.8368],[42.5759,16.8323],[42.5418,16.878],[42.5557,16.9221],[42.5485,16.9381],[42.5442,17.0043],[42.5249,17.015],[42.5127,17.037],[42.4597,17.0385],[42.4475,17.049],[42.4251,17.0931],[42.4108,17.1557],[42.3567,17.1824],[42.3592,17.1652],[42.384,17.121],[42.3638,17.1087],[42.3739,17.0433],[42.363,17.0248],[42.3573,17.0456],[42.3567,17.1142],[42.3391,17.1736],[42.3216,17.3093],[42.3107,17.351],[42.3152,17.4221],[42.3015,17.4536],[42.2736,17.4599],[42.2606,17.4851],[42.1528,17.5738],[42.1438,17.5766],[42.1409,17.5712],[42.0935,17.6521],[42.0532,17.6532],[42.0438,17.6743],[42.0005,17.7175],[41.9793,17.7106],[41.939,17.7619],[41.8695,17.8205],[41.8478,17.812],[41.8104,17.8369],[41.7876,17.8336],[41.7783,17.8598],[41.7192,17.9092],[41.6773,17.9606],[41.6709,17.9775],[41.6737,18.0093],[41.6536,18.0153],[41.6511,18.039],[41.5935,18.0959],[41.6025,18.1147],[41.5708,18.1652],[41.5564,18.1743],[41.561,18.1898],[41.5213,18.1967],[41.5337,18.2104],[41.5186,18.228],[41.4933,18.2239],[41.5046,18.243],[41.5002,18.2587],[41.5064,18.2722],[41.5005,18.279],[41.4722,18.2792],[41.472,18.312],[41.4509,18.356],[41.4397,18.4106],[41.4358,18.47],[41.4158,18.4815],[41.4115,18.5058],[41.3698,18.5358],[41.3557,18.569],[41.3283,18.5876],[41.3078,18.5734],[41.2754,18.592],[41.2406,18.6579],[41.2102,18.6979],[41.2122,18.731],[41.249,18.8342],[41.2395,18.8483],[41.2122,18.862],[41.1712,18.8716],[41.1603,18.9089],[41.1365,18.9365],[41.1372,18.9577],[41.1765,19.0674],[41.1678,19.0822],[41.1494,19.0937],[41.0864,19.1136],[41.0686,19.1254],[41.0402,19.1835],[41.0482,19.2177],[41.0361,19.2646],[41.0178,19.274],[41.0091,19.304],[40.9983,19.3149],[40.9559,19.3433],[40.9567,19.3686],[40.9377,19.4194],[40.9383,19.4306],[40.9592,19.456],[40.9522,19.4641],[40.9546,19.4748],[40.9447,19.5057],[40.8355,19.5466],[40.7847,19.5963],[40.7604,19.6087],[40.7604,19.6149],[40.7713,19.6135],[40.7944,19.6013],[40.8006,19.6422],[40.798,19.6923],[40.7909,19.7141],[40.7449,19.777],[40.7254,19.7893],[40.6541,19.7943],[40.645,19.7847],[40.6566,19.7595],[40.6287,19.7921],[40.6195,19.821],[40.6052,19.8295],[40.5645,19.8859],[40.527,19.9103],[40.5405,19.9439],[40.5345,19.9618],[40.4456,20.0097],[40.4364,20.0233],[40.4185,20.0312],[40.3936,20.0643],[40.3338,20.0795],[40.3135,20.0907],[40.2678,20.1253],[40.2321,20.1636],[40.2388,20.178],[40.2219,20.189],[40.1648,20.2004],[40.126,20.2456],[40.0838,20.2792],[40.0676,20.2865],[40.0452,20.2861],[40.0003,20.2751],[39.992,20.2667],[39.9031,20.3083],[39.9102,20.2885],[39.9471,20.2622],[39.9407,20.2592],[39.9232,20.2636],[39.8113,20.3315],[39.7601,20.3508],[39.7446,20.3812],[39.6465,20.4616],[39.5871,20.5522],[39.5674,20.5677],[39.5674,20.5751],[39.5853,20.5759],[39.5947,20.5888],[39.5667,20.5983],[39.5435,20.6192],[39.5264,20.6707],[39.4929,20.7062],[39.4899,20.7229],[39.506,20.7464],[39.4575,20.7595],[39.4646,20.746],[39.4779,20.739],[39.4583,20.7449],[39.4232,20.7717],[39.4302,20.7874],[39.4168,20.7978],[39.4234,20.8141],[39.4354,20.8008],[39.4575,20.7943],[39.4487,20.8273],[39.4302,20.8284],[39.4113,20.8469],[39.4097,20.8284],[39.3597,20.8626],[39.3391,20.8874],[39.3408,20.9103],[39.3596,20.8967],[39.3584,20.9154],[39.3528,20.9199],[39.3278,20.9318],[39.2971,20.924],[39.2624,20.9831],[39.259,21.0239],[39.242,21.0417],[39.2378,21.0629],[39.1743,21.1089],[39.1565,21.1675],[39.1702,21.1915],[39.1257,21.2604],[39.112,21.2682],[39.0807,21.315],[39.1599,21.3798],[39.1711,21.4041],[39.1724,21.436],[39.1647,21.4649],[39.1497,21.4801],[39.1604,21.4945],[39.1589,21.5078],[39.1428,21.5409],[39.1301,21.5196],[39.1198,21.5169],[39.1012,21.5484],[39.1087,21.5546],[39.0923,21.5766],[39.0881,21.6645],[39.0774,21.6916],[39.0794,21.7064],[39.1035,21.7186],[39.1091,21.7478],[39.1012,21.76],[39.0884,21.7305],[39.0667,21.7252],[39.0603,21.7464],[39.0404,21.7668],[39.033,21.801],[39.0193,21.8078],[38.9786,21.8621],[38.9496,21.9219],[38.9313,22.0061],[38.9327,22.0252],[38.9591,22.0344],[38.9862,22.0022],[39.0057,22.002],[39.0125,22.0543],[39.033,22.0722],[39.0444,22.1308],[39.0466,22.1511],[39.0404,22.1511],[39.0261,22.1169],[39.0193,22.1316],[39.033,22.1678],[39.033,22.2088],[39.0404,22.2358],[39.0733,22.2711],[39.0835,22.3135],[39.1428,22.3906],[39.1428,22.4032],[39.1276,22.4212],[39.1149,22.4186],[39.0948,22.3702],[39.0703,22.3658],[39.0692,22.3945],[39.0821,22.4363],[39.0742,22.491],[39.0815,22.5468],[39.074,22.5742],[39.0386,22.6227],[38.9857,22.7243],[38.9883,22.7364],[39.0147,22.759],[39.013,22.7668],[38.9455,22.8312],[38.9368,22.8264],[38.9647,22.7947],[38.9783,22.7537],[38.9709,22.7469],[38.9299,22.815],[38.9026,22.8432],[38.851,22.9297],[38.8512,22.9433],[38.8804,22.9285],[38.9129,22.862],[38.951,22.852],[38.9647,22.8704],[38.9373,22.9121],[38.9115,22.9285],[38.8939,22.9652],[38.8343,22.9865],[38.8142,22.9827],[38.7996,22.9987],[38.7791,23.0412],[38.8044,23.0793],[38.7984,23.1496],[38.7867,23.1546],[38.7776,23.1393],[38.6917,23.273],[38.6729,23.3482],[38.6465,23.4007],[38.6289,23.5079],[38.6047,23.5354],[38.6002,23.5682],[38.5779,23.5566],[38.5599,23.5625],[38.5609,23.5457],[38.5955,23.5284],[38.5955,23.5215],[38.562,23.5244],[38.5401,23.5432],[38.5392,23.5919],[38.4948,23.6446],[38.4526,23.784],[38.437,23.8021],[38.3996,23.8141],[38.3653,23.8704],[38.3191,23.8864],[38.2833,23.9278],[38.2589,23.9448],[38.2221,23.9526],[38.1854,23.9759],[38.0791,24.0704],[38.0629,24.076],[38.0457,24.0674],[37.9353,24.139],[37.9411,24.151],[37.9584,24.1621],[37.9831,24.1657],[37.9733,24.1747],[37.9395,24.1614],[37.9322,24.1742],[37.9479,24.207],[37.9373,24.2109],[37.9184,24.2012],[37.9126,24.1915],[37.9215,24.1773],[37.9239,24.1555],[37.9181,24.1496],[37.896,24.1572],[37.8656,24.1499],[37.7676,24.2214],[37.7587,24.2416],[37.6761,24.2912],[37.641,24.2917],[37.626,24.2814],[37.6227,24.2682],[37.6284,24.248],[37.5858,24.2467],[37.5752,24.2616],[37.5457,24.2744],[37.5227,24.2677],[37.4647,24.3396],[37.4294,24.3673],[37.418,24.401],[37.4279,24.4211],[37.455,24.4069],[37.4632,24.4225],[37.4567,24.4412],[37.2285,24.7377],[37.2271,24.7995],[37.2197,24.8028],[37.1963,24.7896],[37.1787,24.7994],[37.1486,24.851],[37.2189,24.8466],[37.2442,24.8544],[37.2566,24.8712],[37.2581,24.9218],[37.28,24.9641],[37.277,24.9866],[37.2515,25.0526],[37.2578,25.1115],[37.2422,25.1753],[37.2117,25.2143],[37.18,25.2391],[37.1707,25.2578],[37.1423,25.2798],[37.1053,25.3222],[37.0933,25.3445],[37.0864,25.3854],[37.0598,25.4196],[37.0774,25.4311],[37.0627,25.4537],[37.0182,25.4947],[36.9945,25.55],[36.9704,25.5705],[36.97,25.5886],[36.9363,25.6461],[36.8816,25.6728],[36.8174,25.758],[36.7957,25.7595],[36.7937,25.7483],[36.804,25.7268],[36.7922,25.7206],[36.7249,25.7539],[36.7023,25.78],[36.6948,25.7956],[36.6939,25.8229],[36.6756,25.8305],[36.6634,25.8557],[36.6621,25.8791],[36.6716,25.9014],[36.7058,25.9438],[36.7095,25.9711],[36.6961,26.0223],[36.6724,26.0452],[36.6406,26.0602],[36.5366,26.0824],[36.5127,26.111],[36.4492,26.2469],[36.3828,26.3345],[36.3089,26.4982],[36.2298,26.6256],[36.1821,26.6802],[36.0977,26.754],[36.0819,26.7973],[36.0518,26.8447],[36.032,26.9068],[36.0139,26.9023],[35.9767,26.9477],[35.9119,26.9996],[35.8317,27.0927],[35.8031,27.1421],[35.7986,27.16],[35.8128,27.1911],[35.784,27.2355],[35.7,27.3248],[35.6404,27.3635],[35.5899,27.4289],[35.5596,27.4556],[35.5105,27.5442],[35.5003,27.6193],[35.4408,27.6903],[35.415,27.7514],[35.3944,27.777],[35.3513,27.8014],[35.3228,27.8763],[35.271,27.9278],[35.2456,27.9623],[35.1815,28.0029],[35.1815,27.996],[35.1747,27.996],[35.1636,28.0093],[35.2163,28.0377],[35.2269,28.0331],[35.2163,28.0544],[35.1747,28.065],[35.1618,28.0582],[35.1448,28.0764],[35.1104,28.0789],[35.0519,28.1196],[35.042,28.113],[35.0197,28.1135],[35.0308,28.0991],[34.9979,28.1142],[34.9373,28.0913],[34.9277,28.0786],[34.9209,28.0786],[34.9209,28.0854],[34.8602,28.0854],[34.8464,28.0712],[34.8389,28.0786],[34.8389,28.0854],[34.8464,28.0854],[34.8426,28.0998],[34.8662,28.1128],[34.8368,28.1163],[34.8254,28.1128],[34.8328,28.0991],[34.8143,28.0889],[34.8049,28.0712],[34.7918,28.0786],[34.8191,28.0991],[34.8191,28.1128],[34.7937,28.1111],[34.7844,28.0929],[34.7708,28.0929],[34.7708,28.1059],[34.757,28.0991],[34.7473,28.112],[34.7366,28.1059],[34.7274,28.1121],[34.7092,28.1401],[34.695,28.1265],[34.682,28.1352],[34.6746,28.1128],[34.6471,28.0991],[34.6471,28.0929],[34.6683,28.0786],[34.6683,28.0712],[34.6553,28.065],[34.6471,28.0712],[34.635,28.0333],[34.613,28.0302],[34.6205,28.0377],[34.6087,28.0588],[34.6062,28.096],[34.5989,28.1033],[34.5744,28.0941],[34.5789,28.1059],[34.5728,28.1128],[34.5874,28.1318],[34.6267,28.1605],[34.6205,28.1674],[34.6271,28.1767],[34.6403,28.1811],[34.6335,28.1749],[34.6577,28.1706],[34.6609,28.1811],[34.6553,28.1811],[34.6496,28.2009],[34.6683,28.209],[34.6649,28.2245],[34.6746,28.2705],[34.6887,28.2636],[34.6887,28.2773],[34.6804,28.2717],[34.6746,28.2772],[34.6947,28.2944],[34.715,28.3275],[34.7411,28.4106],[34.7606,28.4366],[34.7751,28.4833],[34.8038,28.5271],[34.7934,28.6194],[34.7785,28.6645],[34.7969,28.7258],[34.8254,28.7844],[34.8254,28.7906],[34.8191,28.7906],[34.8386,28.8286],[34.8328,28.8459],[34.8441,28.8764],[34.842,28.8896],[34.8254,28.8942],[34.8254,28.9004],[34.8563,28.9638],[34.8638,29.0063],[34.8525,29.0451],[34.8735,29.0853],[34.8936,29.1748],[34.9094,29.2102],[34.9094,29.2307],[34.9421,29.2505],[34.9326,29.2893],[34.9364,29.3039],[34.9481,29.2983],[34.9556,29.3051],[34.9453,29.3369],[34.9494,29.3517],[34.9624,29.3598],[34.969,29.4508],[34.9978,29.518],[34.9968,29.5339],[34.9761,29.5522],[34.9624,29.5522],[34.9556,29.559],[34.9108,29.4899],[34.8867,29.4901],[34.8597,29.4722],[34.8381,29.4329],[34.8254,29.4286],[34.8328,29.4211],[34.8176,29.4122],[34.8191,29.4007],[34.8052,29.3964],[34.8123,29.3876],[34.7776,29.3461],[34.7366,29.3113],[34.7453,29.2913],[34.729,29.2505],[34.729,29.1989],[34.7236,29.1867],[34.695,29.1645],[34.6901,29.1345],[34.6746,29.1065],[34.6746,29.0344],[34.6865,29.0124],[34.6857,28.9887],[34.6467,28.9674],[34.6403,28.9488],[34.6471,28.8629],[34.6205,28.8459],[34.6263,28.817],[34.6205,28.7906],[34.6335,28.7707],[34.6228,28.7598],[34.6245,28.736],[34.6077,28.7015],[34.5842,28.6723],[34.5703,28.6262],[34.5301,28.5727],[34.5164,28.539],[34.5106,28.538],[34.5236,28.5073],[34.5116,28.4878],[34.469,28.4554],[34.4753,28.4479],[34.4617,28.442],[34.4543,28.4289],[34.4412,28.3735],[34.4274,28.3561],[34.4069,28.308],[34.4206,28.2562],[34.4129,28.2331],[34.4553,28.1749],[34.4268,28.0815],[34.444,28.0535],[34.4274,27.9831],[34.4349,27.9756],[34.4007,27.9687],[34.39,27.9453],[34.377,27.9382],[34.3709,27.9237],[34.3313,27.9141],[34.3387,27.9067],[34.321,27.8613],[34.3113,27.852],[34.2864,27.8644],[34.2795,27.8583],[34.2635,27.8248],[34.2717,27.8124],[34.2591,27.8017],[34.2141,27.7915],[34.2212,27.7698],[34.2573,27.7695],[34.2498,27.7565],[34.2635,27.736],[34.2498,27.7428],[34.2573,27.736],[34.2573,27.7286],[34.2498,27.7286],[34.2275,27.7582],[34.1898,27.7868],[34.0785,27.8007],[34.0545,27.8145],[33.9876,27.8867],[33.9738,27.8892],[33.904,27.9418],[33.8909,27.9425],[33.8794,27.9346],[33.8656,27.9613],[33.8589,27.9551],[33.8042,27.996],[33.7937,28.0131],[33.7634,28.024],[33.7639,28.049],[33.716,28.0753],[33.7155,28.0929],[33.6843,28.1243],[33.6725,28.146],[33.6746,28.1605],[33.6603,28.1749],[33.6467,28.1674],[33.6348,28.1813],[33.6182,28.2333],[33.6128,28.2406],[33.6056,28.2363],[33.5647,28.2971],[33.4339,28.3664],[33.3692,28.4479],[33.3052,28.4897],[33.2788,28.5275],[33.2562,28.5441],[33.2625,28.5516],[33.2625,28.5441],[33.2698,28.5441],[33.263,28.5771],[33.2461,28.5795],[33.2376,28.5661],[33.2562,28.5516],[33.2394,28.5566],[33.2287,28.5694],[33.219,28.628],[33.1948,28.6751],[33.2283,28.7639],[33.2101,28.7851],[33.2048,28.8052],[33.181,28.8185],[33.1746,28.837],[33.1673,28.9004],[33.1776,28.9184],[33.1659,28.9761],[33.1779,28.9896],[33.1707,29.0031],[33.1531,29.0134],[33.145,29.0317],[33.1265,29.0314],[33.0786,29.0649],[33.0612,29.1014],[32.9579,29.2021],[32.9198,29.2175],[32.8856,29.2431],[32.8683,29.2974],[32.8394,29.3162],[32.8174,29.3598],[32.8172,29.414],[32.7415,29.456],[32.7492,29.456],[32.7454,29.4631],[32.7285,29.4696],[32.7347,29.4838],[32.7285,29.4838],[32.7214,29.4675],[32.7285,29.456],[32.715,29.456],[32.7241,29.5395],[32.7124,29.5805],[32.6808,29.5999],[32.6869,29.6182],[32.6808,29.6614],[32.6939,29.706],[32.6907,29.7336],[32.6484,29.7946],[32.6255,29.8153],[32.6045,29.8242],[32.6255,29.8463],[32.6253,29.8743],[32.6125,29.8937],[32.5715,29.9289],[32.5843,29.9387],[32.5778,29.9488],[32.5855,29.9525],[32.5616,29.9764],[32.5778,29.9835],[32.5778,30.0114],[32.5715,30.0114],[32.5575,29.9765],[32.5705,29.9558],[32.5715,29.9426],[32.5641,29.9426],[32.554,29.9621],[32.53,29.9562],[32.5134,29.9616],[32.4769,29.9322],[32.4679,29.9152],[32.4729,29.882],[32.487,29.8716],[32.5095,29.8668],[32.4915,29.8541],[32.3928,29.7344],[32.3639,29.6882],[32.3574,29.6306],[32.3377,29.5925],[32.3596,29.5713],[32.3877,29.5256],[32.4386,29.4968],[32.4973,29.4401],[32.5286,29.4237],[32.557,29.3979],[32.5915,29.3495],[32.6055,29.2919],[32.6323,29.2431],[32.6287,29.2189],[32.6589,29.1108],[32.6597,29.0891],[32.6247,29.0482],[32.6323,29.0376],[32.6255,28.9727],[32.6734,28.9215],[32.6808,28.8806],[32.7492,28.8048],[32.7845,28.7994],[32.8069,28.7781],[32.8206,28.7479],[32.8689,28.5789],[32.9273,28.5516],[32.9636,28.5177],[32.9729,28.4998],[33.0029,28.4895],[33.013,28.463],[33.0508,28.4069],[33.0432,28.4008],[33.0876,28.3686],[33.1067,28.3471],[33.1053,28.3256],[33.1198,28.3088],[33.1265,28.2875],[33.2005,28.2114],[33.2122,28.1899],[33.242,28.1749],[33.2494,28.1429],[33.2832,28.1324],[33.3164,28.0964],[33.3381,28.0854],[33.3361,28.0568],[33.3436,28.0506],[33.3661,28.0507],[33.3747,28.0359],[33.4417,28.0165],[33.5125,27.9591],[33.5354,27.9164],[33.5544,27.8965],[33.5762,27.8505],[33.5921,27.7912],[33.5715,27.7912],[33.5601,27.8134],[33.4889,27.8459],[33.4822,27.8459],[33.4735,27.8232],[33.4822,27.8049],[33.5117,27.7751],[33.5227,27.7519],[33.5579,27.7599],[33.5525,27.7319],[33.5368,27.7081],[33.575,27.6814],[33.5921,27.6466],[33.5579,27.6814],[33.5505,27.6814],[33.5579,27.6597],[33.5505,27.6597],[33.5442,27.6792],[33.5265,27.6776],[33.5072,27.6637],[33.4963,27.6466],[33.5197,27.6358],[33.5647,27.5715],[33.5579,27.5368],[33.633,27.4958],[33.6404,27.4548],[33.6712,27.4204],[33.6917,27.3419],[33.7248,27.3137],[33.8254,27.2597],[33.8384,27.2426],[33.8384,27.1942],[33.8247,27.1805],[33.8368,27.1208],[33.9014,27.0587],[33.9087,27.0421],[33.8937,27.0439],[33.9009,27.0142],[33.9209,26.9893],[33.9517,26.931],[33.991,26.9074],[33.9961,26.8966],[34.0036,26.8489],[33.9961,26.8379],[33.9797,26.8371],[33.9596,26.8498],[33.9483,26.831],[33.9519,26.7434],[33.9321,26.6826],[33.9414,26.6535],[34.0036,26.6256],[34.014,26.6116],[34.0239,26.5807],[34.0564,26.5423],[34.0706,26.5149],[34.1048,26.4267],[34.1775,26.3148],[34.262,26.1395],[34.301,26.0878],[34.3387,26.0018],[34.4175,25.9031],[34.4347,25.8619],[34.5018,25.7716],[34.5466,25.725],[34.6335,25.5694],[34.6471,25.522],[34.6714,25.4797],[34.6819,25.4287],[34.7433,25.3513],[34.765,25.2961],[34.7949,25.2544],[34.8069,25.2116],[34.9391,25.0034],[34.9537,24.9441],[34.9898,24.905],[35.0022,24.8156],[35.0635,24.7641],[35.0807,24.7354],[35.1095,24.6438],[35.146,24.5859],[35.1603,24.5746],[35.1607,24.5585],[35.1444,24.5277],[35.1446,24.5002],[35.1857,24.4857],[35.2355,24.4001],[35.3706,24.3061],[35.3919,24.2828],[35.4286,24.186],[35.4938,24.1089],[35.5105,24.1112],[35.4938,24.139],[35.5039,24.1405],[35.5242,24.1213],[35.5521,24.1105],[35.5884,24.0758],[35.6027,24.0481],[35.6053,24.0188],[35.6356,24.0019],[35.6668,24.0073],[35.7386,23.9833],[35.7537,23.9687],[35.7748,23.9239],[35.7925,23.9023],[35.7858,23.893],[35.7504,23.9324],[35.736,23.9332],[35.6845,23.9109],[35.6457,23.9256],[35.5985,23.9294],[35.58,23.9363],[35.5505,23.9655],[35.5139,23.9771],[35.4912,23.9476],[35.4839,23.9178],[35.4907,23.87],[35.4748,23.7979],[35.4832,23.7725],[35.5017,23.7687],[35.5101,23.7564],[35.5037,23.5557],[35.4894,23.497],[35.5475,23.394],[35.5503,23.3302],[35.5747,23.2126],[35.6546,23.0737],[35.6678,22.9826],[35.6953,22.9321],[35.7371,22.884],[35.7637,22.8704],[35.7234,22.9319],[35.7429,22.9313],[35.7557,22.9223],[35.7712,22.8903],[35.7849,22.8332],[35.8013,22.8226],[35.8475,22.763],[35.886,22.7357],[35.9402,22.7166],[35.9695,22.698],[36.1206,22.6757],[36.1978,22.6517],[36.2261,22.6354],[36.2747,22.5924],[36.2905,22.5682],[36.2964,22.522],[36.3134,22.4916],[36.3745,22.4453],[36.4048,22.4329],[36.4016,22.4486],[36.4069,22.4486],[36.4281,22.426],[36.4228,22.3976],[36.4398,22.3564],[36.5077,22.328],[36.5628,22.2967],[36.7137,22.1691],[36.7328,22.1596],[36.7476,22.161],[36.7568,22.1769],[36.7822,22.1645],[36.8182,22.1088],[36.8719,22.0741],[36.8954,22.0661],[36.8984,22.0175],[36.8838,21.9966],[36.8806,21.9807],[36.8401,21.9661],[36.8735,21.9361],[36.8742,21.8153],[36.8968,21.6779],[36.8879,21.6501],[36.902,21.6411],[36.9059,21.6171],[36.9304,21.5859],[36.9841,21.4658],[37.1136,21.2781],[37.199,21.2021],[37.3054,21.0744],[37.313,21.0577],[37.304,21.0209],[37.2914,21.0126],[37.2721,21.0202],[37.252,21.006],[37.2339,21.0202],[37.1893,21.0972],[37.1963,21.1021],[37.2093,21.0986],[37.2271,21.0717],[37.25,21.055],[37.2635,21.0498],[37.2721,21.0543],[37.2454,21.0891],[37.2297,21.1278],[37.2189,21.1418],[37.2031,21.1369],[37.1751,21.1567],[37.167,21.1462],[37.1592,21.148],[37.1486,21.171],[37.1595,21.2064],[37.1486,21.2187],[37.1214,21.2243],[37.105,21.2075],[37.0984,21.1809],[37.1008,21.1567],[37.1182,21.1503],[37.1206,21.1437],[37.1138,21.1232],[37.1178,21.0861],[37.1038,21.0653],[37.0867,21.0571],[37.0864,21.0406],[37.1206,20.9997],[37.1473,20.9409],[37.16,20.8782],[37.1691,20.7464],[37.1836,20.6844],[37.228,20.565],[37.2305,20.5],[37.2224,20.4682],[37.2127,20.4587],[37.1823,20.4628],[37.1789,20.4499],[37.1826,20.4202],[37.1751,20.3492],[37.1826,20.2939],[37.2142,20.2001],[37.2249,20.1195],[37.2063,20.0639],[37.1895,20.0401],[37.1888,20.0132],[37.1961,19.9792],[37.2595,19.8207],[37.2653,19.7869],[37.2634,19.7038],[37.2414,19.6705],[37.2383,19.6553],[37.2438,19.5762],[37.2858,19.4753],[37.3255,19.2628],[37.3335,19.1597],[37.3372,19.1477],[37.3609,19.1283],[37.3552,19.1016],[37.3796,19.0693],[37.426,18.9135],[37.4343,18.8617],[37.4923,18.7675],[37.5252,18.7385],[37.5398,18.7159],[37.551,18.7099],[37.5744,18.7199],[37.6415,18.7267],[37.6747,18.741],[37.6794,18.7225],[37.7017,18.7112],[37.7407,18.7092],[37.7495,18.6814],[37.7656,18.6673],[37.7581,18.6286],[37.7852,18.6402],[37.8128,18.6156],[37.9255,18.585],[37.9669,18.547],[37.9949,18.502],[38.0382,18.4611],[38.1093,18.4274],[38.1219,18.4133],[38.1093,18.3959],[38.083,18.3829],[38.0761,18.3481],[38.1036,18.2917],[38.1517,18.2493],[38.2054,18.2374],[38.2454,18.2439],[38.2512,18.2808],[38.3062,18.3065],[38.3123,18.296],[38.2795,18.273],[38.2762,18.242],[38.2645,18.2308],[38.2249,18.2265],[38.2173,18.2177],[38.2651,18.2239],[38.3062,18.2041],[38.3762,18.1906],[38.3866,18.1953],[38.388,18.2032],[38.3757,18.2104],[38.3914,18.2242],[38.4111,18.2049],[38.4432,18.1557],[38.4338,18.1423],[38.4505,18.1324],[38.4756,18.1306],[38.4917,18.1414],[38.5023,18.126],[38.5057,18.0864],[38.5122,18.0737],[38.532,18.0707],[38.5417,18.0859],[38.54,18.1087],[38.5259,18.1284],[38.5845,18.0771],[38.6039,18.0139],[38.6037,17.9944],[38.613,17.9835],[38.6204,17.9526],[38.6629,17.895],[38.6698,17.854],[38.7897,17.6689],[38.8596,17.5133],[38.929,17.3971],[38.9533,17.3122],[38.9647,17.2923],[38.9526,17.2535],[38.9712,17.2233],[38.9985,17.1959],[39.0125,17.1654],[39.0261,17.0931],[39.0559,17.0341],[39.0689,16.9539],[39.0845,16.9249],[39.095,16.8677],[39.1279,16.7949],[39.1497,16.7169],[39.136,16.7238],[39.1614,16.6572],[39.1633,16.6282],[39.1449,16.6094],[39.161,16.5638],[39.1565,16.5382],[39.1497,16.545],[39.1509,16.5294],[39.177,16.5214],[39.177,16.4774],[39.1906,16.4394],[39.1906,16.3874],[39.2048,16.3498],[39.1974,16.2986],[39.228,16.168],[39.2356,16.1087],[39.259,16.059],[39.2941,15.9288],[39.3135,15.8939],[39.3732,15.8585],[39.3904,15.8363],[39.437,15.812],[39.4375,15.799],[39.4234,15.7676],[39.4265,15.7558],[39.4439,15.7331],[39.4509,15.6905],[39.4779,15.6611],[39.4606,15.6596],[39.4487,15.6498],[39.4446,15.6352],[39.4507,15.6196],[39.464,15.6383],[39.4749,15.6426],[39.4849,15.6339],[39.4828,15.6149],[39.4634,15.6059],[39.4302,15.6031],[39.4507,15.5656],[39.4575,15.5246],[39.4949,15.5175],[39.5169,15.5201],[39.5339,15.5398],[39.5518,15.5423],[39.5872,15.5314],[39.6113,15.5],[39.6636,15.3362],[39.6908,15.3222],[39.699,15.288],[39.7183,15.2639],[39.7034,15.2094],[39.6983,15.1236],[39.7121,15.1093],[39.7156,15.0941],[39.7251,15.0862],[39.7381,15.0856],[39.7523,15.0926],[39.7622,15.0739],[39.7737,15.071],[39.8113,15.0789],[39.8262,15.1082],[39.8197,15.1258],[39.8356,15.1404],[39.8547,15.1735],[39.8568,15.1929],[39.8368,15.2268],[39.8177,15.2812],[39.8045,15.2814],[39.7897,15.2575],[39.7809,15.2781],[39.7809,15.3493],[39.7734,15.3905],[39.7757,15.4027],[39.7938,15.4147],[39.8071,15.4589],[39.8281,15.4489],[39.8356,15.4761],[39.8416,15.4761],[39.8416,15.4631],[39.8753,15.5041],[39.91,15.4574],[40.0051,15.381],[40.0508,15.3661],[40.0799,15.3407],[40.0813,15.3192],[40.0472,15.2844],[40.0266,15.2372],[40.0462,15.2358],[40.052,15.2296],[40.054,15.2192],[40.0413,15.2125],[40.0415,15.205],[40.0813,15.1645],[40.1018,15.113],[40.0975,15.0758],[40.1018,15.0646],[40.1279,15.0662],[40.1389,15.0587],[40.1453,15.0402],[40.1543,15.0373],[40.1565,15.022],[40.1496,15.0001],[40.1594,14.9822],[40.2726,14.9376],[40.2868,14.9135],[40.3472,14.9441],[40.3898,15.0032],[40.3921,14.9736],[40.4014,14.9661],[40.4177,14.9691],[40.4227,14.999],[40.4544,15.0045],[40.4649,14.997],[40.4631,14.9797],[40.499,14.9622],[40.5202,14.9827],[40.5127,15.0175],[40.527,14.997],[40.5542,14.9902],[40.561,14.9554],[40.6164,14.9487],[40.6277,14.892],[40.6566,14.8803],[40.652,14.8971],[40.6604,14.9026],[40.6945,14.8962],[40.6974,14.8874],[40.6927,14.8819],[40.6771,14.8872],[40.6709,14.8803],[40.7188,14.8319],[40.7274,14.8341],[40.7324,14.8257],[40.7324,14.791],[40.7239,14.7571],[40.7664,14.7146],[40.7664,14.6953],[40.7866,14.706],[40.8081,14.7028],[40.8081,14.7221],[40.8311,14.7122],[40.8845,14.7145],[40.9447,14.6773],[40.9727,14.6696],[41.0402,14.6674],[41.1675,14.6369],[41.2088,14.5681],[41.283,14.5176],[41.3068,14.4889],[41.3359,14.402],[41.3766,14.3763],[41.3997,14.3467],[41.4128,14.3065],[41.5059,14.2134],[41.5418,14.1262],[41.5886,14.0962],[41.6209,14.0636],[41.6572,13.9965],[41.6765,13.9403],[41.7534,13.9207],[41.7981,13.9344],[41.8255,13.8968],[41.849,13.8762],[41.8743,13.8732],[41.9043,13.8798],[41.9697,13.8456],[41.981,13.8378],[41.9937,13.7836],[42.0349,13.7523],[42.0755,13.6948],[42.0892,13.688],[42.1066,13.6435],[42.117,13.6408],[42.1438,13.6504],[42.1712,13.6265],[42.1848,13.5856],[42.2122,13.5676],[42.216,13.5539],[42.2239,13.5539],[42.2295,13.5639],[42.1987,13.5987],[42.1985,13.606],[42.219,13.606],[42.2197,13.6326],[42.1892,13.6527],[42.1599,13.6566],[42.1716,13.6672],[42.1848,13.6675],[42.219,13.6402],[42.2559,13.592],[42.2884,13.5746],[42.2947,13.5092],[42.3059,13.4761],[42.3352,13.4435],[42.3425,13.4181],[42.3581,13.3025],[42.3723,13.2786],[42.3794,13.2226],[42.4313,13.1984],[42.4768,13.1945],[42.4959,13.1979],[42.5075,13.207],[42.5207,13.2355],[42.5339,13.2326],[42.5418,13.2082],[42.5599,13.1943],[42.5701,13.171],[42.6205,13.1293],[42.6554,13.0723],[42.7046,13.054],[42.7297,13.0331],[42.7472,12.9617],[42.7637,12.9252],[42.7739,12.8621],[42.7813,12.8519],[42.7954,12.8484],[42.8358,12.8649],[42.8493,12.8378],[42.8689,12.8214],[42.9321,12.8109],[42.9185,12.7905],[42.928,12.7897],[42.9663,12.8109],[42.978,12.824],[42.9915,12.8596],[43.001,12.8649],[42.9935,12.8846],[43.001,12.9003],[43.0295,12.8789],[43.0532,12.8449],[43.0864,12.8209],[43.0933,12.8078],[43.0972,12.7625],[43.1239,12.7153],[43.1177,12.7079],[43.134,12.6972],[43.1618,12.6427],[43.2596,12.5334],[43.2974,12.482],[43.313,12.4777],[43.3294,12.4888],[43.3312,12.4367],[43.3605,12.383],[43.3678,12.3069],[43.4114,12.2418],[43.4143,12.2249],[43.4114,12.1667],[43.4187,12.0913],[43.4133,12.0593],[43.3988,12.0295],[43.3771,12.0048],[43.3504,11.9879],[43.3157,11.9811],[43.2883,11.9674],[43.2066,11.9578],[43.174,11.935],[43.0972,11.8445],[43.0692,11.8303],[43.0555,11.8036],[42.9868,11.7961],[42.9426,11.7738],[42.9155,11.7836],[42.8965,11.7806],[42.8034,11.748],[42.7772,11.7322],[42.7541,11.708],[42.6841,11.5823],[42.668,11.5685],[42.637,11.5596],[42.5774,11.5624],[42.5635,11.5672],[42.5486,11.5838],[42.5269,11.5825],[42.5151,11.5741],[42.515,11.5672],[42.5281,11.5702],[42.5387,11.503],[42.5716,11.4905],[42.6038,11.4678],[42.6448,11.4882],[42.6725,11.4797],[42.6875,11.4972],[42.6653,11.5156],[42.6741,11.5321],[42.6941,11.546],[42.7398,11.5634],[42.8291,11.577],[42.8558,11.5958],[42.8752,11.5837],[43.0818,11.5895],[43.1034,11.577],[43.1231,11.5815],[43.1411,11.6086],[43.1519,11.6118],[43.1722,11.5429],[43.1838,11.5266],[43.2263,11.5019],[43.2669,11.4623],[43.2883,11.4604],[43.2827,11.4989],[43.3201,11.4461],[43.376,11.3916],[43.4138,11.3809],[43.4597,11.3511],[43.4782,11.38],[43.4894,11.3809],[43.4944,11.3647],[43.479,11.2718],[43.4881,11.2389],[43.5064,11.209],[43.5293,11.1866],[43.563,11.1703],[43.6589,10.988],[43.7556,10.8942],[43.8296,10.803],[43.9221,10.7242],[44.0282,10.6522],[44.0975,10.5893],[44.1496,10.5591],[44.2743,10.4567],[44.3476,10.4145],[44.3892,10.3972],[44.4653,10.4015],[44.5861,10.3836],[44.7507,10.4279],[44.8994,10.4118],[44.962,10.4158],[44.9942,10.4427],[44.988,10.4604],[45.0015,10.4604],[45.1113,10.5256],[45.1572,10.5411],[45.2523,10.6005],[45.3206,10.6621],[45.3373,10.6708],[45.4092,10.6595],[45.4871,10.6847],[45.543,10.7217],[45.573,10.7581],[45.6731,10.7962],[45.7064,10.8328],[45.738,10.8436],[45.7536,10.8717],[45.7693,10.8781],[45.8169,10.8692],[45.8556,10.824],[45.8723,10.8235],[45.8682,10.8414],[45.8845,10.8412],[45.9775,10.7991],[46.1022,10.7707],[46.2074,10.7962],[46.2376,10.7924],[46.2632,10.7768],[46.3351,10.7097],[46.3701,10.6968],[46.4478,10.6931],[46.4998,10.7085],[46.5277,10.7262],[46.6597,10.7543],[46.6941,10.7819],[46.7822,10.8217],[46.822,10.8526],[46.866,10.8719],[46.8865,10.8986],[47.0081,10.939],[47.1807,11.0805],[47.2267,11.0938],[47.2634,11.1208],[47.3669,11.1728],[47.4059,11.1846],[47.437,11.1798],[47.4895,11.1928],[47.5227,11.187],[47.6777,11.108],[47.7105,11.1013],[47.7673,11.1302],[47.8928,11.1326],[47.9483,11.1251],[48.1304,11.1367],[48.1608,11.1457],[48.1958,11.1868],[48.2156,11.1962],[48.2199,11.2111],[48.3042,11.2275],[48.3184,11.2555],[48.3428,11.2755],[48.4785,11.2963],[48.522,11.3193],[48.5859,11.317],[48.6548,11.3306],[48.7239,11.3153],[48.8006,11.279],[48.8888,11.2506],[48.9768,11.2514],[49.2396,11.3003],[49.2781,11.317],[49.3035,11.3454],[49.3357,11.3346],[49.4192,11.3448],[49.5217,11.3938],[49.5444,11.4367],[49.5586,11.4535],[49.5768,11.46],[49.6445,11.4604],[49.6868,11.4744],[49.8049,11.4584],[49.8512,11.4649],[49.8807,11.4882],[49.8885,11.4873],[49.9421,11.5156],[49.9627,11.5087],[50.0725,11.5087],[50.1315,11.5399],[50.1619,11.5634],[50.1976,11.5626],[50.2254,11.5781],[50.2683,11.5893],[50.3723,11.6689],[50.4181,11.678],[50.437,11.6906],[50.5127,11.7712],[50.5295,11.8595],[50.5386,11.8786],[50.5759,11.921],[50.6275,11.9401],[50.6411,11.9544],[50.6615,11.9476],[50.772,11.9858],[50.7979,11.9891],[50.8671,11.9429],[50.9701,11.9323],[51.0293,11.8851],[51.0488,11.8786],[51.1277,11.8786],[51.1812,11.8554],[51.2471,11.8476],[51.2927,11.8331],[51.2664,11.7593],[51.2494,11.7288],[51.2557,11.6817],[51.2478,11.6524],[51.1209,11.5053],[51.1277,11.4709],[51.125,11.448],[51.0813,11.3415],[51.0725,11.2338],[51.0859,11.188],[51.1309,11.1608],[51.1744,11.1588],[51.1895,11.1383],[51.1644,11.1168],[51.1238,11.0388],[51.1151,10.9934],[51.1382,10.6767],[51.1607,10.5985],[51.1543,10.5877],[51.1074,10.5766],[51.1019,10.5586],[51.1072,10.515],[51.0923,10.4822],[51.0358,10.4675],[51.0183,10.4521],[51.0101,10.434],[51.0184,10.4194],[51.0381,10.4161],[51.1904,10.4461],[51.2204,10.442],[51.2196,10.461],[51.1965,10.4774],[51.193,10.5212],[51.1761,10.5628],[51.2206,10.5249],[51.2925,10.4801],[51.3259,10.4727],[51.3572,10.4837],[51.3952,10.479],[51.4031,10.4567],[51.417,10.4475],[51.3975,10.3958],[51.3726,10.3814],[51.3761,10.3677],[51.3674,10.3677],[51.3201,10.3785],[51.3008,10.3726],[51.2729,10.3779],[51.2566,10.4203],[51.241,10.4256],[51.0901,10.4073],[51.0171,10.3819],[50.9274,10.3278],[50.9099,10.2956],[50.9017,10.2344],[50.9128,10.1769],[50.8838,10.1013],[50.8887,10.0557],[50.9017,10.0117],[50.8908,9.986],[50.8777,9.9167],[50.8812,9.9055],[50.8333,9.7688],[50.8386,9.7409],[50.8245,9.6511],[50.8062,9.6245],[50.813,9.5412],[50.8403,9.4561],[50.8303,9.4196],[50.7683,9.3193],[50.6895,9.2748],[50.647,9.2114],[50.6411,9.1964],[50.6484,9.1104],[50.6336,9.0732],[50.6045,9.0379],[50.4949,8.952],[50.4397,8.8882],[50.422,8.8571],[50.3898,8.7335],[50.3743,8.6989],[50.3265,8.6411],[50.3196,8.6203],[50.3196,8.5418],[50.3035,8.5046],[50.2902,8.4868],[50.2562,8.4726],[50.2302,8.4177],[50.1564,8.3206],[50.113,8.1995],[50.0911,8.161],[50.0583,8.1303],[49.9294,8.0517],[49.8421,7.9627],[49.8242,7.9339],[49.8125,7.8975],[49.8032,7.8269],[49.8086,7.815],[49.8234,7.8053],[49.825,7.7578],[49.8193,7.7399],[49.7522,7.6503],[49.7442,7.5891],[49.5866,7.3148],[49.5205,7.2397],[49.367,7.0257],[49.2932,6.8809],[49.2473,6.8106],[49.1979,6.6736],[49.0747,6.4153],[49.0741,6.3708],[49.0856,6.3074],[49.0713,6.2199],[49.0361,6.1442],[48.8501,5.8244],[48.6958,5.5873],[48.6467,5.48],[48.6201,5.444],[48.5481,5.3751],[48.448,5.2087],[48.3289,5.0797],[48.2024,4.9089],[48.0557,4.6129],[47.9485,4.4571],[47.578,4.0599],[47.4893,3.9363],[47.013,3.4411],[46.8342,3.2325],[46.7,3.1133],[46.6257,3.0239],[46.4878,2.9088],[46.4143,2.8334],[46.3516,2.7886],[46.3392,2.7617],[46.3176,2.7519],[46.2894,2.6962],[46.2365,2.6676],[46.1423,2.5689],[46.105,2.5106],[46.063,2.484],[46.0476,2.4551],[45.8263,2.3088],[45.2322,1.9677],[45.1997,1.9596],[45.0015,1.8664],[44.6763,1.6376],[44.5501,1.5591],[44.3328,1.39],[44.2214,1.2756],[44.1579,1.2408],[44.1421,1.2214],[44.138,1.1916],[44.115,1.182],[44.0329,1.0975],[43.9788,1.0687],[43.9326,1.0098],[43.8198,0.9494],[43.7819,0.9216],[43.7342,0.855],[43.7035,0.8405],[43.6589,0.8049],[43.4676,0.6206],[43.2855,0.415],[43.0902,0.2234],[42.7703,-0.1293],[42.6478,-0.2289],[42.5803,-0.2975],[42.5559,-0.3321],[42.5508,-0.3576],[42.5193,-0.3693],[42.4797,-0.4221],[42.4745,-0.4387],[42.4865,-0.4494],[42.4764,-0.466],[42.4728,-0.4699],[42.466,-0.4494],[42.4126,-0.491],[42.398,-0.5173],[42.3499,-0.5656],[42.2503,-0.6856],[42.2453,-0.7075],[42.2326,-0.7131],[42.1922,-0.7761],[42.1665,-0.8027],[42.1355,-0.8217],[42.0715,-0.8287],[42.0625,-0.8393],[42.0817,-0.8434],[42.072,-0.8845],[42.037,-0.92],[42.0164,-0.968],[41.9719,-0.9998],[41.9636,-0.9509],[41.9647,-0.9116],[41.9588,-0.8945],[41.9528,-0.8945],[41.9554,-0.9096],[41.9465,-0.9548],[41.9556,-0.9929],[41.9732,-1.0112],[41.9717,-1.0236],[41.9535,-1.0686],[41.9247,-1.0971],[41.9183,-1.121],[41.8739,-1.176],[41.8729,-1.1955],[41.8975,-1.1832],[41.8854,-1.2096],[41.8628,-1.2123],[41.842,-1.197],[41.8353,-1.1689],[41.8291,-1.1689],[41.842,-1.2249],[41.8366,-1.2623],[41.7323,-1.4311],[41.6897,-1.4895],[41.6521,-1.5651],[41.6106,-1.5932],[41.575,-1.6526],[41.5549,-1.6697],[41.561,-1.6697],[41.4583,-1.7748],[41.4224,-1.8298],[41.4177,-1.8473],[41.3391,-1.9124],[41.3035,-1.9561],[41.2827,-1.9685],[41.2673,-1.9496],[41.2487,-1.9573],[41.2315,-1.9555],[41.22,-1.944],[41.219,-1.9225],[41.199,-1.9431],[41.1858,-1.9902],[41.1091,-1.9776],[41.077,-2.0071],[41.05,-2.0185],[41.0287,-2.0432],[41.013,-2.0424],[40.9902,-2.0289],[40.9795,-2.005],[40.9901,-1.9625],[40.987,-1.9365],[41.0061,-1.9018],[40.9707,-1.929],[40.9666,-2.0466],[40.9453,-2.0732],[40.9268,-2.0593],[40.9082,-1.9977],[40.861,-1.9635],[40.8491,-1.9776],[40.8586,-2.0058],[40.856,-2.0185],[40.8722,-2.0114],[40.8851,-2.0148],[40.8938,-2.0261],[40.8968,-2.0424],[40.8831,-2.0602],[40.8865,-2.0698],[40.9011,-2.0737],[40.9043,-2.0803],[40.912,-2.192],[40.9248,-2.2172],[40.9569,-2.2189],[40.9793,-2.2421],[40.9807,-2.253],[40.9695,-2.279],[40.9448,-2.3093],[40.9226,-2.3137],[40.9194,-2.3024],[40.9522,-2.2861],[40.9211,-2.2706],[40.8968,-2.245],[40.8937,-2.2282],[40.8831,-2.2241],[40.863,-2.2314],[40.8381,-2.245],[40.7947,-2.2905],[40.7739,-2.2792],[40.7772,-2.2968],[40.7956,-2.31],[40.787,-2.3273],[40.7935,-2.342],[40.8218,-2.3608],[40.8286,-2.3748],[40.8169,-2.3979],[40.7581,-2.4474],[40.7118,-2.4666],[40.6506,-2.5393],[40.6159,-2.5525],[40.5236,-2.5251],[40.4909,-2.5285],[40.3898,-2.5603],[40.3483,-2.5901],[40.2937,-2.6164],[40.2321,-2.669],[40.2048,-2.7249],[40.175,-2.7626],[40.1726,-2.7872],[40.1886,-2.8136],[40.1649,-2.9015],[40.1626,-2.9343],[40.1838,-2.9503],[40.1786,-2.9765],[40.1907,-2.9881],[40.2113,-2.986],[40.2321,-2.9706],[40.2329,-2.9819],[40.1901,-3.027],[40.1638,-3.067],[40.1532,-3.1352],[40.1192,-3.1835],[40.1292,-3.2333],[40.1229,-3.2673],[40.1024,-3.2942],[40.0266,-3.3344],[39.9891,-3.3732],[39.9714,-3.3761],[39.992,-3.3071],[39.974,-3.3115],[39.9661,-3.3212],[39.9578,-3.3823],[39.9652,-3.3992],[39.9273,-3.4814],[39.9006,-3.5242],[39.8901,-3.5817],[39.866,-3.6165],[39.8356,-3.6088],[39.8177,-3.5908],[39.7864,-3.5876],[39.7913,-3.5749],[39.7809,-3.5666],[39.7731,-3.5849],[39.7759,-3.6002],[39.7879,-3.6091],[39.8081,-3.6088],[39.7961,-3.623],[39.8001,-3.6347],[39.8142,-3.6393],[39.849,-3.6252],[39.8601,-3.6332],[39.869,-3.6633],[39.867,-3.6949],[39.7864,-3.9172],[39.7608,-3.9418],[39.7321,-3.9464],[39.7119,-3.9313],[39.7121,-3.8974],[39.6838,-3.9172],[39.702,-3.9558],[39.7121,-3.965],[39.7342,-3.9633],[39.7453,-3.9687],[39.7424,-3.9859],[39.7214,-4.0092],[39.7083,-4.0375],[39.6908,-4.0532],[39.6812,-4.0479],[39.6745,-4.025],[39.6598,-4.0076],[39.6605,-3.9708],[39.6431,-3.9855],[39.6057,-3.9697],[39.5947,-3.9787],[39.6047,-3.9882],[39.6431,-3.9992],[39.6356,-4.017],[39.6261,-4.0255],[39.5947,-4.0326],[39.5642,-4.0329],[39.5606,-4.0398],[39.5674,-4.0811],[39.5819,-4.0616],[39.6151,-4.0593],[39.6501,-4.0696],[39.6697,-4.088],[39.6659,-4.1121],[39.6159,-4.1978],[39.5838,-4.2794],[39.54,-4.4304],[39.5311,-4.4174],[39.5225,-4.4181],[39.506,-4.4381],[39.5054,-4.456],[39.4849,-4.4789],[39.4507,-4.582],[39.4443,-4.5634],[39.4439,-4.52],[39.431,-4.53],[39.4097,-4.5745],[39.3914,-4.5711],[39.3906,-4.5934],[39.4063,-4.6152],[39.3962,-4.629],[39.3625,-4.634],[39.3244,-4.6246],[39.3005,-4.595],[39.2937,-4.6155],[39.2643,-4.6066],[39.2244,-4.6559],[39.1906,-4.6775],[39.2151,-4.6887],[39.2215,-4.7167],[39.2161,-4.7491],[39.1702,-4.78],[39.216,-4.7957],[39.2136,-4.8564],[39.1751,-4.9264],[39.1623,-4.9387],[39.1565,-4.924],[39.1696,-4.8659],[39.1633,-4.8483],[39.1457,-4.8998],[39.1304,-4.9181],[39.1087,-4.9166],[39.1287,-4.9534],[39.1322,-5.0102],[39.1223,-5.0245],[39.1068,-5.0196],[39.0982,-5.0234],[39.0828,-5.0615],[39.1292,-5.0475],[39.1428,-5.0959],[39.0941,-5.145],[39.0436,-5.2322],[39.0404,-5.2394],[39.0482,-5.2467],[39.0746,-5.2188],[39.0806,-5.2311],[39.0264,-5.3785],[39.0125,-5.3971],[38.9813,-5.4174],[38.9783,-5.4311],[38.9974,-5.4494],[38.9988,-5.4653],[38.9854,-5.505],[38.9566,-5.5637],[38.9216,-5.6163],[38.8889,-5.6371],[38.9026,-5.6433],[38.896,-5.664],[38.8952,-5.7105],[38.8325,-5.8156],[38.8216,-5.8605],[38.8213,-5.925],[38.801,-5.9597],[38.778,-6.0307],[38.7791,-6.0549],[38.7996,-6.0822],[38.8132,-6.1306],[38.8568,-6.1637],[38.86,-6.2316],[38.8412,-6.2678],[38.8488,-6.2927],[38.8522,-6.3487],[38.8648,-6.3736],[38.8983,-6.3947],[38.915,-6.4367],[38.9289,-6.4494],[38.9539,-6.455],[38.9647,-6.4732],[39.0051,-6.477],[39.0261,-6.487],[39.0369,-6.4832],[39.0359,-6.4752],[38.9914,-6.4521],[39.0409,-6.4701],[39.1292,-6.5619],[39.1555,-6.5807],[39.1873,-6.6242],[39.2127,-6.6418],[39.231,-6.7037],[39.2459,-6.7311],[39.2639,-6.7444],[39.28,-6.7271],[39.2844,-6.7561],[39.2803,-6.8305],[39.3005,-6.8494],[39.2937,-6.8152],[39.312,-6.8163],[39.355,-6.8391],[39.4006,-6.8459],[39.4279,-6.8581],[39.4645,-6.8577],[39.4943,-6.9013],[39.5027,-6.9308],[39.5537,-7.0007],[39.54,-7.0281],[39.5475,-7.1183],[39.5326,-7.1169],[39.509,-7.1684],[39.4979,-7.1772],[39.4885,-7.1769],[39.4813,-7.1681],[39.4779,-7.1511],[39.4359,-7.1803],[39.4268,-7.1923],[39.4144,-7.2409],[39.3899,-7.2648],[39.3674,-7.2714],[39.3757,-7.2956],[39.3698,-7.3069],[39.3278,-7.3093],[39.3543,-7.3493],[39.3543,-7.3708],[39.3304,-7.4242],[39.304,-7.4485],[39.2923,-7.4863],[39.2748,-7.5964],[39.28,-7.6376],[39.2962,-7.6884],[39.2869,-7.7175],[39.302,-7.7541],[39.2971,-7.7717],[39.2526,-7.8233],[39.2832,-7.8166],[39.305,-7.7918],[39.3278,-7.7263],[39.3552,-7.7525],[39.3567,-7.7669],[39.3408,-7.7817],[39.3955,-7.7799],[39.4403,-7.8185],[39.4435,-7.8326],[39.4209,-7.902],[39.4317,-7.9369],[39.437,-7.9939],[39.4575,-7.9797],[39.4544,-8.0104],[39.4097,-8.0895],[39.3765,-8.1795],[39.3618,-8.2068],[39.3408,-8.2068],[39.3478,-8.2216],[39.3483,-8.2751],[39.334,-8.2688],[39.3278,-8.2956],[39.2937,-8.2688],[39.3021,-8.2951],[39.28,-8.3093],[39.2927,-8.3349],[39.3053,-8.3889],[39.3031,-8.5055],[39.3364,-8.5395],[39.3577,-8.5883],[39.36,-8.6944],[39.3543,-8.714],[39.3893,-8.7238],[39.4022,-8.745],[39.4331,-8.7496],[39.4391,-8.7555],[39.4439,-8.789],[39.4526,-8.8054],[39.4885,-8.8269],[39.5195,-8.892],[39.5537,-8.9223],[39.5207,-8.923],[39.4494,-8.8587],[39.4131,-8.8674],[39.3887,-8.8989],[39.4038,-8.9046],[39.4642,-8.8989],[39.4476,-8.9256],[39.4919,-8.9384],[39.4849,-8.9944],[39.4985,-9.0087],[39.4924,-9.0429],[39.506,-9.0562],[39.4933,-9.0795],[39.5027,-9.1066],[39.4985,-9.1242],[39.53,-9.1131],[39.5571,-9.0938],[39.5692,-9.093],[39.6267,-9.1603],[39.6438,-9.1891],[39.6486,-9.2199],[39.6321,-9.2585],[39.6499,-9.2825],[39.6428,-9.3686],[39.616,-9.3971],[39.5691,-9.405],[39.564,-9.4142],[39.5674,-9.4475],[39.6084,-9.4401],[39.6159,-9.4249],[39.6507,-9.4448],[39.6499,-9.4743],[39.6807,-9.5053],[39.7009,-9.5795],[39.7249,-9.6041],[39.7121,-9.6251],[39.7409,-9.6668],[39.7375,-9.6871],[39.7466,-9.7065],[39.7183,-9.7206],[39.697,-9.7449],[39.7523,-9.7486],[39.7697,-9.7931],[39.8006,-9.8238],[39.8073,-9.8522],[39.8001,-9.8727],[39.7813,-9.8824],[39.7523,-9.879],[39.7892,-9.9142],[39.7902,-9.923],[39.7142,-9.9521],[39.7137,-9.9636],[39.7263,-9.9889],[39.7244,-10.0075],[39.7171,-10.0216],[39.6908,-10.0434],[39.7165,-10.0388],[39.7632,-9.9828],[39.797,-9.9924],[39.8269,-9.9903],[39.8482,-10.0114],[39.8894,-10.0149],[39.9143,-10.0339],[39.9749,-10.1334],[39.9768,-10.191],[39.9851,-10.221],[40.0005,-10.1926],[39.9888,-10.1313],[40.0198,-10.1329],[40.1327,-10.1697],[40.134,-10.1935],[40.1243,-10.2216],[40.1355,-10.2477],[40.1184,-10.2569],[40.1206,-10.2712],[40.1359,-10.2687],[40.1604,-10.2805],[40.1677,-10.2563],[40.1738,-10.2551],[40.2321,-10.2966],[40.2389,-10.2687],[40.2528,-10.2756],[40.2669,-10.2687],[40.198,-10.2421],[40.2321,-10.2005],[40.2454,-10.2047],[40.2595,-10.2421],[40.301,-10.2687],[40.3387,-10.3488],[40.3488,-10.3581],[40.3898,-10.3649],[40.4221,-10.3556],[40.4268,-10.3359],[40.4148,-10.3204],[40.3972,-10.3239],[40.3926,-10.3121],[40.4051,-10.2984],[40.427,-10.3001],[40.4494,-10.3454],[40.4109,-10.3923],[40.4369,-10.3923],[40.4246,-10.4372],[40.4375,-10.4616],[40.4369,-10.4748],[40.4539,-10.469],[40.4694,-10.4726],[40.4754,-10.4827],[40.4649,-10.4959],[40.4837,-10.5001],[40.5105,-10.4777],[40.527,-10.4885],[40.5321,-10.5095],[40.499,-10.5505],[40.5066,-10.5663],[40.561,-10.5846],[40.5778,-10.6498],[40.5921,-10.6579],[40.6314,-10.6629],[40.6467,-10.6703],[40.655,-10.6869],[40.6404,-10.6913],[40.6021,-10.6877],[40.5698,-10.6967],[40.4854,-10.7621],[40.4922,-10.797],[40.5127,-10.7696],[40.532,-10.7858],[40.6021,-10.8205],[40.6203,-10.8409],[40.6016,-10.86],[40.5467,-10.8857],[40.5286,-10.902],[40.5083,-10.9277],[40.4961,-10.9557],[40.5066,-10.9928],[40.4984,-11.0273],[40.5065,-11.0372],[40.5179,-11.0344],[40.5405,-11.0031],[40.5661,-11.0139],[40.5658,-11.0424],[40.552,-11.0743],[40.499,-11.1396],[40.5065,-11.1874],[40.4942,-11.2048],[40.4276,-11.2529],[40.3972,-11.3108],[40.3488,-11.3171],[40.3755,-11.3587],[40.383,-11.3381],[40.4138,-11.3615],[40.4369,-11.3922],[40.4658,-11.3852],[40.4714,-11.4168],[40.458,-11.489]]]}},{"type":"Feature","properties":{},"geometry":{"type":"Polygon","coordinates":[[[23.9925,39.9988],[23.988,39.99],[23.9987,39.9748],[23.9699,39.9681],[23.9728,39.9619],[23.9912,39.9611],[23.9912,39.9536],[23.94,39.9525],[23.9197,39.9564],[23.9229,39.9748],[23.9006,39.9712],[23.9025,39.9884],[23.8763,40.0],[23.9925,39.9988]]]}},{"type":"Feature","properties":{},"geometry":{"type":"Polygon","coordinates":[[[23.6027,39.9985],[23.6703,39.9861],[23.676,39.9611],[23.6973,39.9405],[23.7479,39.9305],[23.7031,39.9127],[23.6165,39.9233],[23.471,39.9716],[23.4465,39.9748],[23.3606,39.9611],[23.3809,40.0],[23.6027,39.9985]]]}},{"type":"Feature","properties":{},"geometry":{"type":"Polygon","coordinates":[[[22.6525,39.9821],[22.7079,39.9614],[22.7101,39.9338],[22.7305,39.8854],[22.7787,39.8498],[22.8011,39.8403],[22.8503,39.7905],[22.8718,39.7158],[22.9251,39.5995],[22.9395,39.5806],[23.0049,39.5434],[23.0559,39.5272],[23.0974,39.5018],[23.1257,39.4544],[23.2109,39.3793],[23.2238,39.3586],[23.2713,39.3229],[23.2922,39.269],[23.3423,39.1926],[23.3438,39.1796],[23.3013,39.1514],[23.2097,39.1318],[23.2302,39.1244],[23.2302,39.1182],[23.2036,39.1046],[23.1692,39.1066],[23.1155,39.0883],[23.052,39.0977],[23.0731,39.1244],[23.0677,39.138],[23.0811,39.1472],[23.1141,39.1591],[23.1006,39.1046],[23.1717,39.135],[23.1824,39.1461],[23.1755,39.1555],[23.1813,39.1587],[23.1992,39.1514],[23.2171,39.1796],[23.1755,39.2343],[23.1799,39.2508],[23.1691,39.2685],[23.1346,39.2969],[23.0982,39.3122],[23.0205,39.3175],[23.0186,39.3305],[22.9981,39.3571],[22.9359,39.3606],[22.9429,39.3441],[22.929,39.3242],[22.9321,39.3122],[22.9429,39.3032],[22.8425,39.2885],[22.8262,39.2722],[22.8262,39.2213],[22.854,39.1591],[22.8809,39.1796],[22.877,39.1904],[22.8901,39.1843],[22.895,39.1728],[22.9019,39.1796],[22.9206,39.1251],[22.936,39.1114],[22.9429,39.1182],[22.936,39.1318],[22.9611,39.119],[22.9981,39.0698],[22.992,39.0573],[22.9981,39.0493],[22.9665,39.0347],[22.9588,39.0251],[22.9639,39.009],[23.0425,39.0401],[23.0731,39.0425],[23.0731,39.0363],[23.0233,39.0084],[23.0072,38.9739],[22.9845,38.9543],[22.9564,38.9543],[22.936,38.9468],[22.9429,38.9326],[22.8984,38.9196],[22.8465,38.9264],[22.8367,38.8965],[22.8047,38.891],[22.792,38.878],[22.7327,38.8724],[22.7183,38.8898],[22.689,38.878],[22.6216,38.9145],[22.5808,38.8936],[22.5521,38.8892],[22.5388,38.878],[22.5251,38.8854],[22.5251,38.8581],[22.5729,38.8643],[22.5729,38.8581],[22.5539,38.8481],[22.5633,38.8362],[22.5828,38.832],[22.6003,38.8445],[22.5934,38.8302],[22.6327,38.8352],[22.6411,38.8302],[22.7026,38.8507],[22.7481,38.7992],[22.7783,38.7817],[22.8159,38.7893],[22.8293,38.7861],[22.8599,38.767],[22.8672,38.7551],[22.8875,38.7711],[22.9149,38.7756],[22.9453,38.7581],[23.0163,38.7545],[23.042,38.7467],[23.0594,38.7277],[23.0905,38.6491],[23.1045,38.6384],[23.1235,38.6369],[23.1564,38.6535],[23.1825,38.6538],[23.1961,38.6663],[23.1681,38.6794],[23.1868,38.686],[23.2538,38.6618],[23.3059,38.6527],[23.3312,38.6303],[23.3333,38.6042],[23.2933,38.5791],[23.2854,38.5565],[23.2954,38.5681],[23.3074,38.5685],[23.3406,38.5456],[23.3816,38.5353],[23.3816,38.5286],[23.3401,38.5224],[23.3293,38.5084],[23.335,38.5036],[23.4185,38.5043],[23.5194,38.4907],[23.543,38.5117],[23.5672,38.5011],[23.6013,38.4739],[23.5735,38.4609],[23.5735,38.4534],[23.5962,38.4468],[23.6001,38.4406],[23.594,38.4261],[23.625,38.414],[23.6729,38.3564],[23.71,38.3367],[23.782,38.3436],[23.9124,38.2982],[23.951,38.2909],[23.9912,38.2542],[24.0506,38.2107],[24.069,38.2047],[24.0731,38.1965],[24.0695,38.1735],[24.0806,38.166],[24.0641,38.1551],[24.0594,38.1313],[24.0532,38.1452],[24.0378,38.1437],[23.989,38.1226],[24.0091,38.0406],[24.0327,38.0078],[24.0117,37.9669],[24.0159,37.9374],[24.0117,37.9252],[24.0344,37.9229],[24.0464,37.906],[24.0117,37.8918],[24.0278,37.8803],[24.0532,37.8781],[24.0464,37.8706],[24.0669,37.8644],[24.0593,37.8485],[24.0669,37.8371],[24.0532,37.8228],[24.077,37.8111],[24.0874,37.7852],[24.0819,37.7525],[24.0594,37.7335],[24.0731,37.7272],[24.0731,37.7198],[24.0594,37.7198],[24.0594,37.7136],[24.0658,37.7128],[24.0669,37.6993],[24.064,37.705],[24.0594,37.6993],[24.0721,37.6895],[24.0327,37.6515],[23.9497,37.6774],[23.943,37.6899],[23.9434,37.7272],[23.9227,37.7212],[23.9025,37.7819],[23.8888,37.7744],[23.8656,37.8077],[23.8475,37.8181],[23.8335,37.816],[23.8192,37.8297],[23.813,37.8297],[23.8073,37.8086],[23.7866,37.8122],[23.779,37.8023],[23.7766,37.8143],[23.7645,37.816],[23.7708,37.8283],[23.7664,37.8389],[23.7448,37.8576],[23.7422,37.8767],[23.7005,37.9252],[23.697,37.9395],[23.6802,37.9459],[23.6281,37.9327],[23.6418,37.9525],[23.6266,37.9475],[23.6104,37.9621],[23.5711,37.9687],[23.553,37.9805],[23.5889,38.0063],[23.5979,38.0211],[23.5813,38.0463],[23.5218,38.0425],[23.4946,38.0289],[23.45,38.0214],[23.3953,37.9879],[23.4295,37.9805],[23.4089,37.9743],[23.3298,37.9805],[23.2268,37.9736],[23.0941,37.911],[23.052,37.9252],[23.0151,37.9252],[23.0103,37.897],[22.9951,37.8821],[22.9995,37.8627],[23.0125,37.8476],[23.0322,37.8508],[23.0735,37.8411],[23.1141,37.8508],[23.1463,37.8258],[23.1824,37.8091],[23.1764,37.79],[23.1824,37.7744],[23.1282,37.7605],[23.1209,37.7409],[23.1458,37.7258],[23.1755,37.7198],[23.1638,37.6816],[23.1755,37.6447],[23.1619,37.6447],[23.1686,37.6142],[23.2302,37.5826],[23.2376,37.59],[23.2747,37.5612],[23.3367,37.5355],[23.3604,37.5477],[23.3591,37.5743],[23.3406,37.6003],[23.3122,37.6105],[23.3122,37.6174],[23.3478,37.6344],[23.3987,37.6379],[23.409,37.6259],[23.4043,37.5993],[23.3908,37.5714],[23.3743,37.5559],[23.395,37.5414],[23.422,37.5355],[23.422,37.528],[23.3953,37.5218],[23.3953,37.515],[23.4363,37.5081],[23.4792,37.4907],[23.5256,37.4597],[23.5189,37.453],[23.5256,37.4392],[23.4465,37.4146],[23.3059,37.4119],[23.3122,37.3983],[23.2627,37.401],[23.2644,37.3908],[23.2302,37.3846],[23.23,37.3749],[23.2576,37.3709],[23.2513,37.3573],[23.278,37.3498],[23.2624,37.344],[23.186,37.3406],[23.1854,37.3322],[23.2036,37.3027],[23.1686,37.2995],[23.1414,37.3095],[23.1414,37.3164],[23.1619,37.3164],[23.1619,37.3231],[23.1234,37.3248],[23.1141,37.3362],[23.1346,37.3293],[23.1224,37.3457],[23.1006,37.3573],[23.0928,37.3508],[23.0731,37.3552],[23.0726,37.4011],[23.095,37.3896],[23.1052,37.3969],[23.1141,37.4256],[23.1414,37.4119],[23.132,37.4486],[23.0972,37.4622],[23.062,37.455],[23.0459,37.4597],[23.0594,37.4665],[23.0459,37.487],[23.0112,37.4691],[23.0049,37.4597],[22.9807,37.5088],[22.9639,37.5218],[22.9429,37.5218],[22.936,37.5355],[22.9216,37.5404],[22.9019,37.5417],[22.9143,37.5388],[22.9224,37.528],[22.9024,37.5349],[22.885,37.5331],[22.854,37.515],[22.8193,37.5355],[22.8262,37.5491],[22.802,37.5609],[22.7959,37.5692],[22.7988,37.5764],[22.7783,37.5969],[22.7385,37.5809],[22.7264,37.5664],[22.7232,37.5417],[22.7367,37.5184],[22.7305,37.4945],[22.7503,37.4665],[22.7503,37.4426],[22.7648,37.4318],[22.758,37.3983],[22.8193,37.3437],[22.8125,37.3293],[22.8262,37.3293],[22.8193,37.3164],[22.9066,37.1939],[22.9116,37.1834],[22.9004,37.1729],[22.895,37.1339],[22.9032,37.1213],[22.922,37.118],[22.9564,37.124],[22.9639,37.1103],[22.9568,37.1068],[22.9639,37.1034],[22.9564,37.0959],[22.9817,37.0827],[22.9792,37.0778],[22.9639,37.083],[22.9998,37.0333],[22.9981,37.0215],[23.0117,36.9868],[22.9907,36.9868],[23.0049,36.9669],[23.0117,36.9731],[23.0164,36.9553],[23.0117,36.9389],[23.049,36.8769],[23.0459,36.8691],[23.0933,36.8183],[23.0918,36.7983],[23.0806,36.795],[23.0806,36.7888],[23.1141,36.7813],[23.0944,36.7608],[23.0886,36.7329],[23.052,36.7471],[23.0309,36.7256],[23.0256,36.7156],[23.0391,36.7062],[23.0322,36.6926],[23.0594,36.6926],[23.0344,36.6749],[23.0357,36.6491],[23.0806,36.5793],[23.155,36.5411],[23.1414,36.5342],[23.1482,36.5172],[23.1346,36.5076],[23.1519,36.4873],[23.2036,36.4561],[23.1961,36.4325],[23.1619,36.4462],[23.1519,36.4356],[23.1393,36.4341],[23.0947,36.4432],[23.0663,36.4735],[23.0721,36.4931],[23.051,36.5224],[23.0357,36.528],[22.9724,36.5202],[22.9292,36.5963],[22.8747,36.6305],[22.8889,36.6425],[22.8843,36.6542],[22.8372,36.6865],[22.8193,36.6652],[22.815,36.6706],[22.8171,36.718],[22.8008,36.7758],[22.7869,36.7934],[22.7651,36.8042],[22.6856,36.8095],[22.6226,36.8035],[22.5774,36.783],[22.5791,36.7404],[22.5462,36.7214],[22.5251,36.6851],[22.5403,36.6852],[22.5498,36.6783],[22.5525,36.6509],[22.5457,36.6509],[22.5339,36.6706],[22.5168,36.6662],[22.51,36.648],[22.531,36.6328],[22.5261,36.6124],[22.5127,36.6028],[22.5046,36.6243],[22.49,36.617],[22.4841,36.6066],[22.4866,36.5251],[22.5115,36.4666],[22.5073,36.4611],[22.5115,36.4523],[22.4983,36.4453],[22.4939,36.4348],[22.5046,36.4045],[22.4955,36.4053],[22.491,36.3909],[22.4797,36.402],[22.4699,36.4523],[22.4204,36.4735],[22.4084,36.4871],[22.3914,36.4785],[22.3814,36.4805],[22.3545,36.5119],[22.3674,36.5479],[22.3836,36.5442],[22.3882,36.5561],[22.384,36.5725],[22.3737,36.5827],[22.388,36.6025],[22.3674,36.6025],[22.3713,36.6427],[22.388,36.6441],[22.388,36.6509],[22.3684,36.6565],[22.3706,36.6736],[22.388,36.7062],[22.3586,36.7021],[22.3237,36.7579],[22.3054,36.7751],[22.307,36.7946],[22.2917,36.8201],[22.2215,36.8975],[22.2002,36.9064],[22.1751,36.8912],[22.1379,36.9171],[22.1335,36.9321],[22.1477,36.956],[22.1532,37.0212],[22.0481,37.0351],[21.9546,37.0036],[21.9431,36.9933],[21.9217,36.8632],[21.9349,36.8342],[21.9286,36.8223],[21.9562,36.8035],[21.9702,36.8017],[21.9702,36.795],[21.9451,36.7899],[21.9359,36.766],[21.8826,36.7265],[21.874,36.7267],[21.8228,36.8086],[21.7642,36.795],[21.7288,36.8126],[21.7225,36.8223],[21.7074,36.818],[21.6885,36.8496],[21.6885,36.8912],[21.7095,36.9259],[21.71,36.9427],[21.7026,36.9573],[21.6882,36.9645],[21.668,36.9594],[21.6817,36.9731],[21.6677,36.9709],[21.6618,36.9594],[21.6548,36.9947],[21.5993,37.0457],[21.5786,37.0767],[21.5697,37.1162],[21.5676,37.1563],[21.5744,37.1924],[21.5921,37.2202],[21.6823,37.2839],[21.6958,37.3164],[21.6914,37.3566],[21.6748,37.396],[21.6071,37.4995],[21.55,37.5615],[21.443,37.6186],[21.4022,37.6554],[21.3433,37.6693],[21.3237,37.6649],[21.3185,37.6379],[21.3123,37.6379],[21.3083,37.6662],[21.2987,37.6726],[21.311,37.6931],[21.3119,37.7263],[21.2849,37.7851],[21.2273,37.8119],[21.113,37.8433],[21.1062,37.8781],[21.1336,37.9464],[21.1644,37.9296],[21.2078,37.946],[21.2775,38.001],[21.2915,37.9972],[21.3259,38.0214],[21.3185,38.0351],[21.2844,38.0153],[21.367,38.1211],[21.3737,38.1445],[21.3743,38.2206],[21.4085,38.1859],[21.4009,38.2148],[21.4207,38.2023],[21.474,38.196],[21.5239,38.166],[21.603,38.1518],[21.6223,38.1548],[21.6748,38.1797],[21.7013,38.2053],[21.7642,38.2958],[21.8495,38.3413],[21.9155,38.3305],[21.9559,38.3367],[21.978,38.3236],[22.0204,38.3132],[22.0379,38.2821],[22.0488,38.2748],[22.0894,38.2617],[22.1136,38.2678],[22.1433,38.2491],[22.1614,38.2132],[22.2061,38.2002],[22.2185,38.1882],[22.2576,38.1859],[22.3128,38.1723],[22.3312,38.1789],[22.3635,38.1583],[22.4148,38.1379],[22.4328,38.1433],[22.5115,38.1293],[22.6206,38.0835],[22.6804,38.0666],[22.7783,38.001],[22.7964,37.9768],[22.8213,37.9692],[22.8672,37.9395],[22.9463,37.9462],[22.9754,37.979],[22.9509,38.0024],[22.8992,38.0278],[22.8809,38.0289],[22.8875,38.0336],[22.854,38.0351],[22.8755,38.0493],[22.9116,38.0601],[22.9429,38.0835],[22.9697,38.082],[23.0191,38.0653],[23.0391,38.0699],[23.0686,38.0589],[23.1729,38.0795],[23.1897,38.0944],[23.2166,38.1033],[23.1942,38.1269],[23.1755,38.1313],[23.1755,38.145],[23.2234,38.1518],[23.2234,38.1592],[23.1284,38.1723],[23.1489,38.1859],[23.1227,38.2081],[23.1096,38.2101],[23.0667,38.1832],[23.0322,38.1859],[23.0322,38.1928],[23.052,38.1928],[23.0251,38.2166],[22.9519,38.2253],[22.9338,38.2221],[22.9224,38.207],[22.9505,38.2098],[22.9631,38.204],[22.9695,38.1928],[22.9225,38.1975],[22.9087,38.1928],[22.895,38.2412],[22.8882,38.2412],[22.8809,38.227],[22.8747,38.2412],[22.8057,38.227],[22.7648,38.248],[22.7988,38.2821],[22.7424,38.2971],[22.6965,38.3169],[22.6753,38.3436],[22.6844,38.3611],[22.6702,38.3815],[22.6465,38.39],[22.6268,38.3715],[22.6449,38.3696],[22.6462,38.3618],[22.6367,38.3563],[22.6123,38.3638],[22.5872,38.3367],[22.5872,38.3305],[22.6065,38.3231],[22.5982,38.3107],[22.6003,38.3026],[22.5886,38.293],[22.5625,38.2935],[22.5457,38.3026],[22.5262,38.3317],[22.5388,38.3367],[22.5252,38.3588],[22.4684,38.4211],[22.4016,38.4534],[22.4084,38.4156],[22.3737,38.392],[22.386,38.3802],[22.3948,38.3852],[22.3986,38.3759],[22.3811,38.3579],[22.388,38.351],[22.3823,38.3427],[22.3225,38.351],[22.2849,38.3473],[22.2664,38.3585],[22.2249,38.3601],[22.196,38.3395],[22.1892,38.3231],[22.1688,38.351],[22.1458,38.354],[22.1477,38.3641],[22.1326,38.3727],[22.0491,38.3985],[22.0296,38.3992],[22.0112,38.392],[21.9876,38.4106],[21.9579,38.4117],[21.8792,38.378],[21.8641,38.3777],[21.8405,38.3989],[21.8312,38.3967],[21.7822,38.3637],[21.7717,38.3336],[21.7625,38.3284],[21.7163,38.3579],[21.658,38.3579],[21.6135,38.345],[21.5996,38.351],[21.5354,38.314],[21.5239,38.2958],[21.5178,38.2958],[21.5085,38.3022],[21.4761,38.3061],[21.4284,38.3305],[21.4453,38.3341],[21.4898,38.3095],[21.4827,38.3246],[21.4898,38.3367],[21.4761,38.3436],[21.4761,38.351],[21.4898,38.3579],[21.47,38.3579],[21.4761,38.3715],[21.4585,38.3664],[21.4426,38.3715],[21.4221,38.3641],[21.4285,38.3837],[21.4163,38.3941],[21.3775,38.3989],[21.3699,38.4082],[21.3601,38.4677],[21.3225,38.4963],[21.3086,38.4944],[21.3533,38.4329],[21.339,38.4329],[21.3464,38.4261],[21.3366,38.3957],[21.2912,38.3777],[21.2987,38.3715],[21.2912,38.3641],[21.2777,38.3709],[21.2695,38.3679],[21.2664,38.3614],[21.2722,38.3544],[21.2393,38.3311],[21.2127,38.3305],[21.1896,38.3414],[21.1813,38.3305],[21.2,38.3231],[21.1751,38.3133],[21.1745,38.3026],[21.1556,38.3039],[21.1404,38.3367],[21.0852,38.3436],[21.1057,38.353],[21.1062,38.3715],[21.0925,38.3641],[21.1062,38.3852],[21.1033,38.3782],[21.1135,38.3739],[21.1404,38.3989],[21.1224,38.4103],[21.1062,38.3989],[21.0868,38.4105],[21.0789,38.4329],[21.0852,38.4404],[21.1068,38.4254],[21.1162,38.428],[21.1199,38.4404],[21.1062,38.4329],[21.1109,38.4461],[21.1014,38.4647],[21.1062,38.4814],[21.0789,38.4875],[21.0994,38.4944],[21.0852,38.5019],[21.096,38.5319],[21.0867,38.5364],[21.0472,38.5114],[21.0358,38.5069],[21.0305,38.5114],[21.0169,38.5459],[21.0247,38.6085],[21.0037,38.6265],[20.9881,38.664],[20.979,38.6726],[20.9266,38.6767],[20.9144,38.6862],[20.8831,38.7794],[20.8734,38.7953],[20.8599,38.8035],[20.8306,38.7878],[20.8114,38.7625],[20.804,38.7734],[20.7733,38.7609],[20.7637,38.7817],[20.7293,38.8035],[20.7293,38.8098],[20.7494,38.8572],[20.8052,38.8677],[20.7942,38.8798],[20.7645,38.8918],[20.756,38.9069],[20.7575,38.9401],[20.7698,38.959],[20.7816,38.935],[20.8171,38.9214],[20.8359,38.9289],[20.8599,38.9605],[20.8667,38.9605],[20.8711,38.9473],[20.8667,38.9401],[20.8722,38.9328],[20.8667,38.9264],[20.9038,38.928],[20.9158,38.9361],[20.9207,38.9543],[20.9372,38.944],[20.9754,38.9468],[21.0274,38.9326],[21.0256,38.898],[21.0852,38.8643],[21.0889,38.8785],[21.0994,38.8854],[21.0916,38.9045],[21.1023,38.9108],[21.1209,38.9102],[21.137,38.9025],[21.1608,38.878],[21.1774,38.876],[21.1813,38.8854],[21.1697,38.8958],[21.1668,38.9109],[21.1546,38.9134],[21.1401,38.9413],[21.1472,38.9543],[21.1419,38.9624],[21.145,38.9714],[21.1608,38.9742],[21.1599,38.9977],[21.0852,39.0629],[21.0744,39.05],[21.0789,39.0363],[21.0552,39.0375],[21.0374,39.022],[21.0584,39.009],[21.0032,39.0151],[21.0032,39.022],[20.9657,39.0394],[20.9538,39.0342],[20.9442,39.0386],[20.9348,39.0567],[20.9485,39.0629],[20.9485,39.0698],[20.9202,39.0645],[20.9014,39.0772],[20.8939,39.0772],[20.8667,39.053],[20.8709,39.0431],[20.8865,39.0364],[20.8449,39.0369],[20.8599,39.0425],[20.8578,39.0589],[20.855,39.0655],[20.8462,39.0629],[20.8462,39.0772],[20.8324,39.0769],[20.8257,39.0698],[20.8381,39.0917],[20.8342,39.1085],[20.8224,39.1145],[20.8114,39.1046],[20.8052,39.1114],[20.7954,39.0986],[20.7772,39.0909],[20.7772,39.0834],[20.7918,39.0808],[20.784,39.0493],[20.7616,39.0324],[20.7575,39.022],[20.7432,39.0295],[20.7454,39.0147],[20.7575,39.0151],[20.8235,38.9779],[20.8318,38.9637],[20.7664,38.9776],[20.7351,38.9501],[20.7022,38.9984],[20.7158,39.0151],[20.7057,39.0486],[20.6865,39.0725],[20.5959,39.1238],[20.5178,39.2008],[20.4789,39.2252],[20.4824,39.2343],[20.4751,39.2551],[20.4824,39.2827],[20.4602,39.2773],[20.4483,39.2895],[20.4192,39.2834],[20.3936,39.2969],[20.3656,39.2877],[20.3249,39.3038],[20.2928,39.3334],[20.2907,39.3647],[20.2697,39.3874],[20.259,39.3973],[20.236,39.3994],[20.2428,39.4124],[20.2156,39.4403],[20.2673,39.4469],[20.2639,39.4608],[20.2156,39.4887],[20.2156,39.4949],[20.2551,39.4924],[20.2639,39.5086],[20.222,39.5213],[20.2224,39.5086],[20.1907,39.5217],[20.2019,39.5297],[20.1831,39.5333],[20.1336,39.5297],[20.1455,39.5471],[20.1467,39.5707],[20.1609,39.5644],[20.1746,39.5768],[20.1746,39.598],[20.1882,39.6042],[20.1818,39.6245],[20.1482,39.6375],[20.0889,39.6731],[20.01,39.6935],[19.989,39.6867],[19.9836,39.7014],[19.987,39.718],[20.0027,39.7482],[19.9806,39.7573],[19.9959,39.7829],[20.0163,39.845],[20.0098,39.8657],[19.9617,39.8786],[19.9588,39.8893],[19.9412,39.899],[19.9064,39.9064],[19.9064,39.9127],[19.9412,39.94],[19.9238,39.9528],[19.8919,40.0],[22.6252,40.0],[22.6525,39.9821]]]}},{"type":"Feature","properties":{},"geometry":{"type":"Polygon","coordinates":[[[18.4224,40.0],[18.3926,39.9161],[18.4001,39.8786],[18.3865,39.8253],[18.3892,39.8171],[18.3683,39.7966],[18.3304,39.8034],[18.2821,39.8332],[18.2113,39.8393],[18.1619,39.8605],[18.1306,39.8835],[18.0715,39.9115],[17.9954,40.0],[18.4224,40.0]]]}},{"type":"Feature","properties":{},"geometry":{"type":"Polygon","coordinates":[[[16.6136,39.9966],[16.6316,39.9662],[16.5892,39.9198],[16.5422,39.8854],[16.4917,39.8055],[16.4898,39.7752],[16.5021,39.7471],[16.5286,39.7215],[16.5156,39.6896],[16.5459,39.6609],[16.6248,39.6253],[16.7498,39.62],[16.7825,39.6116],[16.8161,39.5911],[16.8462,39.5527],[16.906,39.5297],[16.953,39.4992],[17.0115,39.4862],[17.0571,39.4416],[17.0886,39.4226],[17.1242,39.409],[17.1587,39.4062],[17.1222,39.3383],[17.1149,39.2828],[17.1177,39.256],[17.1457,39.2107],[17.1222,39.121],[17.1245,39.0909],[17.1585,39.0405],[17.2064,39.0295],[17.1724,39.0052],[17.1724,38.9605],[17.1277,38.9288],[17.104,38.8991],[17.095,38.9191],[17.0706,38.9228],[17.022,38.906],[16.9813,38.9372],[16.9351,38.9387],[16.8386,38.9182],[16.7278,38.8789],[16.6707,38.8406],[16.6106,38.8166],[16.5856,38.7978],[16.5388,38.7233],[16.5348,38.6999],[16.5491,38.6899],[16.5588,38.596],[16.577,38.5286],[16.5696,38.4295],[16.5081,38.3715],[16.4671,38.3487],[16.3399,38.3008],[16.3063,38.2771],[16.1694,38.1432],[16.1519,38.1108],[16.1255,38.0048],[16.1109,37.9736],[16.09,37.9492],[16.0632,37.9327],[16.001,37.919],[15.9421,37.9331],[15.7615,37.9252],[15.7083,37.941],[15.6658,37.9669],[15.6351,38.0091],[15.6384,38.0277],[15.6585,38.0425],[15.624,38.0921],[15.6478,38.1431],[15.6328,38.2203],[15.6506,38.241],[15.7865,38.278],[15.8128,38.3006],[15.8298,38.351],[15.9048,38.4739],[15.9178,38.5168],[15.916,38.5504],[15.9001,38.5783],[15.8355,38.6282],[15.8366,38.649],[15.8445,38.6604],[15.9048,38.6794],[16.0026,38.7254],[16.0488,38.7277],[16.1209,38.7209],[16.1526,38.7309],[16.1792,38.7483],[16.2009,38.7764],[16.2151,38.8142],[16.2217,38.8566],[16.2147,38.919],[16.1896,38.9435],[16.1543,38.955],[16.083,39.0753],[16.034,39.3452],[15.9954,39.4388],[15.9331,39.5137],[15.8762,39.5515],[15.8675,39.5639],[15.8366,39.6527],[15.8064,39.6955],[15.7887,39.7966],[15.7887,39.7904],[15.7839,39.81],[15.7697,39.8301],[15.7819,39.8686],[15.7744,39.8911],[15.7415,39.9296],[15.728,39.9642],[15.6898,40.0],[16.6136,39.9966]]]}},{"type":"Feature","properties":{},"geometry":{"type":"Polygon","coordinates":[[[15.4298,40.0],[15.4101,39.994],[15.3572,40.0],[15.4298,40.0]]]}},{"type":"Feature","properties":{},"geometry":{"type":"Polygon","coordinates":[[[0.0387,40.0],[-0.0287,39.9018],[-0.0913,39.8479],[-0.1945,39.7154],[-0.2089,39.6641],[-0.2574,39.6162],[-0.2815,39.5694],[-0.3234,39.5162],[-0.3306,39.4804],[-0.3207,39.3881],[-0.3013,39.322],[-0.2155,39.1818],[-0.2422,39.1663],[-0.2267,39.1118],[-0.21,39.0787],[-0.1207,38.9511],[-0.0098,38.8697],[0.111,38.8499],[0.154,38.831],[0.1853,38.8035],[0.1709,38.7961],[0.2179,38.7681],[0.2277,38.7702],[0.2345,38.7423],[0.2277,38.7346],[0.1768,38.724],[0.1626,38.7135],[0.145,38.6863],[0.1186,38.6828],[0.083,38.661],[0.0731,38.6452],[0.0806,38.631],[0.0604,38.6348],[-0.0148,38.6244],[-0.043,38.6117],[-0.0548,38.5953],[-0.0536,38.567],[-0.06,38.5527],[-0.0754,38.5399],[-0.177,38.5272],[-0.3294,38.47],[-0.3952,38.4138],[-0.4061,38.3989],[-0.4137,38.3648],[-0.4602,38.3601],[-0.4706,38.3519],[-0.4744,38.3367],[-0.5098,38.3384],[-0.5188,38.2987],[-0.504,38.2072],[-0.5155,38.1955],[-0.5914,38.1896],[-0.6237,38.1624],[-0.645,38.116],[-0.6545,37.9893],[-0.6634,37.9803],[-0.6899,37.9722],[-0.7184,37.943],[-0.7586,37.8633],[-0.7561,37.8061],[-0.7607,37.7961],[-0.788,37.8228],[-0.8124,37.7701],[-0.8478,37.7561],[-0.8561,37.7425],[-0.8526,37.7238],[-0.8099,37.6669],[-0.7548,37.6413],[-0.7349,37.6393],[-0.7265,37.6515],[-0.708,37.643],[-0.7012,37.6313],[-0.7053,37.6195],[-0.7279,37.6034],[-0.7457,37.5994],[-0.7545,37.6043],[-0.8364,37.5764],[-0.8867,37.5743],[-0.9252,37.5559],[-0.9735,37.5764],[-1.0878,37.5809],[-1.1034,37.5764],[-1.12,37.559],[-1.1058,37.5321],[-1.1671,37.5438],[-1.1786,37.5639],[-1.2427,37.5792],[-1.2617,37.5577],[-1.3237,37.562],[-1.3692,37.5414],[-1.4137,37.5065],[-1.4709,37.4822],[-1.4884,37.4332],[-1.4969,37.4278],[-1.515,37.4332],[-1.5437,37.415],[-1.6416,37.381],[-1.6528,37.3613],[-1.6709,37.3633],[-1.699,37.3164],[-1.7285,37.2824],[-1.8127,37.2071],[-1.8304,37.1664],[-1.8552,37.0766],[-1.885,37.0155],[-1.9061,36.9876],[-1.9003,36.9412],[-1.9129,36.9335],[-1.9414,36.9299],[-1.9889,36.9005],[-2.0028,36.887],[-2.0131,36.8458],[-2.0569,36.8101],[-2.0712,36.7753],[-2.1008,36.7652],[-2.1111,36.7461],[-2.1267,36.7364],[-2.1661,36.7276],[-2.2036,36.7371],[-2.2828,36.8101],[-2.3183,36.8279],[-2.3617,36.8368],[-2.4331,36.8163],[-2.4814,36.8299],[-2.5608,36.8188],[-2.5769,36.8113],[-2.6172,36.7284],[-2.6589,36.6948],[-2.7183,36.682],[-2.7362,36.6874],[-2.7567,36.6804],[-2.821,36.7139],[-2.8483,36.7002],[-2.8861,36.7344],[-2.914,36.7503],[-2.9333,36.7517],[-2.9877,36.7371],[-3.0765,36.7498],[-3.1567,36.7445],[-3.2279,36.7548],[-3.3296,36.7449],[-3.4152,36.6955],[-3.4776,36.6961],[-3.516,36.721],[-3.5498,36.7124],[-3.5864,36.7266],[-3.6011,36.7426],[-3.6657,36.7394],[-3.6798,36.7288],[-3.7313,36.7241],[-3.8385,36.752],[-3.961,36.7268],[-4.0567,36.748],[-4.08,36.7436],[-4.1102,36.7257],[-4.2247,36.7124],[-4.4032,36.7239],[-4.4333,36.7107],[-4.4911,36.6367],[-4.4954,36.6206],[-4.5248,36.5807],[-4.5878,36.5738],[-4.615,36.5306],[-4.6593,36.5076],[-4.7228,36.493],[-4.9027,36.5065],[-4.9942,36.4571],[-5.0625,36.4522],[-5.1087,36.429],[-5.1576,36.4219],[-5.1866,36.4112],[-5.2271,36.3579],[-5.2537,36.2971],[-5.2906,36.2774],[-5.2853,36.2608],[-5.3341,36.1878],[-5.342,36.1105],[-5.3666,36.1632],[-5.4061,36.1792],[-5.4254,36.1798],[-5.4423,36.1488],[-5.4349,36.1215],[-5.4399,36.1142],[-5.4372,36.0987],[-5.4287,36.0808],[-5.4386,36.0628],[-5.6118,36.0065],[-5.6297,36.0368],[-5.6894,36.0671],[-5.7131,36.06],[-5.7961,36.0855],[-5.8328,36.1224],[-5.9172,36.1841],[-5.9836,36.177],[-6.0368,36.1895],[-6.0625,36.2172],[-6.1047,36.2807],[-6.1595,36.3043],[-6.1842,36.3707],[-6.2184,36.4025],[-6.2796,36.5113],[-6.31,36.5341],[-6.2894,36.5373],[-6.2575,36.5138],[-6.249,36.5047],[-6.2541,36.4963],[-6.2315,36.4727],[-6.2115,36.4805],[-6.1794,36.5135],[-6.2244,36.5109],[-6.2325,36.5262],[-6.226,36.5567],[-6.2349,36.5758],[-6.2832,36.6124],[-6.3798,36.6243],[-6.3947,36.6369],[-6.407,36.6767],[-6.4379,36.7333],[-6.4333,36.7512],[-6.4145,36.7676],[-6.3456,36.795],[-6.3352,36.8183],[-6.3437,36.8599],[-6.3382,36.8837],[-6.3044,36.9072],[-6.2233,36.9023],[-6.1948,36.9321],[-6.2397,36.9134],[-6.265,36.9129],[-6.2836,36.9259],[-6.3447,36.9013],[-6.3524,36.8803],[-6.3467,36.8199],[-6.3524,36.8086],[-6.388,36.8082],[-6.4162,36.8378],[-6.4486,36.9042],[-6.4711,36.9356],[-6.4996,36.9597],[-6.7449,37.1014],[-6.8118,37.1237],[-6.853,37.1511],[-6.8929,37.1666],[-6.9109,37.189],[-6.9176,37.2151],[-6.8527,37.2952],[-6.9035,37.2496],[-6.9311,37.2339],[-6.9626,37.2338],[-6.9285,37.1723],[-6.9416,37.1711],[-7.0294,37.2055],[-7.101,37.2243],[-7.1273,37.2147],[-7.0856,37.2065],[-7.3279,37.2016],[-7.3629,37.1817],[-7.3814,37.1799],[-7.4144,37.1928],[-7.4002,37.1785],[-7.4076,37.1649],[-7.4457,37.1796],[-7.4901,37.1785],[-7.6273,37.114],[-7.8196,36.9987],[-7.9495,37.0141],[-7.9581,37.0026],[-7.9912,37.0141],[-7.9768,36.9868],[-7.9993,37.0133],[-8.0353,37.0375],[-8.1066,37.0693],[-8.1792,37.0881],[-8.2932,37.0777],[-8.3654,37.098],[-8.3952,37.0871],[-8.4388,37.0827],[-8.4843,37.0942],[-8.5375,37.1178],[-8.5801,37.124],[-8.6416,37.1177],[-8.6863,37.083],[-8.7477,37.083],[-8.7986,37.0625],[-8.8372,37.0566],[-8.8592,37.0408],[-8.8789,37.0472],[-8.946,37.0079],[-8.9829,37.0266],[-8.9979,37.0215],[-8.9856,37.0634],[-8.9418,37.1187],[-8.9136,37.1699],[-8.9227,37.1997],[-8.8814,37.2325],[-8.8671,37.2767],[-8.8828,37.3099],[-8.8667,37.3352],[-8.8387,37.3603],[-8.816,37.4179],[-8.7979,37.4896],[-8.7955,37.5354],[-8.8013,37.5591],[-8.8244,37.5876],[-8.8265,37.6006],[-8.7993,37.6976],[-8.7576,37.7067],[-8.7522,37.7308],[-8.8087,37.7229],[-8.817,37.7403],[-8.7972,37.8449],[-8.8048,37.9019],[-8.8207,37.9273],[-8.8539,37.9323],[-8.8948,37.9525],[-8.8675,37.9736],[-8.8157,38.0621],[-8.797,38.1332],[-8.7744,38.1869],[-8.7951,38.3592],[-8.8209,38.3988],[-8.8783,38.4492],[-8.9147,38.4728],[-8.9426,38.4814],[-8.9273,38.4938],[-8.9045,38.4864],[-8.8675,38.4609],[-8.8002,38.4391],[-8.7986,38.4261],[-8.757,38.4273],[-8.6569,38.406],[-8.6068,38.4187],[-8.6627,38.4245],[-8.7362,38.4518],[-8.745,38.4603],[-8.7525,38.488],[-8.7372,38.5224],[-8.7515,38.5264],[-8.7612,38.5381],[-8.7642,38.5521],[-8.7576,38.5633],[-8.7733,38.5653],[-8.793,38.5336],[-8.8129,38.5286],[-8.8129,38.5224],[-8.7906,38.5199],[-8.7803,38.5054],[-8.78,38.4891],[-8.7884,38.4814],[-8.8323,38.487],[-8.9058,38.5124],[-8.9549,38.5051],[-8.9998,38.4643],[-8.9919,38.4595],[-9.0486,38.4407],[-9.1457,38.4314],[-9.2004,38.4125],[-9.2306,38.4187],[-9.2311,38.4377],[-9.19,38.4725],[-9.1838,38.5515],[-9.2527,38.6655],[-9.2344,38.6734],[-9.145,38.6811],[-9.1077,38.6589],[-9.1139,38.6794],[-9.0524,38.6937],[-9.0524,38.6999],[-9.0212,38.7265],[-8.9426,38.7756],[-8.9703,38.8354],[-8.9631,38.8507],[-8.9863,38.8494],[-9.0115,38.9134],[-8.9691,38.984],[-8.9432,39.0152],[-8.9084,39.0363],[-8.8265,39.0493],[-8.7904,39.0706],[-8.7651,39.0977],[-8.8364,39.0567],[-8.9227,39.0493],[-8.9359,39.0407],[-9.0035,38.9577],[-9.0589,38.8714],[-9.1002,38.8302],[-9.1066,38.8138],[-9.0982,38.7379],[-9.1125,38.7142],[-9.2202,38.6939],[-9.2852,38.6988],[-9.3218,38.6703],[-9.4048,38.7041],[-9.4717,38.7025],[-9.4917,38.7076],[-9.4847,38.7447],[-9.4975,38.7882],[-9.4975,38.8098],[-9.4555,38.8505],[-9.4227,38.9314],[-9.4254,38.9916],[-9.4366,39.0295],[-9.4225,39.0786],[-9.3837,39.134],[-9.3509,39.1973],[-9.3406,39.2668],[-9.3541,39.3162],[-9.3658,39.336],[-9.4093,39.3752],[-9.3978,39.378],[-9.3529,39.3679],[-9.2608,39.4184],[-9.2403,39.42],[-9.2176,39.4062],[-9.2059,39.4155],[-9.2299,39.4407],[-9.1829,39.4926],[-9.1357,39.5162],[-9.0904,39.5793],[-9.0903,39.6156],[-9.0779,39.6425],[-9.0717,39.6804],[-8.9235,40.0],[0.0387,40.0]]]}},{"type":"Feature","properties":{},"geometry":{"type":"Polygon","coordinates":[[[53.3788,40.0],[53.3268,39.9587],[53.2827,39.94],[53.2376,39.9577],[53.1724,39.9975],[53.1257,39.9748],[53.0536,39.9679],[53.0817,39.9953],[52.9749,39.9743],[52.9437,39.9816],[52.9336,40.0],[53.3788,40.0]]]}},{"type":"Feature","properties":{},"geometry":{"type":"Polygon","coordinates":[[[52.8958,39.9983],[52.9199,39.9645],[52.9302,39.8959],[52.9749,39.8519],[53.0125,39.7973],[53.0536,39.7693],[53.0536,39.7625],[53.0059,39.7829],[53.0469,39.7482],[53.04,39.742],[52.9949,39.7802],[52.9663,39.833],[52.9526,39.8465],[52.9172,39.8583],[52.9053,39.8746],[52.8928,39.9342],[52.8841,39.9449],[52.7949,40.0],[52.8958,39.9983]]]}},{"type":"Feature","properties":{},"geometry":{"type":"Polygon","coordinates":[[[32.9893,31.0734],[32.9697,31.0866],[32.9831,31.0899],[32.9893,31.0734]]]}},{"type":"Feature","properties":{},"geometry":{"type":"Polygon","coordinates":[[[24.5877,38.1592],[24.5799,38.0842],[24.5945,38.0624],[24.5755,38.0045],[24.5667,37.9879],[24.5521,37.9782],[24.5093,37.9626],[24.4769,37.9625],[24.471,37.9805],[24.4478,38.0106],[24.4297,38.0212],[24.4031,38.0119],[24.3864,37.9965],[24.4021,37.9879],[24.4021,37.9805],[24.3869,37.9704],[24.3718,37.9719],[24.3386,37.9967],[24.3138,38.0292],[24.314,38.0351],[24.327,38.0425],[24.3148,38.0649],[24.3057,38.0718],[24.2922,38.0699],[24.2863,38.0862],[24.2693,38.0954],[24.2487,38.0969],[24.2315,38.0903],[24.2178,38.0969],[24.2039,38.0903],[24.2108,38.0978],[24.2108,38.1245],[24.2028,38.1301],[24.186,38.1274],[24.183,38.135],[24.2108,38.166],[24.1853,38.218],[24.157,38.2296],[24.1426,38.227],[24.1488,38.2132],[24.1262,38.2175],[24.1311,38.2358],[24.1631,38.2678],[24.1535,38.2813],[24.1284,38.2678],[24.1257,38.2561],[24.1094,38.2563],[24.1148,38.2753],[24.1009,38.2753],[24.1216,38.3095],[24.0794,38.3254],[24.0254,38.3305],[24.0597,38.3413],[24.0669,38.351],[24.0591,38.3601],[24.0594,38.3777],[24.0422,38.4015],[24.0389,38.3954],[23.9808,38.3989],[23.9124,38.392],[23.8438,38.4057],[23.794,38.3985],[23.71,38.4125],[23.6492,38.4057],[23.6144,38.4609],[23.6074,38.4538],[23.594,38.4534],[23.6358,38.5009],[23.6281,38.5149],[23.6355,38.5286],[23.6141,38.5579],[23.5999,38.5714],[23.54,38.5823],[23.5051,38.5974],[23.4977,38.631],[23.4531,38.658],[23.446,38.6767],[23.3816,38.7073],[23.3377,38.739],[23.323,38.7625],[23.2023,38.8299],[23.1436,38.8507],[23.0691,38.8466],[23.0364,38.8745],[22.9694,38.8891],[22.9564,38.8854],[22.9564,38.878],[22.9839,38.8735],[22.992,38.8647],[22.9907,38.8507],[22.9818,38.845],[22.8558,38.833],[22.833,38.8227],[22.8374,38.8545],[22.8748,38.8749],[23.0357,38.9264],[23.0459,38.9468],[23.0868,38.9543],[23.0973,38.9721],[23.0944,38.9879],[23.1275,39.0058],[23.1997,39.009],[23.273,39.0388],[23.2991,39.0425],[23.3093,39.0382],[23.3298,39.022],[23.3716,39.0103],[23.3816,39.0015],[23.3744,38.9825],[23.3846,38.9675],[23.4256,38.9543],[23.4507,38.8746],[23.4805,38.8381],[23.5247,38.8232],[23.5679,38.7939],[23.594,38.7893],[23.594,38.7702],[23.6076,38.7756],[23.62,38.7655],[23.6623,38.7551],[23.6727,38.7604],[23.6834,38.7551],[23.7026,38.7651],[23.7227,38.7619],[23.7385,38.7494],[23.7536,38.7192],[23.813,38.6937],[23.8576,38.6825],[23.9478,38.6694],[23.9666,38.6701],[23.9842,38.6862],[24.0057,38.678],[24.0731,38.6794],[24.1556,38.6527],[24.1262,38.6352],[24.1211,38.6081],[24.1265,38.5986],[24.2161,38.5395],[24.2315,38.5224],[24.2066,38.5068],[24.1882,38.4741],[24.1843,38.4396],[24.2039,38.4125],[24.1851,38.4076],[24.2108,38.3777],[24.2149,38.3364],[24.2525,38.2924],[24.2526,38.2656],[24.2578,38.259],[24.2451,38.2412],[24.2525,38.228],[24.2922,38.2002],[24.327,38.1859],[24.3444,38.1592],[24.3926,38.164],[24.4207,38.1474],[24.4778,38.1387],[24.5877,38.1592]]]}},{"type":"Feature","properties":{},"geometry":{"type":"Polygon","coordinates":[[[26.6123,39.0493],[26.61,39.0229],[26.5974,39.0119],[26.5676,39.022],[26.5514,39.015],[26.5394,39.0194],[26.5193,39.0363],[26.5266,39.0425],[26.5161,39.0526],[26.5266,39.0834],[26.5151,39.091],[26.5059,39.1092],[26.4893,39.1137],[26.4549,39.1114],[26.437,39.1035],[26.453,39.0864],[26.492,39.0629],[26.5288,39.0211],[26.5471,39.009],[26.5471,38.9879],[26.4893,38.9726],[26.4242,38.9674],[26.3394,38.9829],[26.2764,39.0106],[26.1657,39.0224],[26.1463,39.0321],[26.1156,39.0667],[26.0879,39.0772],[26.0879,39.0834],[26.1092,39.0927],[26.1602,39.0977],[26.1914,39.1276],[26.2256,39.1318],[26.2935,39.1772],[26.28,39.1964],[26.2256,39.2076],[26.1873,39.2021],[26.1602,39.1833],[26.1453,39.1557],[26.0974,39.1057],[26.064,39.0909],[25.9583,39.1177],[25.9199,39.1371],[25.8889,39.1447],[25.8543,39.1721],[25.8346,39.1796],[25.8346,39.1871],[25.846,39.1904],[25.8552,39.2213],[25.8421,39.228],[25.8535,39.2364],[25.8587,39.2592],[25.8831,39.269],[25.9172,39.2969],[25.9241,39.2969],[25.9364,39.2766],[26.0062,39.2863],[26.0332,39.2827],[26.0469,39.3032],[26.0537,39.2895],[26.0606,39.2895],[26.0731,39.3032],[26.094,39.3105],[26.1628,39.3236],[26.1725,39.3354],[26.1636,39.3789],[26.343,39.383],[26.3622,39.3789],[26.3547,39.3565],[26.4175,39.3305],[26.3796,39.2827],[26.3822,39.2771],[26.4242,39.2451],[26.4663,39.2292],[26.5047,39.185],[26.5397,39.166],[26.5266,39.1591],[26.5308,39.1506],[26.5471,39.1353],[26.5505,39.1192],[26.5676,39.1182],[26.5663,39.098],[26.5794,39.0753],[26.6123,39.0493]]]}},{"type":"Feature","properties":{},"geometry":{"type":"Polygon","coordinates":[[[53.48,39.5933],[53.4919,39.598],[53.5086,39.5855],[53.513,39.5912],[53.5193,39.5639],[53.5397,39.5396],[53.522,39.5161],[53.5062,39.5086],[53.4919,39.5086],[53.4866,39.5163],[53.4629,39.5738],[53.48,39.5933]]]}},{"type":"Feature","properties":{},"geometry":{"type":"Polygon","coordinates":[[[49.9558,-16.7797],[49.9646,-16.7341],[49.9732,-16.7211],[50.0241,-16.6904],[50.0199,-16.7145],[49.9085,-16.967],[49.8728,-17.0131],[49.8445,-17.0722],[49.8262,-17.0944],[49.8174,-17.0672],[49.8225,-17.0413],[49.8508,-16.9777],[49.8573,-16.9197],[49.9558,-16.7797]]]}},{"type":"Feature","properties":{},"geometry":{"type":"Polygon","coordinates":[[[-5.7096,-15.907],[-5.6667,-15.9021],[-5.6504,-15.9489],[-5.6627,-15.9796],[-5.702,-16.0051],[-5.7156,-15.9909],[-5.7465,-16.0138],[-5.7637,-16.0157],[-5.7802,-16.0082],[-5.7895,-15.9953],[-5.7701,-15.9452],[-5.737,-15.9172],[-5.7096,-15.907]]]}},{"type":"Feature","properties":{},"geometry":{"type":"Polygon","coordinates":[[[48.332,-13.3604],[48.365,-13.388],[48.3662,-13.4006],[48.3496,-13.4124],[48.3284,-13.4151],[48.3184,-13.4006],[48.298,-13.4081],[48.2617,-13.4024],[48.2359,-13.3871],[48.229,-13.3871],[48.229,-13.4006],[48.216,-13.3946],[48.1997,-13.3615],[48.195,-13.3188],[48.2039,-13.2698],[48.1887,-13.2643],[48.1989,-13.2511],[48.2293,-13.2623],[48.2428,-13.2568],[48.2692,-13.2683],[48.2782,-13.2565],[48.2638,-13.2331],[48.2693,-13.2011],[48.301,-13.1954],[48.3184,-13.2003],[48.3264,-13.2128],[48.3255,-13.2296],[48.315,-13.2468],[48.3237,-13.2519],[48.3338,-13.2724],[48.3421,-13.3053],[48.3542,-13.3123],[48.332,-13.3604]]]}},{"type":"Feature","properties":{},"geometry":{"type":"Polygon","coordinates":[[[45.2176,-12.7341],[45.2248,-12.7457],[45.2206,-12.7775],[45.1882,-12.8171],[45.1952,-12.8405],[45.2131,-12.8518],[45.2109,-12.8653],[45.1682,-12.9443],[45.1864,-12.9688],[45.1659,-12.9892],[45.1599,-12.9786],[45.1318,-12.9892],[45.1067,-12.9781],[45.0972,-12.9824],[45.0945,-12.9582],[45.0703,-12.955],[45.0703,-12.9489],[45.0884,-12.9404],[45.0902,-12.924],[45.0812,-12.9083],[45.0625,-12.8985],[45.0729,-12.8884],[45.084,-12.8874],[45.1248,-12.9215],[45.1341,-12.9169],[45.1365,-12.9039],[45.1239,-12.8751],[45.084,-12.839],[45.1045,-12.8328],[45.0872,-12.7597],[45.0495,-12.7343],[45.0425,-12.6984],[45.0908,-12.6472],[45.0972,-12.6608],[45.084,-12.6677],[45.0935,-12.669],[45.1387,-12.7149],[45.1838,-12.718],[45.2176,-12.7341]]]}},{"type":"Feature","properties":{},"geometry":{"type":"Polygon","coordinates":[[[43.7272,-12.2636],[43.8501,-12.3461],[43.8616,-12.3634],[43.8582,-12.3714],[43.8193,-12.3735],[43.7515,-12.36],[43.6814,-12.3581],[43.6652,-12.3525],[43.6589,-12.3183],[43.634,-12.301],[43.6299,-12.2517],[43.6358,-12.2369],[43.6664,-12.2501],[43.7272,-12.2636]]]}},{"type":"Feature","properties":{},"geometry":{"type":"Polygon","coordinates":[[[44.5285,-12.3548],[44.523,-12.3728],[44.5115,-12.3803],[44.5027,-12.3767],[44.4841,-12.358],[44.4733,-12.3298],[44.3996,-12.28],[44.3853,-12.2517],[44.3306,-12.2363],[44.2684,-12.205],[44.2064,-12.1606],[44.2225,-12.1601],[44.3231,-12.1879],[44.3435,-12.1742],[44.3735,-12.1804],[44.4001,-12.1565],[44.4153,-12.1193],[44.4118,-12.0855],[44.4671,-12.0644],[44.4841,-12.0855],[44.5264,-12.2188],[44.5285,-12.3548]]]}},{"type":"Feature","properties":{},"geometry":{"type":"Polygon","coordinates":[[[39.911,-7.6545],[39.8934,-7.7541],[39.8516,-7.8371],[39.8416,-7.8779],[39.8233,-7.914],[39.7837,-7.9059],[39.7546,-7.9153],[39.7263,-7.9734],[39.6665,-7.9934],[39.6297,-7.9858],[39.5872,-7.9455],[39.6219,-7.9392],[39.6317,-7.915],[39.6499,-7.9119],[39.693,-7.8703],[39.7075,-7.8474],[39.6983,-7.8362],[39.7039,-7.8194],[39.7153,-7.8116],[39.766,-7.8063],[39.8143,-7.7885],[39.8088,-7.7805],[39.7734,-7.7817],[39.7734,-7.7755],[39.8449,-7.7377],[39.8518,-7.7121],[39.8836,-7.6734],[39.8957,-7.6376],[39.911,-7.6545]]]}},{"type":"Feature","properties":{},"geometry":{"type":"Polygon","coordinates":[[[55.3944,-4.6579],[55.3975,-4.6498],[55.3713,-4.6469],[55.3673,-4.6393],[55.3777,-4.6378],[55.3747,-4.6327],[55.3884,-4.6196],[55.4176,-4.6114],[55.4317,-4.5916],[55.4337,-4.5625],[55.4549,-4.5622],[55.4672,-4.5834],[55.4599,-4.5985],[55.4618,-4.6225],[55.4567,-4.6258],[55.4644,-4.6254],[55.5286,-4.6802],[55.5215,-4.7078],[55.5281,-4.7368],[55.5197,-4.7392],[55.5169,-4.7504],[55.5379,-4.8038],[55.5197,-4.8038],[55.5042,-4.7958],[55.4869,-4.7621],[55.4635,-4.7598],[55.4682,-4.7415],[55.4916,-4.7364],[55.4803,-4.7214],[55.478,-4.7064],[55.4682,-4.7055],[55.449,-4.6779],[55.3944,-4.6579]]]}},{"type":"Feature","properties":{},"geometry":{"type":"Polygon","coordinates":[[[41.0657,-2.0363],[41.0928,-2.038],[41.1433,-2.0595],[41.1628,-2.0909],[41.1553,-2.1121],[41.1369,-2.1155],[41.1234,-2.0937],[41.1228,-2.1159],[41.1048,-2.134],[41.092,-2.133],[41.0818,-2.1215],[41.0508,-2.1295],[41.0135,-2.1489],[40.9956,-2.1438],[40.9862,-2.1659],[41.0099,-2.1872],[41.0061,-2.1974],[40.9937,-2.1972],[40.9859,-2.1913],[40.9795,-2.1694],[40.9573,-2.174],[40.9574,-2.1513],[40.9692,-2.1198],[40.9829,-2.0973],[41.0452,-2.0698],[41.0657,-2.0363]]]}},{"type":"Feature","properties":{},"geometry":{"type":"Polygon","coordinates":[[[7.4627,1.6745],[7.4348,1.6589],[7.4287,1.6479],[7.4435,1.6455],[7.4618,1.6308],[7.4382,1.6239],[7.4305,1.5727],[7.4255,1.5627],[7.4058,1.5565],[7.4014,1.5312],[7.3941,1.5454],[7.381,1.538],[7.3722,1.5541],[7.3325,1.5653],[7.3301,1.6147],[7.356,1.62],[7.364,1.6294],[7.3718,1.6772],[7.3853,1.6923],[7.403,1.6998],[7.4487,1.6932],[7.4597,1.6883],[7.4627,1.6745]]]}},{"type":"Feature","properties":{},"geometry":{"type":"Polygon","coordinates":[[[7.3197,4.4965],[7.3325,4.4919],[7.3143,4.4691],[7.3078,4.4245],[7.2848,4.4062],[7.1817,4.382],[7.1477,4.3851],[7.138,4.397],[7.2214,4.5067],[7.2295,4.5328],[7.2432,4.5244],[7.2586,4.4975],[7.2742,4.4919],[7.3197,4.4965]]]}},{"type":"Feature","properties":{},"geometry":{"type":"Polygon","coordinates":[[[-16.0631,11.1183],[-16.0533,11.0915],[-16.0622,11.0584],[-16.0557,11.0495],[-16.0762,11.0361],[-16.1116,11.0366],[-16.132,11.029],[-16.1366,11.0458],[-16.132,11.0637],[-16.1383,11.0637],[-16.1513,11.0425],[-16.145,11.029],[-16.1655,11.0425],[-16.1885,11.0396],[-16.2131,11.0556],[-16.248,11.1047],[-16.2186,11.1296],[-16.2016,11.1356],[-16.1867,11.132],[-16.2065,11.1251],[-16.1997,11.1108],[-16.1794,11.1247],[-16.1697,11.1323],[-16.1619,11.1662],[-16.1443,11.1758],[-16.1383,11.1866],[-16.1177,11.1729],[-16.1151,11.1975],[-16.1,11.2082],[-16.08,11.2062],[-16.0566,11.1852],[-16.0694,11.1627],[-16.0677,11.1479],[-16.0489,11.1183],[-16.0631,11.1183]]]}},{"type":"Feature","properties":{},"geometry":{"type":"Polygon","coordinates":[[[-15.6584,11.3027],[-15.6584,11.2338],[-15.6634,11.2299],[-15.6788,11.2541],[-15.6932,11.2555],[-15.6857,11.2412],[-15.6986,11.2209],[-15.7062,11.2145],[-15.7145,11.2249],[-15.7268,11.2208],[-15.7203,11.1956],[-15.7268,11.1661],[-15.7342,11.1791],[-15.754,11.1791],[-15.7638,11.1679],[-15.7733,11.1731],[-15.782,11.2003],[-15.7595,11.2219],[-15.7751,11.2275],[-15.7751,11.2338],[-15.754,11.2555],[-15.754,11.2759],[-15.7367,11.2755],[-15.7235,11.299],[-15.6995,11.3058],[-15.6584,11.3027]]]}},{"type":"Feature","properties":{},"geometry":{"type":"Polygon","coordinates":[[[-16.0221,11.5122],[-16.0013,11.569],[-15.9749,11.5834],[-15.9523,11.6068],[-15.9396,11.6049],[-15.9309,11.5787],[-15.9224,11.578],[-15.9184,11.5913],[-15.9061,11.5784],[-15.9093,11.5517],[-15.898,11.5429],[-15.9104,11.5227],[-15.9134,11.4984],[-15.898,11.4535],[-15.9657,11.4267],[-15.9738,11.4473],[-15.9812,11.4473],[-15.9874,11.433],[-16.0011,11.4473],[-16.0159,11.4283],[-16.0352,11.42],[-16.0792,11.457],[-16.0836,11.4678],[-16.0221,11.5122]]]}},{"type":"Feature","properties":{},"geometry":{"type":"Polygon","coordinates":[[[-16.1481,11.8773],[-16.0799,11.8732],[-16.0352,11.893],[-16.037,11.8992],[-15.9949,11.8991],[-15.9856,11.8874],[-15.9891,11.8615],[-16.0147,11.824],[-16.0294,11.7692],[-16.0414,11.7551],[-16.0517,11.7622],[-16.0836,11.7551],[-16.0963,11.7629],[-16.1212,11.7998],[-16.1548,11.8078],[-16.1655,11.8712],[-16.1481,11.8773]]]}},{"type":"Feature","properties":{},"geometry":{"type":"Polygon","coordinates":[[[-24.3015,14.9065],[-24.2933,14.8843],[-24.2995,14.863],[-24.3345,14.8319],[-24.3765,14.816],[-24.415,14.8209],[-24.4491,14.8381],[-24.5066,14.885],[-24.5262,14.9247],[-24.5206,14.9453],[-24.4889,14.9905],[-24.4034,15.038],[-24.3649,15.0454],[-24.3433,15.0407],[-24.3201,15.013],[-24.2958,14.9305],[-24.3015,14.9065]]]}},{"type":"Feature","properties":{},"geometry":{"type":"Polygon","coordinates":[[[-23.1219,15.2991],[-23.1119,15.1719],[-23.1278,15.1466],[-23.1551,15.1404],[-23.1688,15.1199],[-23.196,15.1221],[-23.2406,15.1501],[-23.2582,15.1745],[-23.2433,15.2113],[-23.2513,15.2229],[-23.2372,15.231],[-23.2309,15.244],[-23.2349,15.2548],[-23.2513,15.2564],[-23.2457,15.2711],[-23.2241,15.2867],[-23.2098,15.3117],[-23.2172,15.3192],[-23.1898,15.3327],[-23.1898,15.3192],[-23.1763,15.3327],[-23.1688,15.3253],[-23.1763,15.3192],[-23.1619,15.3126],[-23.1395,15.3178],[-23.1278,15.3117],[-23.1219,15.2991]]]}},{"type":"Feature","properties":{},"geometry":{"type":"Polygon","coordinates":[[[-22.6784,16.1119],[-22.6666,16.0915],[-22.6756,16.082],[-22.6798,16.0632],[-22.7511,16.0106],[-22.8061,15.9859],[-22.8739,15.9839],[-22.8978,16.0005],[-22.9455,16.0197],[-22.9578,16.0308],[-22.964,16.0522],[-22.9578,16.089],[-22.9136,16.1256],[-22.9244,16.213],[-22.9156,16.244],[-22.8951,16.2228],[-22.8525,16.2066],[-22.8294,16.204],[-22.8117,16.2284],[-22.7938,16.2314],[-22.7239,16.2126],[-22.7139,16.2058],[-22.7038,16.1796],[-22.6825,16.1686],[-22.6784,16.1119]]]}},{"type":"Feature","properties":{},"geometry":{"type":"Polygon","coordinates":[[[-24.09,16.6225],[-24.0374,16.593],[-24.0328,16.5968],[-24.0328,16.5624],[-24.1147,16.5593],[-24.192,16.5925],[-24.2333,16.6021],[-24.2723,16.5872],[-24.3153,16.5204],[-24.3247,16.4827],[-24.3475,16.532],[-24.3656,16.5556],[-24.3709,16.5871],[-24.4083,16.6002],[-24.4247,16.6171],[-24.4307,16.6395],[-24.4226,16.6623],[-24.3615,16.6816],[-24.3406,16.6754],[-24.2928,16.6418],[-24.2268,16.6496],[-24.1725,16.6291],[-24.09,16.6225]]]}},{"type":"Feature","properties":{},"geometry":{"type":"Polygon","coordinates":[[[-22.9414,16.6694],[-22.9565,16.6994],[-22.9776,16.689],[-22.9831,16.723],[-22.9708,16.7579],[-22.9827,16.7614],[-22.9892,16.7709],[-22.9908,16.8157],[-22.9224,16.8603],[-22.8951,16.8293],[-22.9098,16.8034],[-22.9018,16.7951],[-22.9047,16.7358],[-22.9018,16.7169],[-22.8813,16.6927],[-22.8876,16.6514],[-22.9018,16.6344],[-22.8951,16.6139],[-22.9292,16.5934],[-22.9414,16.6694]]]}},{"type":"Feature","properties":{},"geometry":{"type":"Polygon","coordinates":[[[-24.9229,16.8908],[-24.8811,16.8623],[-24.8751,16.8262],[-24.8911,16.814],[-24.9681,16.7989],[-24.988,16.7851],[-25.0582,16.8096],[-25.0811,16.8323],[-25.0941,16.8262],[-25.0898,16.8475],[-25.0782,16.8651],[-25.0501,16.8814],[-25.006,16.8877],[-25.0122,16.9013],[-24.9781,16.923],[-24.9713,16.923],[-24.9652,16.9089],[-24.9377,16.923],[-24.9277,16.9178],[-24.9147,16.8992],[-24.9229,16.8908]]]}},{"type":"Feature","properties":{},"geometry":{"type":"Polygon","coordinates":[[[-16.3778,19.8135],[-16.3459,19.8684],[-16.3368,19.8557],[-16.3671,19.7211],[-16.3923,19.6584],[-16.4325,19.6013],[-16.453,19.6292],[-16.4502,19.6565],[-16.464,19.6846],[-16.4263,19.749],[-16.4263,19.7869],[-16.4182,19.8056],[-16.4054,19.8211],[-16.3909,19.8261],[-16.3778,19.8135]]]}},{"type":"Feature","properties":{},"geometry":{"type":"Polygon","coordinates":[[[-17.9339,27.852],[-17.8965,27.8403],[-17.8793,27.8145],[-17.8851,27.7979],[-17.9264,27.7428],[-17.9302,27.7187],[-17.9451,27.7108],[-17.9652,27.687],[-17.9713,27.6544],[-17.9795,27.6425],[-17.9941,27.6422],[-18.0158,27.6535],[-18.0531,27.6912],[-18.1269,27.7003],[-18.1604,27.7224],[-18.1672,27.7576],[-18.1405,27.7688],[-18.0568,27.7565],[-18.0032,27.7988],[-17.9899,27.8237],[-17.9339,27.852]]]}},{"type":"Feature","properties":{},"geometry":{"type":"Polygon","coordinates":[[[-17.2592,28.2177],[-17.2127,28.2054],[-17.1161,28.1462],[-17.0984,28.1008],[-17.1139,28.081],[-17.185,28.0316],[-17.2327,28.0191],[-17.2579,28.0246],[-17.3101,28.0535],[-17.3432,28.0977],[-17.3388,28.171],[-17.3097,28.2071],[-17.2592,28.2177]]]}},{"type":"Feature","properties":{},"geometry":{"type":"Polygon","coordinates":[[[-13.4779,29.2663],[-13.492,29.2427],[-13.5171,29.2263],[-13.5412,29.2294],[-13.5082,29.2895],[-13.4867,29.2846],[-13.4779,29.2663]]]}},{"type":"Feature","properties":{},"geometry":{"type":"Polygon","coordinates":[[[11.011,33.8316],[11.0485,33.8148],[11.0603,33.8007],[10.994,33.7497],[10.971,33.7387],[10.9567,33.6977],[10.9505,33.6977],[10.9567,33.7325],[10.9411,33.7282],[10.9285,33.6966],[10.8937,33.6582],[10.8878,33.6401],[10.8711,33.6543],[10.8769,33.6882],[10.859,33.7111],[10.8089,33.7343],[10.7819,33.7037],[10.7634,33.7002],[10.7402,33.7155],[10.7338,33.7307],[10.7283,33.7846],[10.7476,33.8127],[10.7355,33.8538],[10.736,33.8848],[10.773,33.8963],[10.8978,33.8793],[10.9299,33.8963],[10.9597,33.8661],[11.011,33.8316]]]}},{"type":"Feature","properties":{},"geometry":{"type":"Polygon","coordinates":[[[27.2332,35.5041],[27.2373,35.4934],[27.2324,35.4722],[27.2068,35.4775],[27.1809,35.4689],[27.1616,35.4501],[27.1567,35.4245],[27.1711,35.4313],[27.1659,35.4233],[27.1362,35.404],[27.1431,35.4204],[27.1089,35.4313],[27.093,35.4518],[27.0942,35.4616],[27.1089,35.4661],[27.1021,35.4791],[27.1188,35.4827],[27.1089,35.5207],[27.1138,35.551],[27.1089,35.5617],[27.0679,35.5889],[27.0693,35.6022],[27.0857,35.6263],[27.1154,35.6422],[27.1279,35.6933],[27.1541,35.718],[27.1618,35.7469],[27.1567,35.8012],[27.1711,35.8087],[27.1846,35.8012],[27.2051,35.8223],[27.221,35.8293],[27.2324,35.8223],[27.2119,35.7773],[27.2188,35.7261],[27.1898,35.6974],[27.1803,35.6729],[27.161,35.6513],[27.1565,35.6188],[27.1846,35.5958],[27.2209,35.551],[27.2038,35.5272],[27.2332,35.5041]]]}},{"type":"Feature","properties":{},"geometry":{"type":"Polygon","coordinates":[[[14.5632,35.87],[14.5671,35.8456],[14.5618,35.8298],[14.548,35.836],[14.5325,35.822],[14.5275,35.8012],[14.4245,35.8237],[14.3815,35.843],[14.3599,35.8697],[14.3457,35.8759],[14.3382,35.947],[14.322,35.9731],[14.3475,35.9887],[14.3773,35.9936],[14.3773,35.9862],[14.3494,35.9731],[14.4451,35.9604],[14.4787,35.937],[14.5078,35.9285],[14.5139,35.9008],[14.548,35.89],[14.5632,35.87]]]}},{"type":"Feature","properties":{},"geometry":{"type":"Polygon","coordinates":[[[23.0769,36.2707],[23.1039,36.2372],[23.0663,36.2264],[23.0584,36.2165],[23.052,36.1448],[23.0144,36.1483],[22.9907,36.137],[22.9876,36.1516],[22.9496,36.165],[22.95,36.1763],[22.9292,36.178],[22.9087,36.206],[22.9162,36.2851],[22.8997,36.3282],[22.9016,36.3383],[22.9446,36.3894],[22.9564,36.3834],[23.0117,36.3083],[23.0769,36.2707]]]}},{"type":"Feature","properties":{},"geometry":{"type":"Polygon","coordinates":[[[26.3933,36.6365],[26.4305,36.6187],[26.4595,36.5967],[26.466,36.5827],[26.4549,36.5768],[26.4447,36.5895],[26.4159,36.5749],[26.3733,36.5724],[26.3486,36.5411],[26.3495,36.5156],[26.3416,36.5093],[26.3177,36.5076],[26.301,36.5133],[26.2822,36.5399],[26.266,36.5479],[26.2734,36.5616],[26.2643,36.5733],[26.2615,36.5876],[26.2664,36.5959],[26.2803,36.5895],[26.2948,36.5966],[26.3416,36.569],[26.366,36.5895],[26.4038,36.5895],[26.3849,36.6048],[26.3894,36.6162],[26.3622,36.6305],[26.3622,36.6379],[26.3933,36.6365]]]}},{"type":"Feature","properties":{},"geometry":{"type":"Polygon","coordinates":[[[24.4744,36.7471],[24.5334,36.768],[24.5461,36.754],[24.5461,36.6888],[24.5376,36.6814],[24.4846,36.6652],[24.3646,36.663],[24.327,36.6509],[24.3229,36.6654],[24.3313,36.6872],[24.327,36.6994],[24.3407,36.7124],[24.327,36.7199],[24.3543,36.754],[24.3816,36.7335],[24.3954,36.7359],[24.4072,36.7073],[24.4265,36.6994],[24.4607,36.6994],[24.4714,36.7043],[24.4592,36.7267],[24.4505,36.7335],[24.4369,36.7275],[24.4271,36.7338],[24.4089,36.7608],[24.4203,36.7711],[24.4744,36.7471]]]}},{"type":"Feature","properties":{},"geometry":{"type":"Polygon","coordinates":[[[27.2915,36.8918],[27.341,36.8819],[27.3558,36.8632],[27.3234,36.8487],[27.2142,36.8239],[27.1908,36.8123],[27.1299,36.7608],[27.0832,36.7612],[27.0475,36.7751],[26.992,36.7536],[26.9758,36.7408],[26.986,36.7199],[26.9717,36.7163],[26.9657,36.7056],[26.9729,36.6789],[26.9373,36.6928],[26.9177,36.7161],[26.9263,36.7656],[26.9377,36.7608],[26.9588,36.7813],[26.986,36.7676],[27.0208,36.8086],[27.0612,36.8393],[27.1642,36.8912],[27.2809,36.9079],[27.2915,36.8918]]]}},{"type":"Feature","properties":{},"geometry":{"type":"Polygon","coordinates":[[[26.0191,36.9251],[26.0747,36.8933],[26.0501,36.897],[26.0059,36.8912],[25.9214,36.8411],[25.8936,36.8035],[25.8796,36.795],[25.7987,36.7728],[25.7555,36.77],[25.739,36.795],[25.7533,36.7888],[25.7741,36.8071],[25.7889,36.8092],[25.8074,36.8017],[25.823,36.8087],[25.8455,36.8086],[25.8631,36.8359],[25.8516,36.8311],[25.8455,36.8366],[25.8455,36.8496],[25.9719,36.898],[25.9719,36.9042],[25.9507,36.9116],[25.9507,36.9184],[25.9784,36.925],[25.9984,36.9389],[26.0059,36.9389],[26.0191,36.9251]]]}},{"type":"Feature","properties":{},"geometry":{"type":"Polygon","coordinates":[[[-25.0467,37.0107],[-25.0169,36.9704],[-25.0122,36.9492],[-25.0271,36.9343],[-25.119,36.9526],[-25.1691,36.946],[-25.2016,36.9904],[-25.1703,37.0155],[-25.1336,37.023],[-25.0668,37.0215],[-25.0467,37.0107]]]}},{"type":"Feature","properties":{},"geometry":{"type":"Polygon","coordinates":[[[25.2688,37.0461],[25.2448,37.0146],[25.2044,36.989],[25.1885,36.9853],[25.1528,36.9868],[25.1034,37.0129],[25.113,37.0627],[25.1563,37.0898],[25.1358,37.0938],[25.1501,37.1105],[25.2098,37.144],[25.2388,37.1518],[25.224,37.1343],[25.2319,37.1275],[25.2593,37.124],[25.273,37.1376],[25.2661,37.1518],[25.2933,37.1518],[25.263,37.0898],[25.2629,37.0756],[25.2798,37.0693],[25.2798,37.0625],[25.2661,37.0625],[25.2661,37.055],[25.2798,37.055],[25.2798,37.0488],[25.2688,37.0461]]]}},{"type":"Feature","properties":{},"geometry":{"type":"Polygon","coordinates":[[[25.5337,37.2007],[25.5746,37.1785],[25.5925,37.1425],[25.5951,37.0997],[25.5808,37.0178],[25.5525,36.9689],[25.5261,36.9594],[25.4914,36.9321],[25.4499,36.9184],[25.4324,36.9393],[25.4231,36.9669],[25.3889,36.9868],[25.3941,36.9981],[25.3807,37.0187],[25.3821,37.0351],[25.367,37.0596],[25.3418,37.0767],[25.3418,37.083],[25.3718,37.0891],[25.4094,37.124],[25.4746,37.1618],[25.4951,37.1891],[25.5337,37.2007]]]}},{"type":"Feature","properties":{},"geometry":{"type":"Polygon","coordinates":[[[25.4026,37.4182],[25.307,37.4119],[25.3093,37.4362],[25.3213,37.4392],[25.3264,37.4629],[25.3224,37.471],[25.307,37.4727],[25.3127,37.4882],[25.348,37.5081],[25.3773,37.4674],[25.3856,37.4899],[25.3954,37.494],[25.4629,37.47],[25.4656,37.4634],[25.4573,37.446],[25.4077,37.4368],[25.4026,37.4182]]]}},{"type":"Feature","properties":{},"geometry":{"type":"Polygon","coordinates":[[[25.0806,37.5869],[25.047,37.6174],[24.9979,37.6379],[24.9844,37.658],[24.9849,37.6789],[25.0532,37.6789],[25.0674,37.6726],[25.0599,37.6584],[25.0775,37.6549],[25.0879,37.6447],[25.1038,37.6538],[25.1227,37.6517],[25.1494,37.631],[25.1648,37.6458],[25.2456,37.6242],[25.2388,37.6174],[25.2528,37.6087],[25.2593,37.59],[25.2347,37.5629],[25.2273,37.5374],[25.216,37.5329],[25.1699,37.5386],[25.1255,37.5559],[25.1156,37.5601],[25.1033,37.5784],[25.0806,37.5869]]]}},{"type":"Feature","properties":{},"geometry":{"type":"Polygon","coordinates":[[[24.4025,37.6557],[24.3958,37.6247],[24.313,37.5382],[24.2935,37.5257],[24.2754,37.5317],[24.2781,37.6229],[24.2893,37.6453],[24.3057,37.6608],[24.3206,37.6584],[24.3338,37.6726],[24.3206,37.6726],[24.3206,37.6789],[24.3397,37.6863],[24.3611,37.6789],[24.3617,37.685],[24.3748,37.6863],[24.4025,37.6557]]]}},{"type":"Feature","properties":{},"geometry":{"type":"Polygon","coordinates":[[[26.3622,37.6863],[26.3191,37.6343],[26.2306,37.5714],[26.1279,37.5558],[26.0579,37.5192],[25.9763,37.516],[25.9719,37.5355],[25.9797,37.5487],[26.0124,37.575],[26.042,37.617],[26.0742,37.6379],[26.1564,37.6328],[26.1773,37.6379],[26.1974,37.6323],[26.2542,37.652],[26.2808,37.6754],[26.3622,37.6863]]]}},{"type":"Feature","properties":{},"geometry":{"type":"Polygon","coordinates":[[[27.0588,37.7338],[27.0666,37.7183],[27.0612,37.7067],[27.037,37.7129],[27.0008,37.7066],[26.91,37.678],[26.8898,37.6652],[26.8788,37.6489],[26.8609,37.6434],[26.7874,37.6472],[26.7609,37.6897],[26.7083,37.7136],[26.6572,37.7049],[26.6284,37.6907],[26.6229,37.6789],[26.6092,37.6863],[26.5984,37.6772],[26.5835,37.7042],[26.5803,37.7408],[26.595,37.7614],[26.6439,37.7724],[26.6581,37.7928],[26.7718,37.8141],[26.8064,37.8145],[26.8421,37.8091],[26.8818,37.7854],[26.9167,37.7778],[26.9661,37.7477],[26.9699,37.7588],[26.9451,37.7887],[26.9736,37.7845],[26.9934,37.7961],[26.994,37.784],[27.0679,37.7744],[27.0339,37.7614],[27.0322,37.7532],[27.0475,37.7272],[27.0588,37.7338]]]}},{"type":"Feature","properties":{},"geometry":{"type":"Polygon","coordinates":[[[20.918,37.7653],[20.9868,37.7299],[20.9963,37.6993],[20.9831,37.7123],[20.9544,37.7239],[20.8939,37.7335],[20.8435,37.7016],[20.853,37.6726],[20.8469,37.6533],[20.8151,37.6515],[20.7044,37.7383],[20.7022,37.7545],[20.6424,37.8111],[20.6195,37.8228],[20.6265,37.8344],[20.6221,37.8513],[20.6277,37.8576],[20.6195,37.8644],[20.66,37.9105],[20.6857,37.9296],[20.709,37.9252],[20.742,37.8623],[20.7772,37.8433],[20.8088,37.8496],[20.8501,37.8364],[20.886,37.814],[20.918,37.7653]]]}},{"type":"Feature","properties":{},"geometry":{"type":"Polygon","coordinates":[[[24.9944,37.7541],[24.9855,37.736],[24.9575,37.7067],[24.9637,37.6863],[24.9575,37.6863],[24.916,37.7198],[24.8921,37.7682],[24.8652,37.7738],[24.8166,37.8239],[24.8,37.816],[24.7942,37.8438],[24.7757,37.8623],[24.7385,37.8918],[24.7162,37.8791],[24.7122,37.8843],[24.718,37.8986],[24.6838,37.9327],[24.6956,37.9355],[24.6901,37.9563],[24.6936,37.9658],[24.757,37.9966],[24.7791,38.0002],[24.7937,37.9941],[24.7947,37.9771],[24.8301,37.9631],[24.8376,37.9255],[24.8484,37.9149],[24.875,37.906],[24.9539,37.906],[24.9637,37.8968],[24.9434,37.8433],[24.9849,37.816],[24.9712,37.8091],[24.972,37.7964],[24.9575,37.7744],[24.9644,37.7687],[24.9805,37.774],[24.9917,37.7682],[24.9944,37.7541]]]}},{"type":"Feature","properties":{},"geometry":{"type":"Polygon","coordinates":[[[1.5657,38.6915],[1.5824,38.6749],[1.5814,38.6531],[1.5234,38.6494],[1.4581,38.6813],[1.429,38.6649],[1.4128,38.6464],[1.397,38.6386],[1.383,38.6421],[1.3876,38.6624],[1.3835,38.6804],[1.3937,38.7042],[1.3828,38.7116],[1.401,38.7303],[1.408,38.7245],[1.4181,38.7279],[1.4313,38.7549],[1.4861,38.6946],[1.5264,38.6778],[1.5657,38.6915]]]}},{"type":"Feature","properties":{},"geometry":{"type":"Polygon","coordinates":[[[20.5762,38.608],[20.5513,38.5695],[20.5446,38.5695],[20.5623,38.6912],[20.6025,38.7817],[20.6122,38.7858],[20.6453,38.8282],[20.6863,38.8501],[20.6902,38.8414],[20.7178,38.8227],[20.7293,38.7817],[20.7239,38.77],[20.7289,38.7306],[20.697,38.6898],[20.7061,38.6804],[20.7225,38.7073],[20.716,38.627],[20.7095,38.6257],[20.7022,38.6384],[20.6953,38.6384],[20.7022,38.6179],[20.6878,38.6247],[20.6817,38.6042],[20.6648,38.6109],[20.6489,38.6086],[20.6409,38.6006],[20.6476,38.5838],[20.6309,38.5883],[20.6333,38.6042],[20.6136,38.607],[20.6023,38.6268],[20.5762,38.608]]]}},{"type":"Feature","properties":{},"geometry":{"type":"Polygon","coordinates":[[[24.6786,38.8068],[24.6829,38.7842],[24.6703,38.7817],[24.6575,38.7692],[24.6423,38.7756],[24.6253,38.7692],[24.6138,38.7731],[24.6008,38.7927],[24.57,38.7781],[24.5667,38.7625],[24.5324,38.7961],[24.574,38.8098],[24.557,38.8457],[24.5461,38.837],[24.5283,38.8515],[24.5051,38.8445],[24.5052,38.855],[24.4826,38.8628],[24.4778,38.878],[24.471,38.8712],[24.4546,38.8848],[24.4362,38.878],[24.4388,38.8971],[24.4622,38.911],[24.4573,38.9401],[24.4611,38.9677],[24.4712,38.9769],[24.4915,38.981],[24.5607,38.9442],[24.574,38.9326],[24.5725,38.8985],[24.5786,38.8756],[24.6426,38.8417],[24.6786,38.8068]]]}},{"type":"Feature","properties":{},"geometry":{"type":"Polygon","coordinates":[[[1.6008,39.0824],[1.6231,39.0292],[1.5933,39.0202],[1.5762,38.9858],[1.5412,38.9678],[1.5098,38.9302],[1.4587,38.9001],[1.445,38.9132],[1.4147,38.8906],[1.4031,38.8323],[1.3707,38.8318],[1.3609,38.8519],[1.3435,38.8624],[1.3078,38.8579],[1.3003,38.8705],[1.2835,38.8746],[1.2666,38.8703],[1.2599,38.8579],[1.2166,38.8851],[1.2122,38.9032],[1.2275,38.942],[1.2184,38.9541],[1.2368,38.9652],[1.2599,38.9609],[1.2769,38.968],[1.301,38.9678],[1.2928,39.0333],[1.3568,39.0776],[1.3722,39.0714],[1.3919,39.0833],[1.4033,39.0776],[1.4507,39.1018],[1.4787,39.1077],[1.4995,39.1049],[1.5227,39.1189],[1.5897,39.1028],[1.606,39.0913],[1.6008,39.0824]]]}},{"type":"Feature","properties":{},"geometry":{"type":"Polygon","coordinates":[[[20.0819,39.4473],[20.1057,39.3925],[20.1177,39.378],[20.1179,39.371],[20.1057,39.3647],[20.0324,39.395],[19.9993,39.3994],[19.9548,39.4261],[19.9118,39.4303],[19.9075,39.435],[19.9217,39.4378],[19.9275,39.4472],[19.8797,39.4608],[19.8789,39.4532],[19.8656,39.4686],[19.8477,39.5097],[19.8408,39.552],[19.8289,39.5723],[19.8098,39.5891],[19.7485,39.62],[19.7189,39.6731],[19.6897,39.6741],[19.6813,39.68],[19.6717,39.7241],[19.6532,39.7147],[19.6502,39.7418],[19.6265,39.7482],[19.6675,39.7935],[19.7991,39.8028],[19.8518,39.8245],[19.929,39.7921],[19.9343,39.7829],[19.948,39.7904],[19.9463,39.7592],[19.9338,39.7412],[19.8416,39.7042],[19.8359,39.6925],[19.8391,39.6799],[19.8587,39.6662],[19.8587,39.6588],[19.845,39.6588],[19.845,39.6527],[19.9275,39.6253],[19.9235,39.6035],[19.9172,39.5989],[19.9002,39.6042],[19.9119,39.5834],[19.9365,39.473],[20.0327,39.4393],[20.0819,39.4473]]]}},{"type":"Feature","properties":{},"geometry":{"type":"Polygon","coordinates":[[[25.4463,40.0],[25.4499,39.9884],[25.4016,39.9638],[25.3856,39.9444],[25.3889,39.9195],[25.3641,39.9172],[25.348,39.9064],[25.3685,39.899],[25.3416,39.8839],[25.3403,39.8742],[25.3555,39.8655],[25.3428,39.8546],[25.3699,39.8171],[25.3555,39.8102],[25.349,39.7877],[25.2953,39.8077],[25.2903,39.8308],[25.2731,39.8357],[25.2566,39.8559],[25.2388,39.8581],[25.2798,39.8891],[25.2752,39.9036],[25.2507,39.9185],[25.2388,39.9195],[25.1971,39.8928],[25.2251,39.8854],[25.2073,39.8831],[25.1942,39.8736],[25.1773,39.845],[25.1909,39.8519],[25.2022,39.841],[25.221,39.81],[25.2145,39.8034],[25.1432,39.8171],[25.1699,39.8485],[25.1649,39.8591],[25.1358,39.8376],[25.1289,39.8376],[25.1221,39.8581],[25.047,39.8376],[25.0674,39.8581],[25.047,39.8655],[25.047,39.8786],[25.0599,39.8854],[25.0532,39.899],[25.0674,39.9064],[25.0599,39.9064],[25.0682,39.9208],[25.047,39.9475],[25.0454,39.9847],[25.0334,39.9884],[25.0334,39.9953],[25.2502,40.0],[25.2871,39.9611],[25.2852,39.9534],[25.3342,39.9724],[25.348,39.9816],[25.3566,40.0],[25.4463,40.0]]]}},{"type":"Feature","properties":{},"geometry":{"type":"Polygon","coordinates":[[[53.0403,39.081],[53.0576,39.0944],[53.0817,39.0977],[53.0879,39.0881],[53.0588,39.0671],[53.054,39.0268],[53.0794,38.8635],[53.1021,38.7817],[53.098,38.7692],[53.1021,38.7551],[53.0947,38.7551],[53.0921,38.7788],[53.063,38.8647],[53.0402,38.9067],[53.0379,38.9702],[53.0264,39.0394],[53.0403,39.081]]]}},{"type":"Feature","properties":{},"geometry":{"type":"Polygon","coordinates":[[[53.6843,24.1567],[53.6282,24.1642],[53.6278,24.1719],[53.6561,24.1934],[53.6912,24.2067],[53.7228,24.2299],[53.7389,24.2347],[53.7771,24.2299],[53.801,24.2477],[53.8396,24.2643],[53.8482,24.2751],[53.8535,24.2627],[53.8482,24.2546],[53.863,24.2347],[53.8923,24.2178],[53.9546,24.201],[53.9649,24.1726],[53.951,24.1497],[53.9204,24.1398],[53.8846,24.1412],[53.855,24.1522],[53.8571,24.1614],[53.8494,24.1742],[53.8374,24.1774],[53.827,24.1584],[53.8345,24.1522],[53.8073,24.136],[53.7747,24.1301],[53.7415,24.1335],[53.6843,24.1567]]]}},{"type":"Feature","properties":{},"geometry":{"type":"Polygon","coordinates":[[[53.3087,24.2786],[53.276,24.2887],[53.2661,24.2738],[53.2138,24.2809],[53.1865,24.2759],[53.1841,24.2812],[53.1943,24.303],[53.2419,24.2978],[53.3296,24.3361],[53.3383,24.3361],[53.3578,24.3152],[53.3667,24.3192],[53.3677,24.3409],[53.3616,24.3508],[53.3991,24.4014],[53.4168,24.4128],[53.4236,24.3918],[53.447,24.3798],[53.4404,24.3413],[53.4276,24.3288],[53.3698,24.3012],[53.3458,24.2983],[53.3316,24.2885],[53.3228,24.2627],[53.3087,24.2786]]]}},{"type":"Feature","properties":{},"geometry":{"type":"Polygon","coordinates":[[[50.5947,26.1603],[50.6199,26.1855],[50.6328,26.1468],[50.6457,26.1457],[50.6355,26.1344],[50.6349,26.1157],[50.6148,26.1112],[50.6206,26.053],[50.6184,25.9647],[50.6035,25.8546],[50.5653,25.7895],[50.5472,25.8529],[50.5314,25.8852],[50.4678,25.9576],[50.4605,25.9853],[50.4909,26.048],[50.4852,26.0856],[50.4489,26.1616],[50.4612,26.2252],[50.4685,26.2369],[50.4815,26.2426],[50.5164,26.2397],[50.5454,26.2277],[50.5867,26.2425],[50.6091,26.2083],[50.6035,26.1977],[50.5516,26.1942],[50.5947,26.1603]]]}},{"type":"Feature","properties":{},"geometry":{"type":"Polygon","coordinates":[[[-16.4696,19.73],[-16.4715,19.6997],[-16.4842,19.6777],[-16.4919,19.6841],[-16.4969,19.7055],[-16.4911,19.7251],[-16.4696,19.73]]]}},{"type":"Feature","properties":{},"geometry":{"type":"Polygon","coordinates":[[[36.9421,25.4184],[36.9614,25.4145],[36.9354,25.4],[36.9148,25.3709],[36.8998,25.361],[36.8787,25.3737],[36.7987,25.4474],[36.7972,25.4645],[36.7761,25.4892],[36.7765,25.4964],[36.7969,25.4866],[36.8237,25.4599],[36.9157,25.4267],[36.9203,25.4196],[36.8994,25.4189],[36.8963,25.406],[36.9043,25.3941],[36.9163,25.3969],[36.9421,25.4184]]]}},{"type":"Feature","properties":{},"geometry":{"type":"Polygon","coordinates":[[[36.8006,25.4885],[36.7713,25.5071],[36.7654,25.5242],[36.7425,25.5292],[36.7344,25.5466],[36.7192,25.5557],[36.7013,25.5547],[36.6812,25.5441],[36.6814,25.5535],[36.6913,25.5672],[36.7068,25.5712],[36.7256,25.5652],[36.7751,25.5354],[36.7858,25.516],[36.839,25.4899],[36.8745,25.4633],[36.8833,25.4543],[36.8792,25.4433],[36.8348,25.4667],[36.8255,25.4841],[36.8006,25.4885]]]}},{"type":"Feature","properties":{},"geometry":{"type":"Polygon","coordinates":[[[36.6831,25.5723],[36.6677,25.5498],[36.5677,25.5985],[36.5461,25.6032],[36.5394,25.5892],[36.4977,25.624],[36.4915,25.6451],[36.4997,25.6625],[36.5436,25.7029],[36.5394,25.685],[36.5226,25.6622],[36.531,25.6446],[36.5703,25.6245],[36.6094,25.5915],[36.6311,25.5924],[36.638,25.5746],[36.6559,25.5718],[36.6594,25.5821],[36.6677,25.581],[36.6831,25.5723]]]}},{"type":"Feature","properties":{},"geometry":{"type":"Polygon","coordinates":[[[34.5706,27.9741],[34.6205,27.9278],[34.6205,27.9204],[34.5472,27.9197],[34.5181,27.9304],[34.4963,27.9551],[34.4895,27.996],[34.4944,28.0018],[34.4963,27.996],[34.5173,28.0165],[34.5348,28.0082],[34.5442,27.996],[34.5068,27.9862],[34.5032,27.9756],[34.5119,27.9675],[34.5706,27.9741]]]}},{"type":"Feature","properties":{},"geometry":{"type":"Polygon","coordinates":[[[-14.3474,-7.8998],[-14.2948,-7.9455],[-14.3503,-7.9747],[-14.391,-7.9797],[-14.4064,-7.9739],[-14.4177,-7.9392],[-14.3906,-7.8893],[-14.3767,-7.8779],[-14.37,-7.8893],[-14.3563,-7.8847],[-14.3474,-7.8998]]]}},{"type":"Feature","properties":{},"geometry":{"type":"Polygon","coordinates":[[[-15.9464,11.2003],[-15.9117,11.1663],[-15.8948,11.0989],[-15.8776,11.0736],[-15.8827,11.0606],[-15.8946,11.0543],[-15.9632,11.0562],[-15.9782,11.0481],[-15.9779,11.069],[-15.9259,11.0904],[-15.9305,11.1016],[-15.9418,11.1054],[-15.9519,11.0999],[-15.9533,11.0836],[-15.9669,11.0978],[-15.9535,11.1245],[-15.9571,11.1872],[-15.9464,11.2003]]]}},{"type":"Feature","properties":{},"geometry":{"type":"Polygon","coordinates":[[[-15.4739,11.6186],[-15.4878,11.5947],[-15.4717,11.5661],[-15.4908,11.5634],[-15.5213,11.5702],[-15.5423,11.5497],[-15.5697,11.5497],[-15.5697,11.5429],[-15.5484,11.5351],[-15.5522,11.5195],[-15.5663,11.5105],[-15.5758,11.5224],[-15.6217,11.5224],[-15.6303,11.529],[-15.633,11.5382],[-15.6074,11.5501],[-15.5857,11.5775],[-15.5622,11.577],[-15.5603,11.5922],[-15.5287,11.6248],[-15.5118,11.6204],[-15.4735,11.6323],[-15.4739,11.6186]]]}},{"type":"Feature","properties":{},"geometry":{"type":"Polygon","coordinates":[[[11.2658,34.7734],[11.3048,34.7423],[11.297,34.7287],[11.1997,34.6947],[11.1307,34.6633],[11.1223,34.6804],[11.1706,34.7286],[11.173,34.758],[11.1809,34.7618],[11.1831,34.7522],[11.1982,34.744],[11.2221,34.7476],[11.2243,34.7701],[11.2175,34.7816],[11.2543,34.8258],[11.2995,34.8142],[11.3042,34.8053],[11.2781,34.7977],[11.2658,34.7734]]]}},{"type":"Feature","properties":{},"geometry":{"type":"Polygon","coordinates":[[[14.2826,36.0679],[14.3342,36.0344],[14.26,36.0135],[14.2209,36.0192],[14.1849,36.0346],[14.1836,36.0648],[14.2566,36.0756],[14.2826,36.0679]]]}},{"type":"Feature","properties":{},"geometry":{"type":"Polygon","coordinates":[[[25.418,36.4704],[25.4524,36.4503],[25.4792,36.4244],[25.4914,36.3977],[25.48,36.3579],[25.4651,36.3424],[25.4466,36.3363],[25.3617,36.3568],[25.4094,36.3636],[25.4368,36.3909],[25.4253,36.4272],[25.4163,36.4325],[25.4219,36.4511],[25.3685,36.4666],[25.3685,36.4735],[25.3821,36.4796],[25.418,36.4704]]]}},{"type":"Feature","properties":{},"geometry":{"type":"Polygon","coordinates":[[[27.8706,36.5778],[27.8767,36.5616],[27.863,36.5554],[27.8767,36.5411],[27.843,36.5279],[27.8283,36.528],[27.8283,36.5342],[27.8494,36.5479],[27.7925,36.567],[27.8079,36.5759],[27.76,36.5759],[27.787,36.6063],[27.7879,36.6168],[27.8015,36.6243],[27.8015,36.6168],[27.8181,36.634],[27.842,36.6447],[27.861,36.6467],[27.863,36.6379],[27.8223,36.6238],[27.8153,36.61],[27.8286,36.613],[27.8357,36.6025],[27.8699,36.6243],[27.8767,36.6168],[27.863,36.6025],[27.8732,36.6055],[27.8706,36.5778]]]}},{"type":"Feature","properties":{},"geometry":{"type":"Polygon","coordinates":[[[25.2752,36.7219],[25.2798,36.7267],[25.2518,36.7267],[25.2624,36.7497],[25.2627,36.7676],[25.307,36.795],[25.348,36.7471],[25.3994,36.728],[25.4094,36.7124],[25.3901,36.7037],[25.3952,36.6789],[25.3732,36.6537],[25.3379,36.6683],[25.2752,36.7219]]]}},{"type":"Feature","properties":{},"geometry":{"type":"Polygon","coordinates":[[[11.9995,36.8359],[12.0515,36.7904],[12.0535,36.7676],[12.0306,36.7414],[11.9961,36.7449],[11.9612,36.7652],[11.9373,36.7888],[11.9222,36.8284],[11.9513,36.8428],[11.9873,36.8242],[11.9995,36.8359]]]}},{"type":"Feature","properties":{},"geometry":{"type":"Polygon","coordinates":[[[24.7044,37.0351],[24.7516,36.9858],[24.7658,36.9492],[24.7106,36.9042],[24.6789,36.9515],[24.6692,36.9785],[24.6765,37.0004],[24.6541,37.0243],[24.6423,37.0277],[24.6497,37.042],[24.6423,37.0488],[24.6559,37.0488],[24.6893,37.0292],[24.7044,37.0351]]]}},{"type":"Feature","properties":{},"geometry":{"type":"Polygon","coordinates":[[[26.9116,36.9458],[26.9314,36.9669],[26.9253,36.9817],[26.9299,36.994],[26.9539,37.0279],[26.9436,37.0407],[26.9246,37.0351],[26.9172,37.0417],[26.9035,37.0625],[26.8856,37.0756],[26.8898,37.0898],[26.9016,37.0773],[26.986,37.0488],[26.986,37.042],[26.9729,37.042],[26.9822,37.0288],[27.0059,37.0162],[27.0071,37.0004],[27.0325,37.0124],[27.0413,37.0079],[27.0443,36.9962],[27.0339,36.9526],[27.0475,36.9594],[27.0404,36.9451],[26.9934,36.9526],[26.9834,36.9295],[26.9761,36.9259],[26.9519,36.9316],[26.9451,36.9259],[26.9299,36.9428],[26.9116,36.9458]]]}},{"type":"Feature","properties":{},"geometry":{"type":"Polygon","coordinates":[[[24.4362,37.1854],[24.4856,37.2061],[24.4983,37.1997],[24.5205,37.2039],[24.5321,37.1856],[24.5324,37.1301],[24.5261,37.1444],[24.5188,37.1444],[24.5153,37.1229],[24.4983,37.1103],[24.491,37.1223],[24.4983,37.124],[24.481,37.1297],[24.4641,37.124],[24.4595,37.1372],[24.4505,37.1301],[24.4344,37.1342],[24.4225,37.124],[24.4191,37.1356],[24.4305,37.1444],[24.423,37.1547],[24.4362,37.1649],[24.4347,37.1755],[24.4437,37.1785],[24.4362,37.1854]]]}},{"type":"Feature","properties":{},"geometry":{"type":"Polygon","coordinates":[[[24.3748,37.4385],[24.4362,37.487],[24.4437,37.487],[24.4437,37.4727],[24.4305,37.446],[24.4694,37.4275],[24.4827,37.4124],[24.4778,37.3908],[24.4634,37.3945],[24.4528,37.3834],[24.4437,37.3498],[24.4118,37.324],[24.3679,37.3095],[24.3856,37.3612],[24.4021,37.3709],[24.4021,37.3771],[24.3884,37.3846],[24.3968,37.4015],[24.3948,37.4118],[24.3845,37.4168],[24.3679,37.4119],[24.3748,37.4385]]]}},{"type":"Feature","properties":{},"geometry":{"type":"Polygon","coordinates":[[[24.9461,37.433],[24.9637,37.4182],[24.964,37.4018],[24.8818,37.3635],[24.8887,37.3983],[24.8613,37.3983],[24.8682,37.4147],[24.8818,37.4256],[24.8682,37.4318],[24.8867,37.4353],[24.8981,37.4487],[24.9024,37.4802],[24.8954,37.5104],[24.9297,37.5081],[24.9481,37.4856],[24.9575,37.4597],[24.9453,37.4433],[24.9461,37.433]]]}},{"type":"Feature","properties":{},"geometry":{"type":"Polygon","coordinates":[[[23.4021,37.906],[23.4089,37.9219],[23.4395,37.9396],[23.4685,37.932],[23.4977,37.9669],[23.4605,37.9525],[23.422,37.96],[23.4574,37.9736],[23.4295,37.9879],[23.4515,37.9883],[23.4705,37.9805],[23.4749,37.9894],[23.4705,37.9941],[23.4782,37.9988],[23.5182,37.9991],[23.5369,37.988],[23.5327,37.9751],[23.5471,37.9589],[23.5462,37.9525],[23.5735,37.9525],[23.5393,37.9395],[23.5435,37.9289],[23.5217,37.914],[23.5182,37.8986],[23.5013,37.9061],[23.4671,37.8842],[23.4214,37.893],[23.4021,37.906]]]}},{"type":"Feature","properties":{},"geometry":{"type":"Polygon","coordinates":[[[20.7158,38.392],[20.7575,38.3715],[20.7376,38.3715],[20.7437,38.3444],[20.75,38.3347],[20.7637,38.3305],[20.7637,38.3231],[20.7194,38.3156],[20.7058,38.3183],[20.6878,38.3367],[20.6953,38.3436],[20.6673,38.3715],[20.6476,38.4057],[20.6401,38.4466],[20.6145,38.4671],[20.6195,38.4814],[20.6355,38.473],[20.6442,38.4787],[20.6545,38.5019],[20.6719,38.4975],[20.6741,38.485],[20.6611,38.4609],[20.6782,38.4619],[20.709,38.4466],[20.6952,38.4087],[20.6748,38.3777],[20.7158,38.3715],[20.7158,38.3777],[20.7022,38.3852],[20.7225,38.3852],[20.7158,38.392]]]}},{"type":"Feature","properties":{},"geometry":{"type":"Polygon","coordinates":[[[8.458,39.0681],[8.4839,39.0698],[8.4593,39.0498],[8.4634,39.0425],[8.4539,39.0281],[8.437,38.9672],[8.4098,38.9618],[8.3493,39.0622],[8.3535,39.0909],[8.346,39.0909],[8.346,39.0977],[8.3604,39.1182],[8.3859,39.105],[8.4446,39.1027],[8.458,39.0681]]]}},{"type":"Feature","properties":{},"geometry":{"type":"Polygon","coordinates":[[[23.6697,39.1182],[23.6278,39.1473],[23.5872,39.2076],[23.6013,39.2138],[23.6655,39.1697],[23.7305,39.1461],[23.7267,39.1315],[23.7727,39.1293],[23.7927,39.1244],[23.7927,39.1182],[23.7412,39.0803],[23.7168,39.0772],[23.6581,39.0977],[23.6697,39.1114],[23.6697,39.1182]]]}},{"type":"Feature","properties":{},"geometry":{"type":"Polygon","coordinates":[[[23.9216,39.1904],[23.8958,39.1618],[23.8645,39.144],[23.8335,39.1461],[23.8731,39.1802],[23.8893,39.2175],[23.9398,39.2798],[23.957,39.2895],[23.9502,39.2752],[23.9722,39.2719],[23.967,39.2512],[23.9365,39.2213],[23.9216,39.1904]]]}},{"type":"Feature","properties":{},"geometry":{"type":"Polygon","coordinates":[[[42.7192,13.7426],[42.7826,13.7799],[42.7949,13.7699],[42.7918,13.7507],[42.7615,13.7193],[42.7541,13.6979],[42.7439,13.6884],[42.6885,13.6638],[42.6858,13.6785],[42.6935,13.6992],[42.7192,13.7426]]]}},{"type":"Feature","properties":{},"geometry":{"type":"Polygon","coordinates":[[[42.7676,14.0715],[42.8018,14.0231],[42.7881,13.9753],[42.7886,13.9267],[42.7817,13.92],[42.7541,13.9207],[42.7676,13.9487],[42.7215,13.9694],[42.7007,13.9879],[42.6919,14.0132],[42.721,14.046],[42.7676,14.0715]]]}},{"type":"Feature","properties":{},"geometry":{"type":"Polygon","coordinates":[[[52.5872,24.3605],[52.6111,24.3732],[52.6345,24.3666],[52.6454,24.3507],[52.6509,24.3249],[52.6488,24.3095],[52.5922,24.2534],[52.5561,24.3069],[52.5582,24.3268],[52.5872,24.3605]]]}},{"type":"Feature","properties":{},"geometry":{"type":"Polygon","coordinates":[[[54.3348,24.4532],[54.3348,24.469],[54.3894,24.5227],[54.3963,24.5227],[54.3894,24.5016],[54.3967,24.4835],[54.4514,24.4532],[54.4697,24.4365],[54.4706,24.425],[54.4567,24.4208],[54.4304,24.4252],[54.3348,24.4532]]]}},{"type":"Feature","properties":{},"geometry":{"type":"Polygon","coordinates":[[[42.6104,15.4294],[42.6081,15.4104],[42.5816,15.3916],[42.6282,15.3987],[42.6155,15.3264],[42.6084,15.314],[42.6152,15.314],[42.6141,15.3081],[42.5822,15.2682],[42.5684,15.2689],[42.5457,15.2944],[42.5459,15.317],[42.5562,15.3415],[42.5589,15.393],[42.6019,15.4463],[42.6239,15.4573],[42.631,15.4543],[42.636,15.4455],[42.6104,15.4294]]]}},{"type":"Feature","properties":{},"geometry":{"type":"Polygon","coordinates":[[[40.0806,16.0342],[40.0774,16.019],[40.1145,15.9859],[40.0967,15.981],[40.043,16.0034],[40.0,16.0078],[39.99,16.0177],[39.9982,16.0496],[40.0472,16.0635],[40.0414,16.0921],[40.0432,16.1031],[40.0505,16.1072],[40.083,16.084],[40.111,16.074],[40.1188,16.062],[40.0806,16.0342]]]}},{"type":"Feature","properties":{},"geometry":{"type":"Polygon","coordinates":[[[36.5427,25.7393],[36.5425,25.8019],[36.5584,25.8364],[36.5908,25.8605],[36.5666,25.833],[36.5554,25.7963],[36.5641,25.7788],[36.5833,25.7623],[36.5978,25.7584],[36.5855,25.7255],[36.5884,25.7143],[36.6111,25.7095],[36.5956,25.6966],[36.583,25.6987],[36.5518,25.7198],[36.5427,25.7393]]]}},{"type":"Feature","properties":{},"geometry":{"type":"Polygon","coordinates":[[[55.0437,25.8929],[55.0544,25.8646],[55.0326,25.8546],[55.023,25.8629],[55.0184,25.8596],[55.0121,25.8816],[55.0437,25.8929]]]}},{"type":"Feature","properties":{},"geometry":{"type":"Polygon","coordinates":[[[26.3123,35.2969],[26.266,35.26],[26.2839,35.2082],[26.2995,35.1855],[26.3211,35.1979],[26.285,35.1507],[26.294,35.1365],[26.2775,35.1],[26.2354,35.0341],[26.1472,35.0023],[26.1052,34.9993],[26.0817,35.0198],[26.0203,35.0209],[25.9849,35.0391],[25.9603,35.029],[25.9241,35.0341],[25.8815,35.0271],[25.8081,35.0058],[25.6012,35.0136],[25.5062,34.9846],[25.4152,34.9937],[25.3477,34.9915],[25.304,34.9848],[25.2232,34.9542],[25.1509,34.9557],[25.1289,34.9515],[25.1078,34.9379],[25.0774,34.9447],[25.0191,34.9316],[24.9837,34.9387],[24.7385,34.9316],[24.7552,34.9579],[24.7521,34.9959],[24.759,35.0415],[24.7428,35.0772],[24.7181,35.094],[24.619,35.0974],[24.5803,35.1092],[24.5646,35.1061],[24.5324,35.1365],[24.5007,35.1524],[24.4812,35.1559],[24.4641,35.1501],[24.4038,35.175],[24.4021,35.1911],[24.2932,35.1823],[24.2178,35.1911],[24.2039,35.2054],[24.183,35.1979],[24.1113,35.1979],[24.0846,35.2045],[24.0806,35.1945],[24.0498,35.1911],[24.0314,35.1977],[24.0033,35.2267],[23.9876,35.2333],[23.9019,35.2312],[23.8602,35.2363],[23.8267,35.2526],[23.8123,35.2448],[23.7995,35.2463],[23.7821,35.2347],[23.7117,35.2367],[23.6834,35.2258],[23.6691,35.2373],[23.6105,35.2349],[23.5872,35.2395],[23.5803,35.26],[23.553,35.2668],[23.5182,35.2941],[23.5256,35.301],[23.5182,35.3078],[23.553,35.3215],[23.5418,35.3364],[23.5462,35.3562],[23.5386,35.3741],[23.5735,35.4348],[23.5598,35.4518],[23.5776,35.4929],[23.5785,35.5006],[23.5661,35.507],[23.5726,35.5205],[23.5661,35.5275],[23.5812,35.5527],[23.5803,35.5759],[23.6047,35.6126],[23.6082,35.5517],[23.6199,35.5241],[23.6395,35.519],[23.6418,35.507],[23.6594,35.5012],[23.703,35.5029],[23.7184,35.5128],[23.7279,35.5299],[23.7305,35.5542],[23.7127,35.607],[23.7236,35.6169],[23.7112,35.6489],[23.7158,35.6615],[23.7415,35.687],[23.779,35.6715],[23.7678,35.6539],[23.779,35.6094],[23.779,35.5759],[23.7995,35.5446],[23.8171,35.5348],[23.929,35.5207],[23.9442,35.525],[24.0254,35.5207],[24.0447,35.5277],[24.0576,35.5529],[24.0941,35.5542],[24.0818,35.5899],[24.1152,35.6013],[24.1604,35.5971],[24.183,35.5856],[24.2033,35.5418],[24.183,35.5133],[24.1426,35.507],[24.0812,35.515],[24.0669,35.507],[24.072,35.4984],[24.1867,35.4518],[24.2225,35.4612],[24.2525,35.4791],[24.264,35.4332],[24.2655,35.3699],[24.3401,35.3483],[24.4281,35.3697],[24.4641,35.3625],[24.4854,35.3721],[24.5936,35.3912],[24.6769,35.4235],[24.721,35.4272],[24.8202,35.413],[24.8408,35.404],[24.8955,35.4245],[24.9575,35.404],[24.9712,35.4245],[25.0187,35.415],[25.0296,35.4033],[25.0532,35.404],[25.047,35.3804],[25.0553,35.3552],[25.077,35.3445],[25.1971,35.3494],[25.2214,35.3357],[25.307,35.3432],[25.3464,35.3361],[25.3617,35.3432],[25.3685,35.3357],[25.376,35.3432],[25.4253,35.2995],[25.4536,35.2941],[25.4819,35.2974],[25.6599,35.3494],[25.7078,35.3357],[25.7664,35.3357],[25.7477,35.3106],[25.7248,35.2941],[25.7322,35.2879],[25.7261,35.2788],[25.7293,35.2646],[25.739,35.26],[25.7378,35.2774],[25.7428,35.2853],[25.751,35.2841],[25.759,35.2743],[25.7537,35.2675],[25.759,35.26],[25.7533,35.2526],[25.7446,35.2571],[25.7322,35.2463],[25.7351,35.2375],[25.7195,35.2114],[25.7248,35.1911],[25.7127,35.1828],[25.7285,35.1334],[25.7532,35.1331],[25.7953,35.1151],[25.8303,35.1224],[25.8477,35.1506],[25.8831,35.1645],[25.8967,35.1849],[25.9785,35.1955],[26.0332,35.2258],[26.055,35.2271],[26.0606,35.2333],[26.1196,35.2153],[26.1082,35.2054],[26.1297,35.1959],[26.1551,35.1979],[26.1978,35.2191],[26.1909,35.2258],[26.2595,35.2845],[26.294,35.2879],[26.2865,35.301],[26.3008,35.301],[26.294,35.3153],[26.3211,35.3153],[26.3123,35.2969]]]}},{"type":"Feature","properties":{},"geometry":{"type":"Polygon","coordinates":[[[34.3615,35.6083],[34.5925,35.692],[34.5789,35.6784],[34.5728,35.6435],[34.5423,35.6373],[34.4414,35.5836],[34.3523,35.5207],[34.1377,35.4151],[34.0855,35.3699],[34.0589,35.3241],[34.0438,35.3153],[33.9714,35.3213],[33.9517,35.3115],[33.9236,35.2786],[33.9074,35.2429],[33.8999,35.1645],[33.9536,35.1226],[33.9787,35.0875],[34.051,35.033],[34.0734,34.9881],[34.0991,34.9652],[34.0345,34.9725],[34.0116,34.9876],[33.9573,34.9819],[33.9102,34.9702],[33.8745,34.9412],[33.8623,34.9379],[33.8042,34.9726],[33.7604,34.9797],[33.7173,34.9778],[33.6803,34.9663],[33.6467,34.932],[33.6348,34.8977],[33.6326,34.8525],[33.617,34.8453],[33.6056,34.8218],[33.5442,34.815],[33.5132,34.7855],[33.4386,34.7628],[33.4152,34.7584],[33.4002,34.7734],[33.3992,34.7453],[33.3709,34.7309],[33.2966,34.7182],[33.2601,34.7005],[33.1736,34.7051],[33.0864,34.6948],[33.0259,34.6513],[33.0099,34.6249],[33.0091,34.5974],[33.0303,34.5685],[32.9409,34.5685],[32.9447,34.5937],[32.9159,34.6394],[32.9136,34.6567],[32.8343,34.671],[32.7074,34.6454],[32.6658,34.6522],[32.5567,34.6994],[32.4933,34.7073],[32.459,34.7219],[32.4133,34.7535],[32.4024,34.7965],[32.3792,34.8491],[32.3294,34.8864],[32.3228,34.9114],[32.3314,34.9242],[32.3122,34.9503],[32.3059,35.0014],[32.2761,35.0478],[32.2752,35.0911],[32.2866,35.0972],[32.3367,35.0587],[32.3723,35.0415],[32.4138,35.043],[32.45,35.0588],[32.4797,35.083],[32.502,35.1092],[32.5276,35.157],[32.554,35.178],[32.5747,35.1706],[32.6504,35.1881],[32.7454,35.178],[32.8284,35.1486],[32.8652,35.157],[32.8926,35.175],[32.9147,35.2008],[32.9294,35.233],[32.936,35.3366],[32.9204,35.3978],[32.9443,35.3945],[32.9854,35.3746],[33.0698,35.3587],[33.1401,35.3622],[33.4275,35.3289],[33.6603,35.3593],[33.7835,35.4167],[33.8346,35.41],[34.0356,35.4714],[34.0763,35.4943],[34.1312,35.5113],[34.1817,35.5542],[34.3197,35.5862],[34.3615,35.6083]]]}},{"type":"Feature","properties":{},"geometry":{"type":"Polygon","coordinates":[[[15.5593,38.3001],[15.616,38.2802],[15.6516,38.2753],[15.6424,38.2623],[15.6243,38.2617],[15.5697,38.227],[15.5599,38.1998],[15.5759,38.2002],[15.527,38.1368],[15.5003,38.0849],[15.3926,37.9761],[15.2663,37.8119],[15.2412,37.7956],[15.2131,37.7615],[15.2066,37.7477],[15.2202,37.7067],[15.2022,37.6854],[15.1968,37.6551],[15.1638,37.5677],[15.1159,37.5223],[15.0916,37.4775],[15.0921,37.3605],[15.1035,37.3298],[15.18,37.2908],[15.2175,37.285],[15.252,37.2577],[15.2612,37.2338],[15.2449,37.2462],[15.2202,37.2202],[15.2217,37.2375],[15.2158,37.2447],[15.2054,37.2447],[15.1929,37.24],[15.1991,37.2276],[15.1834,37.2075],[15.1947,37.1763],[15.2165,37.1552],[15.2332,37.1649],[15.2476,37.1587],[15.2476,37.1518],[15.2292,37.1496],[15.2318,37.1349],[15.2466,37.1182],[15.3032,37.1012],[15.3079,37.0867],[15.3027,37.0625],[15.2879,37.069],[15.282,37.0609],[15.2837,37.0484],[15.2918,37.042],[15.3211,37.0402],[15.3324,37.0116],[15.3247,37.0085],[15.3089,37.0178],[15.2681,37.0004],[15.2749,36.9936],[15.2638,36.9871],[15.2681,36.9731],[15.2445,36.9721],[15.1747,36.9441],[15.1584,36.9242],[15.1066,36.8086],[15.094,36.7995],[15.1172,36.7471],[15.1343,36.6752],[15.1145,36.6599],[15.0939,36.6549],[15.0736,36.6591],[15.0331,36.6939],[15.0072,36.7028],[14.9978,36.7022],[14.9824,36.6889],[14.9186,36.7199],[14.8822,36.7307],[14.8469,36.7263],[14.7808,36.6994],[14.7734,36.71],[14.7609,36.7062],[14.7443,36.7191],[14.6846,36.726],[14.6589,36.7538],[14.5822,36.7813],[14.5659,36.7783],[14.4873,36.7934],[14.3945,36.945],[14.3699,36.9731],[14.2788,37.044],[14.2085,37.0811],[14.1263,37.1123],[14.0886,37.1177],[13.9763,37.1103],[13.9385,37.0959],[13.8944,37.1008],[13.8327,37.1396],[13.7158,37.1714],[13.5692,37.2735],[13.4526,37.2988],[13.3113,37.3808],[13.278,37.3937],[13.2533,37.4318],[13.1892,37.4697],[13.1741,37.487],[13.0515,37.5007],[13.0264,37.4932],[13.0104,37.5069],[13.0,37.5355],[12.9741,37.5574],[12.9426,37.5685],[12.8622,37.5764],[12.7809,37.5742],[12.6978,37.5627],[12.6594,37.5651],[12.6362,37.5822],[12.5778,37.652],[12.5062,37.6655],[12.4744,37.7029],[12.4563,37.7598],[12.427,37.797],[12.4274,37.8093],[12.465,37.8228],[12.4787,37.8812],[12.4641,37.9129],[12.4905,37.954],[12.5029,37.9971],[12.5042,38.0112],[12.4929,38.0214],[12.5234,38.0314],[12.5763,38.0717],[12.6084,38.0624],[12.6516,38.0915],[12.6624,38.1163],[12.7046,38.1108],[12.7254,38.1259],[12.7199,38.1755],[12.7318,38.1928],[12.7378,38.181],[12.7609,38.181],[12.7908,38.1171],[12.8184,38.0779],[12.9011,38.0281],[12.9442,38.0329],[13.0274,38.0624],[13.0614,38.0835],[13.0713,38.0955],[13.0662,38.123],[13.0547,38.1418],[13.0894,38.166],[13.0838,38.1747],[13.1009,38.1901],[13.1125,38.1928],[13.157,38.1797],[13.2072,38.1761],[13.2303,38.1846],[13.239,38.207],[13.2544,38.2025],[13.3181,38.2206],[13.3284,38.2002],[13.3719,38.1728],[13.3733,38.1407],[13.3914,38.1032],[13.5135,38.1105],[13.5413,38.0941],[13.5393,38.0768],[13.5474,38.0562],[13.6511,38.001],[13.7119,37.9879],[13.7051,37.9805],[13.7908,37.9736],[13.8983,38.0045],[13.9385,38.0289],[14.0072,38.0383],[14.0205,38.0494],[14.0833,38.0238],[14.1063,38.0214],[14.1514,38.0289],[14.2732,38.0151],[14.3312,38.018],[14.3846,38.0295],[14.4319,38.0494],[14.4641,38.0372],[14.5117,38.0444],[14.6346,38.0815],[14.6677,38.0992],[14.7337,38.1576],[14.7981,38.1603],[14.9071,38.1877],[14.945,38.1818],[14.9697,38.1592],[15.049,38.1518],[15.0687,38.1313],[15.0879,38.1282],[15.1774,38.1563],[15.2033,38.1833],[15.2407,38.2412],[15.2372,38.2648],[15.2432,38.2648],[15.2463,38.2543],[15.2407,38.2303],[15.2454,38.2172],[15.2576,38.2102],[15.2918,38.207],[15.3997,38.2326],[15.4729,38.2678],[15.5129,38.2976],[15.5287,38.3026],[15.5593,38.3001]]]}},{"type":"Feature","properties":{},"geometry":{"type":"Polygon","coordinates":[[[9.6968,40.0],[9.6873,39.9612],[9.6966,39.9338],[9.7097,39.9403],[9.7178,39.9338],[9.7145,39.9245],[9.6966,39.9195],[9.6843,39.8942],[9.6898,39.8717],[9.6831,39.8717],[9.6831,39.8655],[9.6966,39.8581],[9.6966,39.8519],[9.6843,39.8399],[9.6703,39.7938],[9.6763,39.7181],[9.6511,39.6525],[9.653,39.5668],[9.6284,39.5018],[9.6449,39.484],[9.639,39.4525],[9.6141,39.3994],[9.6004,39.341],[9.6035,39.3262],[9.6346,39.3032],[9.6346,39.2969],[9.6073,39.289],[9.5819,39.2663],[9.5676,39.2381],[9.5733,39.2138],[9.5656,39.2051],[9.5799,39.1871],[9.5578,39.1397],[9.5227,39.1249],[9.5186,39.1046],[9.5071,39.1114],[9.5119,39.1244],[9.4963,39.1336],[9.4807,39.1356],[9.4429,39.1244],[9.438,39.1334],[9.4087,39.1461],[9.3451,39.1964],[9.2922,39.2213],[9.2853,39.2138],[9.2525,39.2252],[9.2163,39.228],[9.1974,39.2211],[9.166,39.1871],[9.1369,39.1943],[9.073,39.2485],[9.0637,39.2431],[9.0387,39.2622],[9.0139,39.2639],[9.0257,39.256],[9.021,39.2404],[9.0379,39.2271],[9.075,39.2299],[9.0798,39.2246],[9.0789,39.2123],[9.0386,39.179],[9.0183,39.1461],[9.0187,39.1039],[9.0449,39.0513],[9.0293,39.0303],[9.0183,38.9953],[9.0257,38.9953],[9.0151,38.9897],[9.0046,38.9953],[8.9963,38.9828],[8.8947,38.9023],[8.8775,38.8991],[8.8533,38.878],[8.8054,38.906],[8.8054,38.8854],[8.791,38.9044],[8.7666,38.9204],[8.7166,38.9326],[8.6688,38.9106],[8.6516,38.8915],[8.6551,38.8712],[8.641,38.8643],[8.6348,38.8712],[8.6428,38.89],[8.5999,38.8991],[8.615,38.923],[8.6155,38.9476],[8.6033,38.9649],[8.5801,38.9605],[8.5596,39.0567],[8.5443,39.0513],[8.5044,39.0629],[8.5181,39.0834],[8.5044,39.0909],[8.4828,39.0804],[8.4651,39.1195],[8.4543,39.1249],[8.4422,39.1182],[8.4354,39.166],[8.4188,39.1773],[8.4126,39.1757],[8.4157,39.166],[8.4095,39.1693],[8.3987,39.2012],[8.3801,39.2076],[8.3728,39.2221],[8.3767,39.2379],[8.4264,39.2833],[8.4321,39.3018],[8.4157,39.3237],[8.4172,39.339],[8.3821,39.3597],[8.374,39.3789],[8.4014,39.4124],[8.405,39.4272],[8.3869,39.4698],[8.4353,39.5252],[8.4634,39.5768],[8.4559,39.5844],[8.4639,39.5979],[8.4622,39.6171],[8.4422,39.7147],[8.4461,39.7625],[8.4686,39.755],[8.5169,39.7021],[8.5383,39.696],[8.5658,39.7011],[8.5145,39.7137],[8.5044,39.7215],[8.5068,39.7385],[8.5453,39.7829],[8.5386,39.7829],[8.5305,39.7704],[8.5181,39.7625],[8.5488,39.8072],[8.5536,39.864],[8.5234,39.8989],[8.4942,39.9124],[8.4631,39.9141],[8.4354,39.899],[8.4422,39.8928],[8.4456,39.8981],[8.4634,39.899],[8.4447,39.8836],[8.4354,39.8581],[8.4287,39.8655],[8.4375,39.8768],[8.3945,39.9127],[8.4014,39.94],[8.3936,39.9769],[8.401,40.0],[9.6968,40.0]]]}},{"type":"Feature","properties":{},"geometry":{"type":"Polygon","coordinates":[[[-0.0048,0.0048],[0.0043,0.0048],[0.0043,-0.0044],[-0.0048,-0.0044],[-0.0048,0.0048]]]}},{"type":"Feature","properties":{},"geometry":{"type":"Polygon","coordinates":[[[55.021,24.9786],[55.0059,24.9699],[54.9928,24.966],[54.9882,24.971],[54.9787,24.9708],[54.9849,24.9692],[54.9844,24.9681],[54.9771,24.9697],[54.9701,24.9723],[54.9618,24.9775],[54.9779,24.9701],[54.9613,24.9835],[54.9588,24.9738],[54.9579,25.0021],[54.9714,25.0244],[54.9915,25.0292],[54.9668,25.0141],[54.9619,24.9867],[54.9963,24.9683],[55.0077,24.9735],[54.9955,24.9949],[54.991,24.98],[54.9932,24.9959],[54.9839,24.9817],[54.9916,24.9976],[54.9787,24.9833],[54.9909,24.9998],[54.9745,24.9866],[54.9896,25.0018],[54.9702,24.9913],[54.9887,25.0026],[54.9695,24.9969],[54.9876,25.0048],[54.9715,25.005],[54.9867,25.0076],[54.9756,25.0121],[54.9856,25.011],[54.9792,25.0157],[54.9862,25.013],[54.9873,25.0196],[54.9874,25.0121],[54.9936,25.0207],[54.9896,25.01],[55.0007,25.0203],[54.9918,25.0076],[55.0026,25.0163],[55.0092,25.0174],[54.9981,25.0121],[54.9929,25.0051],[55.0046,25.0125],[55.014,25.013],[54.9938,25.0036],[55.0046,25.0077],[55.017,25.0067],[54.9953,25.0019],[55.0081,25.0037],[55.0171,25.002],[54.9963,24.9999],[55.0098,24.9997],[55.0161,24.9967],[54.9974,24.9979],[55.0059,24.9965],[55.0134,24.9922],[54.9969,24.9953],[55.0108,24.9734],[55.0182,24.9784],[55.0238,25.0147],[54.9946,25.0298],[55.0147,25.0265],[55.0364,25.0116],[55.0262,25.0156],[55.03,24.9962],[55.0301,25.011],[55.0316,25.0116],[55.0312,24.9985],[55.021,24.9786]]]}},{"type":"Feature","properties":{},"geometry":{"type":"Polygon","coordinates":[[[55.3605,-4.6613],[55.3738,-4.6664],[55.3729,-4.6679],[55.3605,-4.6613]]]}},{"type":"Feature","properties":{},"geometry":{"type":"Polygon","coordinates":[[[55.4012,-4.6695],[55.4068,-4.675],[55.4054,-4.6799],[55.3975,-4.6734],[55.4012,-4.6695]]]}},{"type":"Feature","properties":{},"geometry":{"type":"Polygon","coordinates":[[[55.5041,-4.6297],[55.5058,-4.6396],[55.492,-4.6343],[55.4937,-4.628],[55.5041,-4.6297]]]}},{"type":"Feature","properties":{},"geometry":{"type":"Polygon","coordinates":[[[55.5057,-4.6217],[55.5115,-4.6248],[55.5111,-4.6296],[55.5051,-4.6262],[55.5057,-4.6217]]]}},{"type":"Feature","properties":{},"geometry":{"type":"Polygon","coordinates":[[[55.4968,-4.603],[55.5144,-4.6006],[55.4968,-4.6147],[55.4968,-4.603]]]}},{"type":"Feature","properties":{},"geometry":{"type":"Polygon","coordinates":[[[55.7121,-4.2804],[55.7221,-4.2768],[55.743,-4.2783],[55.7322,-4.2832],[55.7329,-4.2925],[55.7207,-4.2883],[55.7121,-4.2804]]]}},{"type":"Feature","properties":{},"geometry":{"type":"Polygon","coordinates":[[[55.6664,-4.3293],[55.6656,-4.3341],[55.6604,-4.3348],[55.66,-4.3304],[55.6664,-4.3293]]]}},{"type":"Feature","properties":{},"geometry":{"type":"Polygon","coordinates":[[[55.6489,-4.3486],[55.6511,-4.3534],[55.6437,-4.3494],[55.6489,-4.3486]]]}},{"type":"Feature","properties":{},"geometry":{"type":"Polygon","coordinates":[[[55.6604,-4.2103],[55.6753,-4.2121],[55.6593,-4.2129],[55.6604,-4.2103]]]}},{"type":"Feature","properties":{},"geometry":{"type":"Polygon","coordinates":[[[55.8441,-4.3427],[55.8571,-4.365],[55.8415,-4.3828],[55.8255,-4.372],[55.8233,-4.3598],[55.8318,-4.3375],[55.8441,-4.3427]]]}},{"type":"Feature","properties":{},"geometry":{"type":"Polygon","coordinates":[[[55.8735,-4.3185],[55.8831,-4.3289],[55.8846,-4.3367],[55.8787,-4.3382],[55.8668,-4.3233],[55.8735,-4.3185]]]}},{"type":"Feature","properties":{},"geometry":{"type":"Polygon","coordinates":[[[55.8698,-4.2835],[55.8709,-4.2899],[55.8738,-4.2962],[55.8664,-4.2887],[55.8698,-4.2835]]]}},{"type":"Feature","properties":{},"geometry":{"type":"Polygon","coordinates":[[[55.92,-4.3341],[55.9237,-4.343],[55.9226,-4.3497],[55.9177,-4.3404],[55.92,-4.3341]]]}},{"type":"Feature","properties":{},"geometry":{"type":"Polygon","coordinates":[[[55.9444,-4.5799],[55.9501,-4.591],[55.9391,-4.5923],[55.9325,-4.5824],[55.9444,-4.5799]]]}},{"type":"Feature","properties":{},"geometry":{"type":"Polygon","coordinates":[[[-24.5695,16.62],[-24.5753,16.6055],[-24.6013,16.6098],[-24.6042,16.6214],[-24.5695,16.62]]]}},{"type":"Feature","properties":{},"geometry":{"type":"Polygon","coordinates":[[[-24.7489,16.7936],[-24.7258,16.7574],[-24.707,16.7531],[-24.6954,16.7603],[-24.6838,16.756],[-24.6852,16.7429],[-24.7026,16.7357],[-24.7402,16.7343],[-24.7547,16.7545],[-24.788,16.7748],[-24.788,16.7892],[-24.7735,16.8023],[-24.7489,16.7936]]]}},{"type":"Feature","properties":{},"geometry":{"type":"Polygon","coordinates":[[[50.3977,26.1747],[50.4192,26.1661],[50.4235,26.12],[50.3859,26.1232],[50.3805,26.1393],[50.3827,26.1597],[50.3977,26.1747]]]}},{"type":"Feature","properties":{},"geometry":{"type":"Polygon","coordinates":[[[50.6328,26.2874],[50.6553,26.2767],[50.6564,26.2466],[50.6714,26.2273],[50.6843,26.222],[50.6736,26.2026],[50.6575,26.2112],[50.6478,26.2391],[50.6124,26.2413],[50.5995,26.2628],[50.6017,26.2789],[50.6328,26.2874]]]}},{"type":"Feature","properties":{},"geometry":{"type":"Polygon","coordinates":[[[50.7743,25.7216],[50.8009,25.7311],[50.7984,25.716],[50.7832,25.697],[50.7958,25.6849],[50.792,25.6799],[50.78,25.6824],[50.7623,25.6679],[50.7762,25.6387],[50.7655,25.6299],[50.7642,25.6217],[50.7743,25.6122],[50.7566,25.5799],[50.7376,25.5957],[50.749,25.621],[50.7484,25.6444],[50.7395,25.6533],[50.7414,25.6742],[50.7553,25.702],[50.7743,25.7216]]]}},{"type":"Feature","properties":{},"geometry":{"type":"Polygon","coordinates":[[[50.7756,25.7527],[50.7901,25.7552],[50.7914,25.7489],[50.7806,25.7451],[50.7756,25.7527]]]}},{"type":"Feature","properties":{},"geometry":{"type":"Polygon","coordinates":[[[50.8199,25.6786],[50.8167,25.6691],[50.8085,25.6641],[50.8047,25.6792],[50.8199,25.6786]]]}},{"type":"Feature","properties":{},"geometry":{"type":"Polygon","coordinates":[[[50.7996,25.6514],[50.8167,25.6444],[50.8116,25.6318],[50.7908,25.6305],[50.7851,25.6482],[50.7996,25.6514]]]}},{"type":"Feature","properties":{},"geometry":{"type":"Polygon","coordinates":[[[59.4968,-16.817],[59.4983,-16.8193],[59.492,-16.8209],[59.4968,-16.817]]]}},{"type":"Feature","properties":{},"geometry":{"type":"Polygon","coordinates":[[[59.5089,-16.8147],[59.511,-16.817],[59.5075,-16.8178],[59.5089,-16.8147]]]}},{"type":"Feature","properties":{},"geometry":{"type":"Polygon","coordinates":[[[59.6962,-16.6002],[59.6958,-16.603],[59.6943,-16.6011],[59.6962,-16.6002]]]}},{"type":"Feature","properties":{},"geometry":{"type":"Polygon","coordinates":[[[59.613,-16.4238],[59.6159,-16.4257],[59.6135,-16.4259],[59.613,-16.4238]]]}},{"type":"Feature","properties":{},"geometry":{"type":"Polygon","coordinates":[[[51.197,-10.1031],[51.1877,-10.1261],[51.1924,-10.101],[51.197,-10.1031]]]}},{"type":"Feature","properties":{},"geometry":{"type":"Polygon","coordinates":[[[51.1818,-10.0913],[51.1839,-10.0895],[51.1898,-10.0975],[51.1818,-10.0913]]]}},{"type":"Feature","properties":{},"geometry":{"type":"Polygon","coordinates":[[[51.1807,-10.0922],[51.1734,-10.0955],[51.1769,-10.0876],[51.1807,-10.0922]]]}},{"type":"Feature","properties":{},"geometry":{"type":"Polygon","coordinates":[[[39.6124,-9.059],[39.6184,-9.0768],[39.6076,-9.0945],[39.562,-9.0507],[39.5608,-9.0341],[39.6124,-9.059]]]}},{"type":"Feature","properties":{},"geometry":{"type":"Polygon","coordinates":[[[39.4895,-8.5072],[39.5252,-8.5284],[39.5276,-8.5426],[39.5085,-8.5391],[39.4942,-8.5261],[39.4895,-8.5072]]]}},{"type":"Feature","properties":{},"geometry":{"type":"Polygon","coordinates":[[[43.4601,11.4708],[43.4732,11.4571],[43.4575,11.439],[43.447,11.4564],[43.4601,11.4708]]]}},{"type":"Feature","properties":{},"geometry":{"type":"Polygon","coordinates":[[[43.3688,11.5329],[43.3622,11.4746],[43.3347,11.4621],[43.3557,11.4845],[43.3646,11.5282],[43.3688,11.5329]]]}},{"type":"Feature","properties":{},"geometry":{"type":"Polygon","coordinates":[[[43.1838,11.7295],[43.1999,11.7228],[43.1965,11.7125],[43.1785,11.7248],[43.1838,11.7295]]]}},{"type":"Feature","properties":{},"geometry":{"type":"Polygon","coordinates":[[[43.4326,12.4741],[43.4351,12.4678],[43.4274,12.476],[43.4326,12.4741]]]}},{"type":"Feature","properties":{},"geometry":{"type":"Polygon","coordinates":[[[42.9312,12.8456],[42.9499,12.8306],[42.9517,12.8225],[42.9338,12.8325],[42.9312,12.8456]]]}},{"type":"Feature","properties":{},"geometry":{"type":"Polygon","coordinates":[[[42.9443,12.9058],[42.9603,12.8712],[42.9429,12.8823],[42.9347,12.9027],[42.9443,12.9058]]]}},{"type":"Feature","properties":{},"geometry":{"type":"Polygon","coordinates":[[[42.9335,12.9247],[42.9143,12.9242],[42.9067,12.9179],[42.8919,12.9544],[42.898,12.9597],[42.9116,12.9515],[42.9123,12.9641],[42.9615,12.9381],[42.9631,12.9303],[42.9544,12.928],[42.9522,12.9125],[42.945,12.9086],[42.9335,12.9247]]]}},{"type":"Feature","properties":{},"geometry":{"type":"Polygon","coordinates":[[[42.8515,13.0386],[42.8783,13.0113],[42.8745,13.005],[42.8457,13.0143],[42.8378,13.0212],[42.8401,13.0337],[42.8539,13.0435],[42.8737,13.0429],[42.8769,13.0372],[42.8515,13.0386]]]}},{"type":"Feature","properties":{},"geometry":{"type":"Polygon","coordinates":[[[40.3459,15.014],[40.299,14.9778],[40.2702,14.9767],[40.2662,14.9816],[40.2969,15.0555],[40.3345,15.0469],[40.3459,15.014]]]}},{"type":"Feature","properties":{},"geometry":{"type":"Polygon","coordinates":[[[42.1886,15.0734],[42.1924,15.045],[42.1787,15.0338],[42.1587,15.065],[42.1787,15.0823],[42.1886,15.0734]]]}},{"type":"Feature","properties":{},"geometry":{"type":"Polygon","coordinates":[[[40.2593,15.1092],[40.2311,15.122],[40.2279,15.1474],[40.2341,15.1714],[40.2809,15.1977],[40.2972,15.1984],[40.2792,15.1657],[40.2636,15.1567],[40.2755,15.1442],[40.28,15.1187],[40.2593,15.1092]]]}},{"type":"Feature","properties":{},"geometry":{"type":"Polygon","coordinates":[[[42.4331,15.7241],[42.4799,15.7165],[42.4796,15.7086],[42.4714,15.7018],[42.4081,15.7093],[42.3873,15.7062],[42.3795,15.7099],[42.3771,15.7425],[42.3884,15.7485],[42.4331,15.7241]]]}},{"type":"Feature","properties":{},"geometry":{"type":"Polygon","coordinates":[[[41.7197,16.9393],[41.7236,16.921],[41.7006,16.9032],[41.6737,16.8996],[41.6502,16.9234],[41.6809,16.9655],[41.6948,16.9632],[41.7197,16.9393]]]}},{"type":"Feature","properties":{},"geometry":{"type":"Polygon","coordinates":[[[-16.5194,19.9371],[-16.517,19.9125],[-16.5388,19.9079],[-16.5394,19.9309],[-16.5194,19.9371]]]}},{"type":"Feature","properties":{},"geometry":{"type":"Polygon","coordinates":[[[36.6573,22.2637],[36.6599,22.2443],[36.6581,22.2549],[36.631,22.2521],[36.6375,22.2769],[36.6489,22.2814],[36.6517,22.2779],[36.6443,22.2732],[36.6573,22.2637]]]}},{"type":"Feature","properties":{},"geometry":{"type":"Polygon","coordinates":[[[36.1943,22.6853],[36.2068,22.6599],[36.2009,22.6517],[36.17,22.6838],[36.1943,22.6853]]]}},{"type":"Feature","properties":{},"geometry":{"type":"Polygon","coordinates":[[[36.0617,22.7554],[36.0667,22.7281],[36.0616,22.73],[36.0557,22.7433],[36.0433,22.7319],[36.047,22.7261],[36.0421,22.7209],[36.0383,22.7372],[36.0663,22.7669],[36.0617,22.7554]]]}},{"type":"Feature","properties":{},"geometry":{"type":"Polygon","coordinates":[[[36.2219,22.7927],[36.2502,22.7895],[36.2066,22.7843],[36.1968,22.7909],[36.2179,22.7934],[36.214,22.8136],[36.2238,22.8026],[36.2219,22.7927]]]}},{"type":"Feature","properties":{},"geometry":{"type":"Polygon","coordinates":[[[35.6979,23.2204],[35.7192,23.1918],[35.6991,23.2017],[35.6738,23.2248],[35.6635,23.2261],[35.6608,23.221],[35.6365,23.2279],[35.6252,23.2263],[35.6088,23.2115],[35.6008,23.2162],[35.6193,23.2021],[35.6147,23.2027],[35.5897,23.211],[35.5822,23.2266],[35.6482,23.2367],[35.6768,23.2304],[35.6915,23.2379],[35.7041,23.221],[35.6979,23.2204]]]}},{"type":"Feature","properties":{},"geometry":{"type":"Polygon","coordinates":[[[36.1903,23.5929],[36.1841,23.6241],[36.2064,23.6146],[36.2046,23.6015],[36.1903,23.5929]]]}},{"type":"Feature","properties":{},"geometry":{"type":"Polygon","coordinates":[[[37.0853,24.9821],[37.1158,24.9561],[37.1121,24.9446],[37.0834,24.9552],[37.0691,24.9533],[37.0747,24.9832],[37.0853,24.9821]]]}},{"type":"Feature","properties":{},"geometry":{"type":"Polygon","coordinates":[[[55.0433,25.0299],[55.0464,25.0269],[55.0629,25.0425],[55.0659,25.0346],[55.0466,25.0233],[55.0419,25.0294],[55.0511,25.0354],[55.0433,25.0299]]]}},{"type":"Feature","properties":{},"geometry":{"type":"Polygon","coordinates":[[[55.1493,25.0942],[55.1441,25.0908],[55.1495,25.0961],[55.1493,25.0942]]]}},{"type":"Feature","properties":{},"geometry":{"type":"Polygon","coordinates":[[[55.1227,25.0961],[55.1272,25.0939],[55.1425,25.0932],[55.1277,25.0914],[55.1227,25.0961]]]}},{"type":"Feature","properties":{},"geometry":{"type":"Polygon","coordinates":[[[55.1616,25.1111],[55.1607,25.1062],[55.1579,25.1056],[55.1616,25.1111]]]}},{"type":"Feature","properties":{},"geometry":{"type":"Polygon","coordinates":[[[55.1546,25.0965],[55.1409,25.1035],[55.1406,25.1106],[55.139,25.0985],[55.1388,25.1108],[55.1351,25.0976],[55.1379,25.1116],[55.1305,25.0972],[55.1367,25.1127],[55.126,25.0982],[55.1358,25.1135],[55.1218,25.1021],[55.1344,25.1143],[55.1207,25.1084],[55.1326,25.1152],[55.1224,25.1142],[55.131,25.1166],[55.1263,25.1212],[55.1302,25.1239],[55.1322,25.1186],[55.1334,25.1263],[55.1341,25.1168],[55.1352,25.1227],[55.1392,25.1288],[55.1402,25.1277],[55.1361,25.1216],[55.1358,25.1156],[55.1405,25.1246],[55.1463,25.1286],[55.1383,25.1195],[55.1369,25.1147],[55.1413,25.1207],[55.1514,25.1262],[55.1379,25.1141],[55.1463,25.1204],[55.1532,25.1223],[55.1392,25.1129],[55.1536,25.1183],[55.1535,25.1168],[55.1453,25.1151],[55.1403,25.1118],[55.1457,25.1143],[55.1532,25.1145],[55.1419,25.111],[55.1552,25.1075],[55.1546,25.0965]]]}},{"type":"Feature","properties":{},"geometry":{"type":"Polygon","coordinates":[[[55.1555,25.1304],[55.1602,25.1234],[55.1607,25.1162],[55.1604,25.1133],[55.1594,25.1123],[55.1555,25.1304]]]}},{"type":"Feature","properties":{},"geometry":{"type":"Polygon","coordinates":[[[55.1181,25.0965],[55.1142,25.113],[55.1213,25.1256],[55.1364,25.1348],[55.154,25.1318],[55.1386,25.1327],[55.1256,25.1258],[55.1165,25.1117],[55.1181,25.0965]]]}},{"type":"Feature","properties":{},"geometry":{"type":"Polygon","coordinates":[[[52.8849,25.1505],[52.8867,25.1345],[52.8749,25.1413],[52.8738,25.1601],[52.8849,25.1505]]]}},{"type":"Feature","properties":{},"geometry":{"type":"Polygon","coordinates":[[[55.1693,25.1791],[55.156,25.1785],[55.1517,25.1789],[55.1429,25.1828],[55.1401,25.1878],[55.1538,25.179],[55.1689,25.1795],[55.1734,25.1856],[55.1693,25.1791]]]}},{"type":"Feature","properties":{},"geometry":{"type":"Polygon","coordinates":[[[55.1774,25.1898],[55.1786,25.1907],[55.1796,25.1899],[55.1774,25.1898]]]}},{"type":"Feature","properties":{},"geometry":{"type":"Polygon","coordinates":[[[55.1887,25.1872],[55.1747,25.182],[55.1926,25.1907],[55.1887,25.1872]]]}},{"type":"Feature","properties":{},"geometry":{"type":"Polygon","coordinates":[[[55.187,25.1892],[55.1847,25.1903],[55.187,25.1905],[55.187,25.1892]]]}},{"type":"Feature","properties":{},"geometry":{"type":"Polygon","coordinates":[[[55.1796,25.1908],[55.1786,25.1917],[55.1799,25.1915],[55.1796,25.1908]]]}},{"type":"Feature","properties":{},"geometry":{"type":"Polygon","coordinates":[[[55.1766,25.1904],[55.1751,25.1913],[55.1767,25.1916],[55.1766,25.1904]]]}},{"type":"Feature","properties":{},"geometry":{"type":"Polygon","coordinates":[[[55.175,25.1931],[55.1747,25.192],[55.1738,25.1931],[55.175,25.1931]]]}},{"type":"Feature","properties":{},"geometry":{"type":"Polygon","coordinates":[[[55.1822,25.1872],[55.183,25.1936],[55.186,25.1929],[55.1866,25.1916],[55.1822,25.1872]]]}},{"type":"Feature","properties":{},"geometry":{"type":"Polygon","coordinates":[[[55.1777,25.1934],[55.1762,25.1929],[55.1769,25.1938],[55.1777,25.1934]]]}},{"type":"Feature","properties":{},"geometry":{"type":"Polygon","coordinates":[[[55.1799,25.1924],[55.1794,25.1937],[55.181,25.1937],[55.1799,25.1924]]]}},{"type":"Feature","properties":{},"geometry":{"type":"Polygon","coordinates":[[[55.1732,25.1949],[55.1725,25.1938],[55.1716,25.1949],[55.1732,25.1949]]]}},{"type":"Feature","properties":{},"geometry":{"type":"Polygon","coordinates":[[[55.1576,25.1949],[55.1558,25.1957],[55.1577,25.1961],[55.1576,25.1949]]]}},{"type":"Feature","properties":{},"geometry":{"type":"Polygon","coordinates":[[[55.1756,25.1952],[55.1735,25.1957],[55.1736,25.1962],[55.1756,25.1952]]]}},{"type":"Feature","properties":{},"geometry":{"type":"Polygon","coordinates":[[[55.159,25.1954],[55.1601,25.1963],[55.1608,25.1955],[55.159,25.1954]]]}},{"type":"Feature","properties":{},"geometry":{"type":"Polygon","coordinates":[[[55.1538,25.1959],[55.1507,25.1962],[55.1507,25.1965],[55.1538,25.1959]]]}},{"type":"Feature","properties":{},"geometry":{"type":"Polygon","coordinates":[[[55.1705,25.196],[55.1688,25.196],[55.17,25.197],[55.1705,25.196]]]}},{"type":"Feature","properties":{},"geometry":{"type":"Polygon","coordinates":[[[55.1762,25.197],[55.1748,25.1968],[55.1753,25.1973],[55.1762,25.197]]]}},{"type":"Feature","properties":{},"geometry":{"type":"Polygon","coordinates":[[[55.1506,25.1966],[55.1478,25.197],[55.1476,25.1976],[55.1506,25.1966]]]}},{"type":"Feature","properties":{},"geometry":{"type":"Polygon","coordinates":[[[55.1681,25.1971],[55.1659,25.1971],[55.1677,25.198],[55.1681,25.1971]]]}},{"type":"Feature","properties":{},"geometry":{"type":"Polygon","coordinates":[[[55.1739,25.1974],[55.172,25.1985],[55.174,25.1984],[55.1739,25.1974]]]}},{"type":"Feature","properties":{},"geometry":{"type":"Polygon","coordinates":[[[55.1537,25.197],[55.1524,25.1988],[55.1547,25.1967],[55.1537,25.197]]]}},{"type":"Feature","properties":{},"geometry":{"type":"Polygon","coordinates":[[[55.1511,25.1984],[55.1504,25.1982],[55.1507,25.199],[55.1511,25.1984]]]}},{"type":"Feature","properties":{},"geometry":{"type":"Polygon","coordinates":[[[55.1567,25.1989],[55.1553,25.1983],[55.1551,25.1992],[55.1567,25.1989]]]}},{"type":"Feature","properties":{},"geometry":{"type":"Polygon","coordinates":[[[55.1702,25.1994],[55.1683,25.1987],[55.1683,25.1994],[55.1702,25.1994]]]}},{"type":"Feature","properties":{},"geometry":{"type":"Polygon","coordinates":[[[55.1473,25.2002],[55.1457,25.1995],[55.1459,25.2001],[55.1473,25.2002]]]}},{"type":"Feature","properties":{},"geometry":{"type":"Polygon","coordinates":[[[55.1727,25.1998],[55.1712,25.2002],[55.1725,25.2003],[55.1727,25.1998]]]}},{"type":"Feature","properties":{},"geometry":{"type":"Polygon","coordinates":[[[55.1754,25.1999],[55.1747,25.1988],[55.1747,25.2005],[55.1754,25.1999]]]}},{"type":"Feature","properties":{},"geometry":{"type":"Polygon","coordinates":[[[55.1496,25.1988],[55.1487,25.1997],[55.1504,25.2008],[55.1496,25.1988]]]}},{"type":"Feature","properties":{},"geometry":{"type":"Polygon","coordinates":[[[55.1667,25.1993],[55.1643,25.1996],[55.1659,25.2008],[55.1667,25.1993]]]}},{"type":"Feature","properties":{},"geometry":{"type":"Polygon","coordinates":[[[55.1516,25.2002],[55.1532,25.2013],[55.1536,25.2002],[55.1516,25.2002]]]}},{"type":"Feature","properties":{},"geometry":{"type":"Polygon","coordinates":[[[55.164,25.2007],[55.1627,25.2006],[55.1637,25.2014],[55.164,25.2007]]]}},{"type":"Feature","properties":{},"geometry":{"type":"Polygon","coordinates":[[[55.1688,25.2014],[55.1669,25.2005],[55.1672,25.2016],[55.1688,25.2014]]]}},{"type":"Feature","properties":{},"geometry":{"type":"Polygon","coordinates":[[[55.1572,25.201],[55.1544,25.2012],[55.1546,25.2021],[55.1572,25.201]]]}},{"type":"Feature","properties":{},"geometry":{"type":"Polygon","coordinates":[[[55.1487,25.2013],[55.1473,25.2011],[55.1476,25.2023],[55.1487,25.2013]]]}},{"type":"Feature","properties":{},"geometry":{"type":"Polygon","coordinates":[[[55.1658,25.2017],[55.1649,25.2021],[55.1662,25.2025],[55.1658,25.2017]]]}},{"type":"Feature","properties":{},"geometry":{"type":"Polygon","coordinates":[[[55.172,25.2018],[55.1698,25.2021],[55.1716,25.2027],[55.172,25.2018]]]}},{"type":"Feature","properties":{},"geometry":{"type":"Polygon","coordinates":[[[55.1511,25.2032],[55.1498,25.2024],[55.1502,25.2034],[55.1511,25.2032]]]}},{"type":"Feature","properties":{},"geometry":{"type":"Polygon","coordinates":[[[55.1739,25.2029],[55.1724,25.2026],[55.1724,25.2036],[55.1739,25.2029]]]}},{"type":"Feature","properties":{},"geometry":{"type":"Polygon","coordinates":[[[55.1532,25.2037],[55.1522,25.2029],[55.152,25.2037],[55.1532,25.2037]]]}},{"type":"Feature","properties":{},"geometry":{"type":"Polygon","coordinates":[[[55.1592,25.2035],[55.1577,25.2024],[55.1585,25.2043],[55.1592,25.2035]]]}},{"type":"Feature","properties":{},"geometry":{"type":"Polygon","coordinates":[[[55.1544,25.2034],[55.1555,25.204],[55.1556,25.2034],[55.1544,25.2034]]]}},{"type":"Feature","properties":{},"geometry":{"type":"Polygon","coordinates":[[[55.1476,25.2038],[55.1458,25.2043],[55.1473,25.2049],[55.1476,25.2038]]]}},{"type":"Feature","properties":{},"geometry":{"type":"Polygon","coordinates":[[[55.1493,25.2033],[55.1491,25.205],[55.1504,25.2049],[55.1493,25.2033]]]}},{"type":"Feature","properties":{},"geometry":{"type":"Polygon","coordinates":[[[55.1589,25.2049],[55.1572,25.2056],[55.1593,25.2058],[55.1589,25.2049]]]}},{"type":"Feature","properties":{},"geometry":{"type":"Polygon","coordinates":[[[55.1561,25.2059],[55.1552,25.2047],[55.1556,25.2062],[55.1561,25.2059]]]}},{"type":"Feature","properties":{},"geometry":{"type":"Polygon","coordinates":[[[55.147,25.2072],[55.1456,25.2063],[55.1452,25.207],[55.147,25.2072]]]}},{"type":"Feature","properties":{},"geometry":{"type":"Polygon","coordinates":[[[55.1541,25.2062],[55.1527,25.2073],[55.1541,25.2074],[55.1541,25.2062]]]}},{"type":"Feature","properties":{},"geometry":{"type":"Polygon","coordinates":[[[55.1506,25.2072],[55.1491,25.2063],[55.1483,25.208],[55.1506,25.2072]]]}},{"type":"Feature","properties":{},"geometry":{"type":"Polygon","coordinates":[[[55.1593,25.2071],[55.1581,25.2082],[55.1602,25.2078],[55.1593,25.2071]]]}},{"type":"Feature","properties":{},"geometry":{"type":"Polygon","coordinates":[[[55.1757,25.2069],[55.1743,25.2077],[55.1756,25.2082],[55.1757,25.2069]]]}},{"type":"Feature","properties":{},"geometry":{"type":"Polygon","coordinates":[[[55.1572,25.2081],[55.1547,25.2085],[55.155,25.209],[55.1572,25.2081]]]}},{"type":"Feature","properties":{},"geometry":{"type":"Polygon","coordinates":[[[55.1864,25.2072],[55.1822,25.2078],[55.1831,25.2094],[55.1864,25.2072]]]}},{"type":"Feature","properties":{},"geometry":{"type":"Polygon","coordinates":[[[55.1529,25.2088],[55.151,25.209],[55.153,25.2092],[55.1529,25.2088]]]}},{"type":"Feature","properties":{},"geometry":{"type":"Polygon","coordinates":[[[55.1816,25.2092],[55.1796,25.2085],[55.1789,25.2088],[55.1816,25.2092]]]}},{"type":"Feature","properties":{},"geometry":{"type":"Polygon","coordinates":[[[55.1869,25.2095],[55.186,25.2084],[55.1864,25.2095],[55.1869,25.2095]]]}},{"type":"Feature","properties":{},"geometry":{"type":"Polygon","coordinates":[[[55.1887,25.2096],[55.1876,25.2068],[55.1882,25.2097],[55.1887,25.2096]]]}},{"type":"Feature","properties":{},"geometry":{"type":"Polygon","coordinates":[[[55.1462,25.209],[55.1445,25.2092],[55.1447,25.2097],[55.1462,25.209]]]}},{"type":"Feature","properties":{},"geometry":{"type":"Polygon","coordinates":[[[55.1742,25.2099],[55.1727,25.2088],[55.172,25.2095],[55.1742,25.2099]]]}},{"type":"Feature","properties":{},"geometry":{"type":"Polygon","coordinates":[[[55.1777,25.2089],[55.1758,25.209],[55.1785,25.2095],[55.1777,25.2089]]]}},{"type":"Feature","properties":{},"geometry":{"type":"Polygon","coordinates":[[[55.1524,25.2108],[55.151,25.2106],[55.1514,25.2112],[55.1524,25.2108]]]}},{"type":"Feature","properties":{},"geometry":{"type":"Polygon","coordinates":[[[55.1881,25.2104],[55.1865,25.2102],[55.1869,25.2114],[55.1881,25.2104]]]}},{"type":"Feature","properties":{},"geometry":{"type":"Polygon","coordinates":[[[55.1494,25.2097],[55.1479,25.2112],[55.1502,25.2112],[55.1494,25.2097]]]}},{"type":"Feature","properties":{},"geometry":{"type":"Polygon","coordinates":[[[55.1856,25.2113],[55.1846,25.2095],[55.1841,25.2111],[55.1856,25.2113]]]}},{"type":"Feature","properties":{},"geometry":{"type":"Polygon","coordinates":[[[55.1463,25.2103],[55.1453,25.2115],[55.1468,25.2114],[55.1463,25.2103]]]}},{"type":"Feature","properties":{},"geometry":{"type":"Polygon","coordinates":[[[55.1709,25.2118],[55.17,25.2099],[55.1705,25.2118],[55.1709,25.2118]]]}},{"type":"Feature","properties":{},"geometry":{"type":"Polygon","coordinates":[[[55.1834,25.2109],[55.1815,25.2116],[55.1832,25.2124],[55.1834,25.2109]]]}},{"type":"Feature","properties":{},"geometry":{"type":"Polygon","coordinates":[[[55.1746,25.2124],[55.1755,25.2104],[55.1731,25.2115],[55.1746,25.2124]]]}},{"type":"Feature","properties":{},"geometry":{"type":"Polygon","coordinates":[[[55.1815,25.2123],[55.1799,25.2131],[55.1815,25.2129],[55.1815,25.2123]]]}},{"type":"Feature","properties":{},"geometry":{"type":"Polygon","coordinates":[[[55.1853,25.2133],[55.1838,25.213],[55.1838,25.2136],[55.1853,25.2133]]]}},{"type":"Feature","properties":{},"geometry":{"type":"Polygon","coordinates":[[[55.188,25.213],[55.1864,25.2127],[55.1865,25.2138],[55.188,25.213]]]}},{"type":"Feature","properties":{},"geometry":{"type":"Polygon","coordinates":[[[55.1732,25.2124],[55.1709,25.2136],[55.1728,25.2139],[55.1732,25.2124]]]}},{"type":"Feature","properties":{},"geometry":{"type":"Polygon","coordinates":[[[55.2026,25.2128],[55.1987,25.2099],[55.2025,25.2141],[55.2026,25.2128]]]}},{"type":"Feature","properties":{},"geometry":{"type":"Polygon","coordinates":[[[55.1785,25.2133],[55.1771,25.213],[55.177,25.2142],[55.1785,25.2133]]]}},{"type":"Feature","properties":{},"geometry":{"type":"Polygon","coordinates":[[[55.1572,25.2144],[55.1561,25.2125],[55.1559,25.2144],[55.1572,25.2144]]]}},{"type":"Feature","properties":{},"geometry":{"type":"Polygon","coordinates":[[[55.1546,25.2142],[55.1532,25.2137],[55.1536,25.2148],[55.1546,25.2142]]]}},{"type":"Feature","properties":{},"geometry":{"type":"Polygon","coordinates":[[[55.1694,25.2144],[55.1669,25.2137],[55.1685,25.2151],[55.1694,25.2144]]]}},{"type":"Feature","properties":{},"geometry":{"type":"Polygon","coordinates":[[[55.1896,25.2151],[55.19,25.2127],[55.1886,25.2148],[55.1896,25.2151]]]}},{"type":"Feature","properties":{},"geometry":{"type":"Polygon","coordinates":[[[55.176,25.2154],[55.1751,25.2148],[55.1751,25.2154],[55.176,25.2154]]]}},{"type":"Feature","properties":{},"geometry":{"type":"Polygon","coordinates":[[[55.1824,25.2139],[55.1805,25.2147],[55.1812,25.2156],[55.1824,25.2139]]]}},{"type":"Feature","properties":{},"geometry":{"type":"Polygon","coordinates":[[[55.1465,25.2145],[55.1457,25.2156],[55.1467,25.2158],[55.1465,25.2145]]]}},{"type":"Feature","properties":{},"geometry":{"type":"Polygon","coordinates":[[[55.1836,25.2146],[55.1824,25.2155],[55.1834,25.2158],[55.1836,25.2146]]]}},{"type":"Feature","properties":{},"geometry":{"type":"Polygon","coordinates":[[[55.1784,25.2159],[55.1776,25.215],[55.1778,25.216],[55.1784,25.2159]]]}},{"type":"Feature","properties":{},"geometry":{"type":"Polygon","coordinates":[[[55.1515,25.2158],[55.1505,25.2151],[55.1505,25.216],[55.1515,25.2158]]]}},{"type":"Feature","properties":{},"geometry":{"type":"Polygon","coordinates":[[[55.1643,25.215],[55.1631,25.2166],[55.1642,25.2165],[55.1643,25.215]]]}},{"type":"Feature","properties":{},"geometry":{"type":"Polygon","coordinates":[[[55.1453,25.2154],[55.1437,25.2161],[55.1453,25.2165],[55.1453,25.2154]]]}},{"type":"Feature","properties":{},"geometry":{"type":"Polygon","coordinates":[[[55.1524,25.2167],[55.151,25.2166],[55.151,25.2173],[55.1524,25.2167]]]}},{"type":"Feature","properties":{},"geometry":{"type":"Polygon","coordinates":[[[55.1558,25.2172],[55.1559,25.2153],[55.1547,25.2169],[55.1558,25.2172]]]}},{"type":"Feature","properties":{},"geometry":{"type":"Polygon","coordinates":[[[55.1822,25.2173],[55.1802,25.2163],[55.1801,25.2169],[55.1822,25.2173]]]}},{"type":"Feature","properties":{},"geometry":{"type":"Polygon","coordinates":[[[55.1494,25.2158],[55.1479,25.2167],[55.1498,25.2174],[55.1494,25.2158]]]}},{"type":"Feature","properties":{},"geometry":{"type":"Polygon","coordinates":[[[55.1757,25.2163],[55.1746,25.2169],[55.1763,25.217],[55.1757,25.2163]]]}},{"type":"Feature","properties":{},"geometry":{"type":"Polygon","coordinates":[[[55.169,25.2171],[55.167,25.2161],[55.1672,25.2173],[55.169,25.2171]]]}},{"type":"Feature","properties":{},"geometry":{"type":"Polygon","coordinates":[[[55.1711,25.2164],[55.17,25.2161],[55.1701,25.2174],[55.1711,25.2164]]]}},{"type":"Feature","properties":{},"geometry":{"type":"Polygon","coordinates":[[[55.1779,25.2169],[55.1762,25.2163],[55.1777,25.2174],[55.1779,25.2169]]]}},{"type":"Feature","properties":{},"geometry":{"type":"Polygon","coordinates":[[[55.1946,25.1993],[55.1924,25.2034],[55.1994,25.2179],[55.2028,25.2161],[55.1946,25.1993]]]}},{"type":"Feature","properties":{},"geometry":{"type":"Polygon","coordinates":[[[55.1539,25.2176],[55.153,25.217],[55.1529,25.218],[55.1539,25.2176]]]}},{"type":"Feature","properties":{},"geometry":{"type":"Polygon","coordinates":[[[55.1654,25.2182],[55.1631,25.2176],[55.1631,25.2182],[55.1654,25.2182]]]}},{"type":"Feature","properties":{},"geometry":{"type":"Polygon","coordinates":[[[55.1725,25.2172],[55.1717,25.2182],[55.1722,25.2185],[55.1725,25.2172]]]}},{"type":"Feature","properties":{},"geometry":{"type":"Polygon","coordinates":[[[55.1471,25.218],[55.1456,25.2186],[55.1471,25.2186],[55.1471,25.218]]]}},{"type":"Feature","properties":{},"geometry":{"type":"Polygon","coordinates":[[[55.1843,25.2185],[55.1835,25.2173],[55.1831,25.2183],[55.1843,25.2185]]]}},{"type":"Feature","properties":{},"geometry":{"type":"Polygon","coordinates":[[[55.1892,25.2189],[55.187,25.2181],[55.187,25.2187],[55.1892,25.2189]]]}},{"type":"Feature","properties":{},"geometry":{"type":"Polygon","coordinates":[[[55.1712,25.218],[55.1704,25.2188],[55.1713,25.2191],[55.1712,25.218]]]}},{"type":"Feature","properties":{},"geometry":{"type":"Polygon","coordinates":[[[55.1504,25.2194],[55.1488,25.2187],[55.1489,25.2191],[55.1504,25.2194]]]}},{"type":"Feature","properties":{},"geometry":{"type":"Polygon","coordinates":[[[55.1681,25.2192],[55.1671,25.2177],[55.167,25.2192],[55.1681,25.2192]]]}},{"type":"Feature","properties":{},"geometry":{"type":"Polygon","coordinates":[[[55.1414,25.2192],[55.1452,25.2013],[55.1411,25.1949],[55.1456,25.1939],[55.1406,25.1916],[55.1414,25.2192]]]}},{"type":"Feature","properties":{},"geometry":{"type":"Polygon","coordinates":[[[55.153,25.2188],[55.1516,25.2189],[55.1528,25.2195],[55.153,25.2188]]]}},{"type":"Feature","properties":{},"geometry":{"type":"Polygon","coordinates":[[[55.1559,25.22],[55.1544,25.2188],[55.1544,25.2195],[55.1559,25.22]]]}},{"type":"Feature","properties":{},"geometry":{"type":"Polygon","coordinates":[[[55.1907,25.2188],[55.1895,25.2195],[55.1909,25.22],[55.1907,25.2188]]]}},{"type":"Feature","properties":{},"geometry":{"type":"Polygon","coordinates":[[[55.1801,25.2198],[55.1788,25.2191],[55.1793,25.2202],[55.1801,25.2198]]]}},{"type":"Feature","properties":{},"geometry":{"type":"Polygon","coordinates":[[[55.1704,25.2196],[55.1689,25.2191],[55.1701,25.2202],[55.1704,25.2196]]]}},{"type":"Feature","properties":{},"geometry":{"type":"Polygon","coordinates":[[[55.1768,25.2191],[55.1756,25.2203],[55.1765,25.2204],[55.1768,25.2191]]]}},{"type":"Feature","properties":{},"geometry":{"type":"Polygon","coordinates":[[[55.1892,25.2201],[55.1884,25.2196],[55.188,25.2204],[55.1892,25.2201]]]}},{"type":"Feature","properties":{},"geometry":{"type":"Polygon","coordinates":[[[55.1826,25.2195],[55.1808,25.2194],[55.1827,25.2204],[55.1826,25.2195]]]}},{"type":"Feature","properties":{},"geometry":{"type":"Polygon","coordinates":[[[55.1787,25.22],[55.1774,25.2202],[55.1786,25.2205],[55.1787,25.22]]]}},{"type":"Feature","properties":{},"geometry":{"type":"Polygon","coordinates":[[[55.1751,25.2203],[55.1742,25.2196],[55.1747,25.2208],[55.1751,25.2203]]]}},{"type":"Feature","properties":{},"geometry":{"type":"Polygon","coordinates":[[[55.1515,25.2206],[55.1504,25.2201],[55.1502,25.2209],[55.1515,25.2206]]]}},{"type":"Feature","properties":{},"geometry":{"type":"Polygon","coordinates":[[[55.1471,25.2207],[55.1463,25.2202],[55.1463,25.2211],[55.1471,25.2207]]]}},{"type":"Feature","properties":{},"geometry":{"type":"Polygon","coordinates":[[[55.167,25.2214],[55.1659,25.2196],[55.1664,25.2217],[55.167,25.2214]]]}},{"type":"Feature","properties":{},"geometry":{"type":"Polygon","coordinates":[[[55.1983,25.1974],[55.2048,25.2062],[55.2056,25.2108],[55.2099,25.2217],[55.1983,25.1974]]]}},{"type":"Feature","properties":{},"geometry":{"type":"Polygon","coordinates":[[[55.1463,25.2213],[55.1453,25.2218],[55.1458,25.2218],[55.1463,25.2213]]]}},{"type":"Feature","properties":{},"geometry":{"type":"Polygon","coordinates":[[[55.149,25.222],[55.1478,25.2205],[55.1479,25.2223],[55.149,25.222]]]}},{"type":"Feature","properties":{},"geometry":{"type":"Polygon","coordinates":[[[55.1444,25.2208],[55.1434,25.2223],[55.1447,25.2222],[55.1444,25.2208]]]}},{"type":"Feature","properties":{},"geometry":{"type":"Polygon","coordinates":[[[55.1685,25.2224],[55.1675,25.2217],[55.1677,25.2224],[55.1685,25.2224]]]}},{"type":"Feature","properties":{},"geometry":{"type":"Polygon","coordinates":[[[55.1739,25.2198],[55.1714,25.2209],[55.1713,25.2223],[55.1739,25.2198]]]}},{"type":"Feature","properties":{},"geometry":{"type":"Polygon","coordinates":[[[55.1777,25.2215],[55.176,25.2223],[55.1773,25.2226],[55.1777,25.2215]]]}},{"type":"Feature","properties":{},"geometry":{"type":"Polygon","coordinates":[[[55.175,25.2228],[55.1738,25.2218],[55.1737,25.2224],[55.175,25.2228]]]}},{"type":"Feature","properties":{},"geometry":{"type":"Polygon","coordinates":[[[55.1825,25.2228],[55.1782,25.2218],[55.1784,25.2226],[55.1825,25.2228]]]}},{"type":"Feature","properties":{},"geometry":{"type":"Polygon","coordinates":[[[55.1551,25.2215],[55.1507,25.2221],[55.151,25.2226],[55.1551,25.2215]]]}},{"type":"Feature","properties":{},"geometry":{"type":"Polygon","coordinates":[[[55.1699,25.2243],[55.1681,25.2236],[55.1677,25.2239],[55.1699,25.2243]]]}},{"type":"Feature","properties":{},"geometry":{"type":"Polygon","coordinates":[[[55.1507,25.2241],[55.1467,25.2223],[55.1457,25.2228],[55.1507,25.2241]]]}},{"type":"Feature","properties":{},"geometry":{"type":"Polygon","coordinates":[[[55.1633,25.2241],[55.1629,25.2215],[55.1623,25.2242],[55.1633,25.2241]]]}},{"type":"Feature","properties":{},"geometry":{"type":"Polygon","coordinates":[[[55.174,25.224],[55.1725,25.2233],[55.1728,25.2244],[55.174,25.224]]]}},{"type":"Feature","properties":{},"geometry":{"type":"Polygon","coordinates":[[[55.1882,25.2233],[55.1869,25.2239],[55.1875,25.2245],[55.1882,25.2233]]]}},{"type":"Feature","properties":{},"geometry":{"type":"Polygon","coordinates":[[[55.1474,25.2251],[55.1464,25.2239],[55.1459,25.2245],[55.1474,25.2251]]]}},{"type":"Feature","properties":{},"geometry":{"type":"Polygon","coordinates":[[[55.1794,25.224],[55.1774,25.225],[55.1796,25.2249],[55.1794,25.224]]]}},{"type":"Feature","properties":{},"geometry":{"type":"Polygon","coordinates":[[[55.1924,25.2254],[55.1913,25.224],[55.1914,25.2254],[55.1924,25.2254]]]}},{"type":"Feature","properties":{},"geometry":{"type":"Polygon","coordinates":[[[55.1445,25.2257],[55.1428,25.2235],[55.1431,25.2258],[55.1445,25.2257]]]}},{"type":"Feature","properties":{},"geometry":{"type":"Polygon","coordinates":[[[55.1757,25.2244],[55.1747,25.2257],[55.1761,25.2259],[55.1757,25.2244]]]}},{"type":"Feature","properties":{},"geometry":{"type":"Polygon","coordinates":[[[55.1862,25.2236],[55.1835,25.2236],[55.183,25.2259],[55.1862,25.2236]]]}},{"type":"Feature","properties":{},"geometry":{"type":"Polygon","coordinates":[[[55.1823,25.2247],[55.1804,25.2254],[55.1815,25.2261],[55.1823,25.2247]]]}},{"type":"Feature","properties":{},"geometry":{"type":"Polygon","coordinates":[[[55.1886,25.2252],[55.19,25.2262],[55.1906,25.2255],[55.1886,25.2252]]]}},{"type":"Feature","properties":{},"geometry":{"type":"Polygon","coordinates":[[[55.1859,25.2262],[55.1843,25.2252],[55.1854,25.2263],[55.1859,25.2262]]]}},{"type":"Feature","properties":{},"geometry":{"type":"Polygon","coordinates":[[[55.1716,25.2259],[55.1703,25.2249],[55.1697,25.2265],[55.1716,25.2259]]]}},{"type":"Feature","properties":{},"geometry":{"type":"Polygon","coordinates":[[[55.1974,25.2259],[55.1947,25.2228],[55.1957,25.2267],[55.1974,25.2259]]]}},{"type":"Feature","properties":{},"geometry":{"type":"Polygon","coordinates":[[[55.1655,25.2271],[55.1646,25.2263],[55.1643,25.2267],[55.1655,25.2271]]]}},{"type":"Feature","properties":{},"geometry":{"type":"Polygon","coordinates":[[[55.1495,25.2264],[55.1475,25.2266],[55.1493,25.2271],[55.1495,25.2264]]]}},{"type":"Feature","properties":{},"geometry":{"type":"Polygon","coordinates":[[[55.1685,25.2261],[55.1647,25.224],[55.1675,25.2272],[55.1685,25.2261]]]}},{"type":"Feature","properties":{},"geometry":{"type":"Polygon","coordinates":[[[55.1785,25.2275],[55.177,25.2267],[55.1771,25.2276],[55.1785,25.2275]]]}},{"type":"Feature","properties":{},"geometry":{"type":"Polygon","coordinates":[[[55.1883,25.227],[55.1896,25.2277],[55.19,25.2272],[55.1883,25.227]]]}},{"type":"Feature","properties":{},"geometry":{"type":"Polygon","coordinates":[[[55.1629,25.2267],[55.1616,25.2273],[55.1631,25.2278],[55.1629,25.2267]]]}},{"type":"Feature","properties":{},"geometry":{"type":"Polygon","coordinates":[[[55.1739,25.2266],[55.1716,25.2274],[55.1717,25.2278],[55.1739,25.2266]]]}},{"type":"Feature","properties":{},"geometry":{"type":"Polygon","coordinates":[[[55.1808,25.2269],[55.1796,25.2283],[55.1803,25.2283],[55.1808,25.2269]]]}},{"type":"Feature","properties":{},"geometry":{"type":"Polygon","coordinates":[[[55.1755,25.2268],[55.1745,25.2283],[55.1751,25.2285],[55.1755,25.2268]]]}},{"type":"Feature","properties":{},"geometry":{"type":"Polygon","coordinates":[[[55.1841,25.2271],[55.1818,25.2276],[55.1839,25.2286],[55.1841,25.2271]]]}},{"type":"Feature","properties":{},"geometry":{"type":"Polygon","coordinates":[[[55.1876,25.228],[55.1851,25.2285],[55.1876,25.2289],[55.1876,25.228]]]}},{"type":"Feature","properties":{},"geometry":{"type":"Polygon","coordinates":[[[55.1703,25.2295],[55.1694,25.2283],[55.169,25.2295],[55.1703,25.2295]]]}},{"type":"Feature","properties":{},"geometry":{"type":"Polygon","coordinates":[[[55.1815,25.2297],[55.1804,25.2288],[55.1801,25.2299],[55.1815,25.2297]]]}},{"type":"Feature","properties":{},"geometry":{"type":"Polygon","coordinates":[[[55.1999,25.222],[55.1948,25.2292],[55.2068,25.2279],[55.2002,25.2262],[55.1999,25.222]]]}},{"type":"Feature","properties":{},"geometry":{"type":"Polygon","coordinates":[[[55.1739,25.2291],[55.172,25.2295],[55.1742,25.2304],[55.1739,25.2291]]]}},{"type":"Feature","properties":{},"geometry":{"type":"Polygon","coordinates":[[[55.1876,25.2309],[55.1861,25.2298],[55.186,25.2308],[55.1876,25.2309]]]}},{"type":"Feature","properties":{},"geometry":{"type":"Polygon","coordinates":[[[55.1782,25.23],[55.1763,25.2303],[55.1782,25.231],[55.1782,25.23]]]}},{"type":"Feature","properties":{},"geometry":{"type":"Polygon","coordinates":[[[55.1849,25.2299],[55.1831,25.2311],[55.1853,25.2312],[55.1849,25.2299]]]}},{"type":"Feature","properties":{},"geometry":{"type":"Polygon","coordinates":[[[55.172,25.2301],[55.1703,25.231],[55.172,25.2314],[55.172,25.2301]]]}},{"type":"Feature","properties":{},"geometry":{"type":"Polygon","coordinates":[[[55.182,25.2309],[55.1794,25.231],[55.1822,25.2314],[55.182,25.2309]]]}},{"type":"Feature","properties":{},"geometry":{"type":"Polygon","coordinates":[[[55.1903,25.2311],[55.1888,25.2305],[55.189,25.2316],[55.1903,25.2311]]]}},{"type":"Feature","properties":{},"geometry":{"type":"Polygon","coordinates":[[[55.1694,25.2306],[55.167,25.2314],[55.1694,25.2317],[55.1694,25.2306]]]}},{"type":"Feature","properties":{},"geometry":{"type":"Polygon","coordinates":[[[55.1647,25.2322],[55.1646,25.2312],[55.1639,25.2319],[55.1647,25.2322]]]}},{"type":"Feature","properties":{},"geometry":{"type":"Polygon","coordinates":[[[55.1883,25.2317],[55.1865,25.2324],[55.1884,25.2323],[55.1883,25.2317]]]}},{"type":"Feature","properties":{},"geometry":{"type":"Polygon","coordinates":[[[55.1753,25.2324],[55.1724,25.2322],[55.1725,25.2328],[55.1753,25.2324]]]}},{"type":"Feature","properties":{},"geometry":{"type":"Polygon","coordinates":[[[55.1907,25.232],[55.1895,25.233],[55.1909,25.2324],[55.1907,25.232]]]}},{"type":"Feature","properties":{},"geometry":{"type":"Polygon","coordinates":[[[55.2053,25.2306],[55.192,25.2303],[55.1949,25.2336],[55.2053,25.2306]]]}},{"type":"Feature","properties":{},"geometry":{"type":"Polygon","coordinates":[[[55.1872,25.2332],[55.1865,25.2337],[55.1887,25.2331],[55.1872,25.2332]]]}},{"type":"Feature","properties":{},"geometry":{"type":"Polygon","coordinates":[[[55.1826,25.2336],[55.1815,25.2325],[55.1819,25.2339],[55.1826,25.2336]]]}},{"type":"Feature","properties":{},"geometry":{"type":"Polygon","coordinates":[[[55.1916,25.2337],[55.1904,25.2346],[55.1918,25.2341],[55.1916,25.2337]]]}},{"type":"Feature","properties":{},"geometry":{"type":"Polygon","coordinates":[[[55.1729,25.2344],[55.1795,25.2332],[55.1812,25.2348],[55.179,25.2322],[55.1729,25.2344]]]}},{"type":"Feature","properties":{},"geometry":{"type":"Polygon","coordinates":[[[55.1717,25.2343],[55.1704,25.2332],[55.1706,25.2353],[55.1717,25.2343]]]}},{"type":"Feature","properties":{},"geometry":{"type":"Polygon","coordinates":[[[55.1852,25.2342],[55.1834,25.2338],[55.1839,25.2354],[55.1852,25.2342]]]}},{"type":"Feature","properties":{},"geometry":{"type":"Polygon","coordinates":[[[55.2073,25.2305],[55.2039,25.2347],[55.1983,25.2346],[55.2053,25.2349],[55.2073,25.2305]]]}},{"type":"Feature","properties":{},"geometry":{"type":"Polygon","coordinates":[[[55.1801,25.2357],[55.1782,25.2355],[55.1794,25.2362],[55.1801,25.2357]]]}},{"type":"Feature","properties":{},"geometry":{"type":"Polygon","coordinates":[[[55.1699,25.2352],[55.1678,25.2332],[55.1692,25.2363],[55.1699,25.2352]]]}},{"type":"Feature","properties":{},"geometry":{"type":"Polygon","coordinates":[[[55.1639,25.2355],[55.1624,25.234],[55.1633,25.2365],[55.1639,25.2355]]]}},{"type":"Feature","properties":{},"geometry":{"type":"Polygon","coordinates":[[[55.1866,25.2363],[55.1853,25.2359],[55.1853,25.2366],[55.1866,25.2363]]]}},{"type":"Feature","properties":{},"geometry":{"type":"Polygon","coordinates":[[[55.1827,25.2358],[55.1816,25.2366],[55.1841,25.2368],[55.1827,25.2358]]]}},{"type":"Feature","properties":{},"geometry":{"type":"Polygon","coordinates":[[[55.1769,25.2379],[55.1754,25.2361],[55.1751,25.2373],[55.1769,25.2379]]]}},{"type":"Feature","properties":{},"geometry":{"type":"Polygon","coordinates":[[[55.1788,25.2381],[55.1779,25.2371],[55.1779,25.2379],[55.1788,25.2381]]]}},{"type":"Feature","properties":{},"geometry":{"type":"Polygon","coordinates":[[[55.1742,25.2381],[55.172,25.237],[55.1719,25.2376],[55.1742,25.2381]]]}},{"type":"Feature","properties":{},"geometry":{"type":"Polygon","coordinates":[[[55.1696,25.2383],[55.1685,25.2375],[55.1683,25.2379],[55.1696,25.2383]]]}},{"type":"Feature","properties":{},"geometry":{"type":"Polygon","coordinates":[[[55.176,25.2393],[55.175,25.2384],[55.1746,25.2394],[55.176,25.2393]]]}},{"type":"Feature","properties":{},"geometry":{"type":"Polygon","coordinates":[[[55.1805,25.2394],[55.1796,25.2388],[55.1793,25.2397],[55.1805,25.2394]]]}},{"type":"Feature","properties":{},"geometry":{"type":"Polygon","coordinates":[[[55.1847,25.2402],[55.1846,25.2388],[55.1808,25.2381],[55.1847,25.2402]]]}},{"type":"Feature","properties":{},"geometry":{"type":"Polygon","coordinates":[[[55.1779,25.2402],[55.1767,25.2398],[55.1768,25.2402],[55.1779,25.2402]]]}},{"type":"Feature","properties":{},"geometry":{"type":"Polygon","coordinates":[[[55.1903,25.2393],[55.1889,25.2375],[55.1886,25.2406],[55.1903,25.2393]]]}},{"type":"Feature","properties":{},"geometry":{"type":"Polygon","coordinates":[[[55.1673,25.2395],[55.1646,25.2376],[55.1651,25.2407],[55.1673,25.2395]]]}},{"type":"Feature","properties":{},"geometry":{"type":"Polygon","coordinates":[[[55.1808,25.241],[55.1801,25.2403],[55.1799,25.241],[55.1808,25.241]]]}},{"type":"Feature","properties":{},"geometry":{"type":"Polygon","coordinates":[[[55.1873,25.2409],[55.1849,25.2416],[55.1851,25.2419],[55.1873,25.2409]]]}},{"type":"Feature","properties":{},"geometry":{"type":"Polygon","coordinates":[[[55.2011,25.2408],[55.1992,25.2383],[55.196,25.2422],[55.2011,25.2408]]]}},{"type":"Feature","properties":{},"geometry":{"type":"Polygon","coordinates":[[[55.1683,25.2421],[55.1677,25.2409],[55.1668,25.2423],[55.1683,25.2421]]]}},{"type":"Feature","properties":{},"geometry":{"type":"Polygon","coordinates":[[[55.1822,25.242],[55.181,25.2418],[55.1812,25.2425],[55.1822,25.242]]]}},{"type":"Feature","properties":{},"geometry":{"type":"Polygon","coordinates":[[[55.1713,25.2402],[55.1712,25.2426],[55.1742,25.2407],[55.1713,25.2402]]]}},{"type":"Feature","properties":{},"geometry":{"type":"Polygon","coordinates":[[[55.179,25.2429],[55.1778,25.2414],[55.1773,25.2425],[55.179,25.2429]]]}},{"type":"Feature","properties":{},"geometry":{"type":"Polygon","coordinates":[[[55.1877,25.2428],[55.1864,25.2425],[55.1869,25.2433],[55.1877,25.2428]]]}},{"type":"Feature","properties":{},"geometry":{"type":"Polygon","coordinates":[[[55.1843,25.2423],[55.1831,25.2439],[55.1847,25.2439],[55.1843,25.2423]]]}},{"type":"Feature","properties":{},"geometry":{"type":"Polygon","coordinates":[[[55.177,25.244],[55.1738,25.2427],[55.1751,25.2445],[55.177,25.244]]]}},{"type":"Feature","properties":{},"geometry":{"type":"Polygon","coordinates":[[[55.1735,25.2435],[55.1735,25.2446],[55.1745,25.2442],[55.1735,25.2435]]]}},{"type":"Feature","properties":{},"geometry":{"type":"Polygon","coordinates":[[[55.1802,25.2436],[55.1782,25.2446],[55.1801,25.2448],[55.1802,25.2436]]]}},{"type":"Feature","properties":{},"geometry":{"type":"Polygon","coordinates":[[[55.1869,25.2447],[55.1855,25.244],[55.1856,25.2453],[55.1869,25.2447]]]}},{"type":"Feature","properties":{},"geometry":{"type":"Polygon","coordinates":[[[55.1467,25.2475],[55.1294,25.2023],[55.1376,25.185],[55.1294,25.1991],[55.1292,25.2059],[55.1359,25.2303],[55.1426,25.2442],[55.1445,25.2467],[55.1467,25.2475]]]}},{"type":"Feature","properties":{},"geometry":{"type":"Polygon","coordinates":[[[55.2099,25.2327],[55.2101,25.2263],[55.2091,25.2234],[55.2065,25.2412],[55.1983,25.2492],[55.2059,25.2433],[55.2099,25.2327]]]}},{"type":"Feature","properties":{},"geometry":{"type":"Polygon","coordinates":[[[55.1811,25.2466],[55.1767,25.2453],[55.1869,25.2486],[55.1811,25.2466]]]}},{"type":"Feature","properties":{},"geometry":{"type":"Polygon","coordinates":[[[55.1754,25.2464],[55.1742,25.2501],[55.1779,25.2509],[55.1754,25.2464]]]}},{"type":"Feature","properties":{},"geometry":{"type":"Polygon","coordinates":[[[55.1476,25.2429],[55.1603,25.2527],[55.1747,25.2578],[55.1888,25.2561],[55.2015,25.2516],[55.1748,25.2572],[55.1476,25.2429]]]}},{"type":"Feature","properties":{},"geometry":{"type":"Polygon","coordinates":[[[55.3203,26.2783],[55.3226,26.2541],[55.303,26.2483],[55.2949,26.2502],[55.2864,26.2651],[55.3095,26.283],[55.3203,26.2783]]]}},{"type":"Feature","properties":{},"geometry":{"type":"Polygon","coordinates":[[[35.7744,27.1103],[35.7848,27.0792],[35.7507,27.1126],[35.7481,27.136],[35.7546,27.1366],[35.7744,27.1103]]]}},{"type":"Feature","properties":{},"geometry":{"type":"Polygon","coordinates":[[[49.058,30.4902],[49.0642,30.4646],[49.0498,30.4646],[49.0384,30.4697],[49.0293,30.4578],[49.0268,30.4662],[49.0218,30.4615],[49.0085,30.4659],[49.0115,30.4988],[49.0622,30.5012],[49.058,30.4902]]]}},{"type":"Feature","properties":{},"geometry":{"type":"Polygon","coordinates":[[[25.7318,34.8793],[25.7297,34.8726],[25.7096,34.8659],[25.6801,34.8745],[25.688,34.8813],[25.7318,34.8793]]]}},{"type":"Feature","properties":{},"geometry":{"type":"Polygon","coordinates":[[[26.1475,34.9431],[26.1498,34.9333],[26.133,34.9226],[26.1219,34.9359],[26.1275,34.9474],[26.1475,34.9431]]]}},{"type":"Feature","properties":{},"geometry":{"type":"Polygon","coordinates":[[[25.2461,35.4497],[25.2367,35.4274],[25.1841,35.4444],[25.2226,35.4637],[25.2461,35.4497]]]}},{"type":"Feature","properties":{},"geometry":{"type":"Polygon","coordinates":[[[14.3436,36.0156],[14.3506,36.0095],[14.3246,36.0034],[14.3218,36.017],[14.3436,36.0156]]]}},{"type":"Feature","properties":{},"geometry":{"type":"Polygon","coordinates":[[[29.6557,36.1362],[29.6606,36.1323],[29.6566,36.131],[29.6557,36.1362]]]}},{"type":"Feature","properties":{},"geometry":{"type":"Polygon","coordinates":[[[29.7507,36.1388],[29.7641,36.1357],[29.7386,36.1223],[29.7507,36.1388]]]}},{"type":"Feature","properties":{},"geometry":{"type":"Polygon","coordinates":[[[29.494,36.1611],[29.5085,36.1547],[29.499,36.1497],[29.4854,36.1553],[29.494,36.1611]]]}},{"type":"Feature","properties":{},"geometry":{"type":"Polygon","coordinates":[[[29.5933,36.1522],[29.603,36.1416],[29.5778,36.1254],[29.5592,36.121],[29.5696,36.1509],[29.5796,36.1619],[29.5953,36.1667],[29.5933,36.1522]]]}},{"type":"Feature","properties":{},"geometry":{"type":"Polygon","coordinates":[[[33.778,36.1737],[33.7813,36.1787],[33.7876,36.1815],[33.778,36.1737]]]}},{"type":"Feature","properties":{},"geometry":{"type":"Polygon","coordinates":[[[29.8397,36.1706],[29.912,36.1995],[29.8846,36.1731],[29.8397,36.1706]]]}},{"type":"Feature","properties":{},"geometry":{"type":"Polygon","coordinates":[[[29.3459,36.2139],[29.3587,36.2182],[29.349,36.2082],[29.3459,36.2139]]]}},{"type":"Feature","properties":{},"geometry":{"type":"Polygon","coordinates":[[[29.4436,36.218],[29.4522,36.2204],[29.4436,36.2126],[29.4436,36.218]]]}},{"type":"Feature","properties":{},"geometry":{"type":"Polygon","coordinates":[[[27.7207,36.2768],[27.7048,36.2471],[27.6956,36.2538],[27.7022,36.2661],[27.6841,36.2644],[27.7005,36.2837],[27.7115,36.2858],[27.7207,36.2768]]]}},{"type":"Feature","properties":{},"geometry":{"type":"Polygon","coordinates":[[[22.9822,36.4994],[22.986,36.4582],[22.9658,36.4761],[22.9516,36.4752],[22.9406,36.4661],[22.9251,36.4691],[22.9294,36.4841],[22.9459,36.4999],[22.9698,36.5112],[22.9822,36.4994]]]}},{"type":"Feature","properties":{},"geometry":{"type":"Polygon","coordinates":[[[28.1227,36.5987],[28.1288,36.5991],[28.1264,36.597],[28.1227,36.5987]]]}},{"type":"Feature","properties":{},"geometry":{"type":"Polygon","coordinates":[[[28.9115,36.6807],[28.9384,36.6761],[28.9154,36.6555],[28.9085,36.6671],[28.9115,36.6807]]]}},{"type":"Feature","properties":{},"geometry":{"type":"Polygon","coordinates":[[[27.109,36.9487],[27.1159,36.9575],[27.1629,36.957],[27.1675,36.9486],[27.1618,36.9372],[27.1751,36.9225],[27.137,36.9229],[27.109,36.9487]]]}},{"type":"Feature","properties":{},"geometry":{"type":"Polygon","coordinates":[[[-7.9092,36.9781],[-7.9087,36.9894],[-7.9037,36.9862],[-7.9046,36.9775],[-7.9092,36.9781]]]}},{"type":"Feature","properties":{},"geometry":{"type":"Polygon","coordinates":[[[27.4309,36.9968],[27.4907,36.9728],[27.4902,36.966],[27.4771,36.9582],[27.4458,36.97],[27.4423,36.9794],[27.4235,36.9918],[27.4309,36.9968]]]}},{"type":"Feature","properties":{},"geometry":{"type":"Polygon","coordinates":[[[-7.895,36.9894],[-7.9046,36.9993],[-7.8812,37.0006],[-7.8878,36.9953],[-7.8788,36.9928],[-7.895,36.9894]]]}},{"type":"Feature","properties":{},"geometry":{"type":"Polygon","coordinates":[[[27.1092,37.0578],[27.0964,37.0534],[27.0779,37.0572],[27.0846,37.0641],[27.1092,37.0578]]]}},{"type":"Feature","properties":{},"geometry":{"type":"Polygon","coordinates":[[[21.5587,37.0538],[21.5557,37.0425],[21.5466,37.0323],[21.549,37.0454],[21.5373,37.0574],[21.5528,37.0644],[21.5587,37.0538]]]}},{"type":"Feature","properties":{},"geometry":{"type":"Polygon","coordinates":[[[10.8058,37.1407],[10.8229,37.1183],[10.796,37.1183],[10.7903,37.1272],[10.8058,37.1407]]]}},{"type":"Feature","properties":{},"geometry":{"type":"Polygon","coordinates":[[[27.0824,37.2781],[27.0877,37.302],[27.1034,37.2995],[27.0922,37.2877],[27.1058,37.2787],[27.0929,37.2721],[27.0824,37.2781]]]}},{"type":"Feature","properties":{},"geometry":{"type":"Polygon","coordinates":[[[26.7673,37.2774],[26.7593,37.293],[26.7656,37.2933],[26.7593,37.2977],[26.7389,37.2942],[26.7196,37.3013],[26.7098,37.3141],[26.714,37.3213],[26.7224,37.3179],[26.7202,37.328],[26.7297,37.3274],[26.7497,37.3091],[26.7896,37.3046],[26.7922,37.2874],[26.7845,37.277],[26.7673,37.2774]]]}},{"type":"Feature","properties":{},"geometry":{"type":"Polygon","coordinates":[[[26.7442,37.3606],[26.7416,37.3746],[26.7363,37.3728],[26.7197,37.3873],[26.7098,37.4026],[26.7166,37.4127],[26.7179,37.4054],[26.759,37.3761],[26.7442,37.3606]]]}},{"type":"Feature","properties":{},"geometry":{"type":"Polygon","coordinates":[[[27.0018,37.4623],[27.0073,37.4516],[26.9883,37.4588],[26.9743,37.4464],[26.9646,37.4541],[26.9583,37.4439],[26.9269,37.4742],[26.979,37.4757],[27.0018,37.4623]]]}},{"type":"Feature","properties":{},"geometry":{"type":"Polygon","coordinates":[[[23.9196,37.4883],[23.9404,37.4621],[23.9261,37.467],[23.8981,37.4945],[23.9196,37.4883]]]}},{"type":"Feature","properties":{},"geometry":{"type":"Polygon","coordinates":[[[8.9574,37.5313],[8.9587,37.5191],[8.9373,37.5213],[8.9157,37.5126],[8.9005,37.5185],[8.9463,37.5428],[8.9574,37.5313]]]}},{"type":"Feature","properties":{},"geometry":{"type":"Polygon","coordinates":[[[27.1693,37.5648],[27.1495,37.5967],[27.1594,37.599],[27.1636,37.5943],[27.1592,37.5889],[27.1844,37.5587],[27.1683,37.5702],[27.1693,37.5648]]]}},{"type":"Feature","properties":{},"geometry":{"type":"Polygon","coordinates":[[[26.4566,37.5798],[26.4467,37.5647],[26.4297,37.5775],[26.396,37.5761],[26.4404,37.6026],[26.4505,37.5959],[26.4566,37.5798]]]}},{"type":"Feature","properties":{},"geometry":{"type":"Polygon","coordinates":[[[26.5313,37.5974],[26.4991,37.5753],[26.5109,37.5495],[26.5112,37.5365],[26.5007,37.5278],[26.4741,37.5688],[26.474,37.6026],[26.4849,37.6031],[26.492,37.5863],[26.4981,37.5854],[26.5031,37.5949],[26.5138,37.5986],[26.5101,37.6243],[26.4971,37.6274],[26.4964,37.6377],[26.5052,37.6505],[26.5135,37.6533],[26.5307,37.6418],[26.5282,37.626],[26.5407,37.6167],[26.5313,37.5974]]]}},{"type":"Feature","properties":{},"geometry":{"type":"Polygon","coordinates":[[[23.9534,37.6568],[23.9597,37.6428],[23.9356,37.6459],[23.9386,37.6571],[23.9534,37.6568]]]}},{"type":"Feature","properties":{},"geometry":{"type":"Polygon","coordinates":[[[24.1458,37.7453],[24.1486,37.7226],[24.1371,37.7142],[24.1052,37.6452],[24.0999,37.6594],[24.1264,37.743],[24.138,37.7528],[24.1458,37.7453]]]}},{"type":"Feature","properties":{},"geometry":{"type":"Polygon","coordinates":[[[23.7635,37.776],[23.7668,37.7695],[23.7566,37.763],[23.7516,37.7695],[23.7635,37.776]]]}},{"type":"Feature","properties":{},"geometry":{"type":"Polygon","coordinates":[[[24.2756,38.0092],[24.283,37.9984],[24.2778,37.9851],[24.265,37.9785],[24.2287,37.9828],[24.2428,38.013],[24.2541,38.02],[24.2756,38.0092]]]}},{"type":"Feature","properties":{},"geometry":{"type":"Polygon","coordinates":[[[26.3554,38.4532],[26.3609,38.4444],[26.354,38.4262],[26.3291,38.422],[26.3254,38.4413],[26.3554,38.4532]]]}},{"type":"Feature","properties":{},"geometry":{"type":"Polygon","coordinates":[[[-8.8472,38.4866],[-8.8346,38.4825],[-8.8399,38.4738],[-8.8485,38.4797],[-8.8472,38.4866]]]}},{"type":"Feature","properties":{},"geometry":{"type":"Polygon","coordinates":[[[26.2791,38.5152],[26.2933,38.4985],[26.2904,38.4918],[26.2787,38.4975],[26.2749,38.512],[26.2791,38.5152]]]}},{"type":"Feature","properties":{},"geometry":{"type":"Polygon","coordinates":[[[26.2681,38.5205],[26.2699,38.513],[26.2525,38.502],[26.2481,38.5094],[26.2363,38.5067],[26.2041,38.5146],[26.1851,38.5422],[26.2681,38.5205]]]}},{"type":"Feature","properties":{},"geometry":{"type":"Polygon","coordinates":[[[26.7316,38.4584],[26.6929,38.4829],[26.7,38.5423],[26.7224,38.5327],[26.73,38.5209],[26.7312,38.4949],[26.7455,38.4833],[26.7438,38.4637],[26.7316,38.4584]]]}},{"type":"Feature","properties":{},"geometry":{"type":"Polygon","coordinates":[[[25.523,38.5456],[25.5182,38.5291],[25.4937,38.5322],[25.5078,38.5526],[25.523,38.5456]]]}},{"type":"Feature","properties":{},"geometry":{"type":"Polygon","coordinates":[[[24.3697,38.8431],[24.3718,38.8337],[24.3578,38.8275],[24.3426,38.8341],[24.3524,38.85],[24.3697,38.8431]]]}},{"type":"Feature","properties":{},"geometry":{"type":"Polygon","coordinates":[[[-9.0065,38.8785],[-9.0028,38.8614],[-9.0168,38.8572],[-9.026,38.8648],[-9.02,38.8785],[-9.0065,38.8785]]]}},{"type":"Feature","properties":{},"geometry":{"type":"Polygon","coordinates":[[[-9.0135,38.914],[-9.0276,38.889],[-9.0181,38.9199],[-9.0135,38.914]]]}},{"type":"Feature","properties":{},"geometry":{"type":"Polygon","coordinates":[[[24.099,39.0554],[24.1104,39.0696],[24.099,39.0924],[24.1035,39.0997],[24.1174,39.1031],[24.1138,39.0774],[24.1235,39.072],[24.1241,39.0629],[24.099,39.0554]]]}},{"type":"Feature","properties":{},"geometry":{"type":"Polygon","coordinates":[[[20.2288,39.1564],[20.2583,39.1329],[20.2426,39.1306],[20.2194,39.1401],[20.2151,39.1479],[20.2288,39.1564]]]}},{"type":"Feature","properties":{},"geometry":{"type":"Polygon","coordinates":[[[24.3226,39.3688],[24.3307,39.3641],[24.321,39.3308],[24.3124,39.3348],[24.3226,39.3688]]]}},{"type":"Feature","properties":{},"geometry":{"type":"Polygon","coordinates":[[[-9.5082,39.4218],[-9.5017,39.4202],[-9.512,39.4112],[-9.5082,39.4218]]]}},{"type":"Feature","properties":{},"geometry":{"type":"Polygon","coordinates":[[[24.183,39.3939],[24.1534,39.3621],[24.1423,39.371],[24.1729,39.4275],[24.183,39.3939]]]}},{"type":"Feature","properties":{},"geometry":{"type":"Polygon","coordinates":[[[19.5135,39.7842],[19.5385,39.7596],[19.5317,39.7563],[19.5102,39.7771],[19.5135,39.7842]]]}},{"type":"Feature","properties":{},"geometry":{"type":"Polygon","coordinates":[[[19.3829,39.863],[19.4325,39.8663],[19.4095,39.8413],[19.3936,39.838],[19.3818,39.8452],[19.3829,39.863]]]}},{"type":"Feature","properties":{},"geometry":{"type":"Polygon","coordinates":[[[19.5746,39.9001],[19.5946,39.891],[19.5925,39.8795],[19.5752,39.8758],[19.5656,39.8912],[19.5746,39.9001]]]}},{"type":"Feature","properties":{},"geometry":{"type":"Polygon","coordinates":[[[9.3279,0.9307],[9.3287,0.9112],[9.3425,0.8994],[9.3343,0.8856],[9.3222,0.8815],[9.3016,0.903],[9.3068,0.9364],[9.3279,0.9307]]]}},{"type":"Feature","properties":{},"geometry":{"type":"Polygon","coordinates":[[[9.3841,0.8096],[9.3796,0.807],[9.3768,0.81],[9.3841,0.8096]]]}},{"type":"Feature","properties":{},"geometry":{"type":"Polygon","coordinates":[[[-4.3011,35.1729],[-4.2969,35.1722],[-4.3019,35.1727],[-4.3011,35.1729]]]}},{"type":"Feature","properties":{},"geometry":{"type":"Polygon","coordinates":[[[-3.903,35.2153],[-3.9025,35.2148],[-3.9031,35.215],[-3.903,35.2153]]]}},{"type":"Feature","properties":{},"geometry":{"type":"Polygon","coordinates":[[[-3.9013,35.2176],[-3.8998,35.2173],[-3.9013,35.2173],[-3.9013,35.2176]]]}},{"type":"Feature","properties":{},"geometry":{"type":"Polygon","coordinates":[[[-2.4342,35.1852],[-2.4265,35.1821],[-2.4359,35.1812],[-2.4342,35.1852]]]}},{"type":"Feature","properties":{},"geometry":{"type":"Polygon","coordinates":[[[-2.4409,35.181],[-2.4408,35.1761],[-2.4463,35.177],[-2.4409,35.181]]]}},{"type":"Feature","properties":{},"geometry":{"type":"Polygon","coordinates":[[[-2.425,35.1794],[-2.4181,35.1797],[-2.4214,35.176],[-2.425,35.1794]]]}},{"type":"Feature","properties":{},"geometry":{"type":"Polygon","coordinates":[[[-5.4188,35.9156],[-5.4179,35.9109],[-5.4208,35.9143],[-5.4188,35.9156]]]}},{"type":"Feature","properties":{},"geometry":{"type":"Polygon","coordinates":[[[-3.0388,35.9455],[-3.0379,35.9425],[-3.0398,35.9439],[-3.0388,35.9455]]]}},{"type":"Feature","properties":{},"geometry":{"type":"Polygon","coordinates":[[[43.142,12.7205],[43.1515,12.7205],[43.152,12.7128],[43.1433,12.7118],[43.142,12.7205]]]}},{"type":"Feature","properties":{},"geometry":{"type":"Polygon","coordinates":[[[55.7879,-21.1034],[55.8376,-21.1262],[55.8499,-21.1376],[55.8545,-21.157],[55.8406,-21.1905],[55.8242,-21.2643],[55.8208,-21.325],[55.812,-21.3425],[55.7913,-21.3499],[55.738,-21.3517],[55.7066,-21.3674],[55.6831,-21.3708],[55.6438,-21.3635],[55.6268,-21.3694],[55.575,-21.3679],[55.5371,-21.3551],[55.5056,-21.3337],[55.4343,-21.3116],[55.4178,-21.302],[55.3978,-21.2776],[55.3496,-21.2714],[55.2956,-21.1996],[55.2884,-21.1436],[55.2332,-21.0693],[55.2254,-21.0297],[55.2419,-20.9934],[55.2754,-20.9802],[55.2879,-20.9648],[55.2923,-20.9467],[55.2874,-20.9322],[55.2954,-20.9218],[55.2874,-20.9117],[55.303,-20.9052],[55.3359,-20.905],[55.408,-20.8632],[55.4558,-20.8614],[55.514,-20.8752],[55.5271,-20.87],[55.5784,-20.8748],[55.6058,-20.8883],[55.6506,-20.898],[55.6953,-20.9352],[55.7121,-20.9936],[55.74,-21.0247],[55.7468,-21.0626],[55.7705,-21.0738],[55.7879,-21.1034]]]}},{"type":"Feature","properties":{},"geometry":{"type":"Polygon","coordinates":[[[57.794,-20.2468],[57.7759,-20.3204],[57.7815,-20.3357],[57.7571,-20.3434],[57.7293,-20.3639],[57.7123,-20.3875],[57.7261,-20.4196],[57.7233,-20.4343],[57.7058,-20.4387],[57.6847,-20.4716],[57.6722,-20.4797],[57.5884,-20.5048],[57.5036,-20.5173],[57.3993,-20.498],[57.3781,-20.507],[57.3079,-20.4443],[57.3035,-20.4309],[57.3193,-20.4251],[57.3578,-20.4274],[57.3638,-20.4145],[57.3678,-20.3762],[57.3569,-20.3704],[57.365,-20.346],[57.3706,-20.2605],[57.4002,-20.2006],[57.4326,-20.1718],[57.4736,-20.1575],[57.4907,-20.1408],[57.4945,-20.1037],[57.5281,-20.0309],[57.5601,-20.0038],[57.5861,-19.9968],[57.5965,-19.9826],[57.6229,-19.9817],[57.6797,-19.9999],[57.6848,-20.011],[57.6792,-20.0283],[57.7088,-20.0899],[57.7448,-20.1051],[57.7445,-20.1438],[57.7625,-20.162],[57.7721,-20.1905],[57.7914,-20.2122],[57.794,-20.2468]]]}},{"type":"Feature","properties":{},"geometry":{"type":"Polygon","coordinates":[[[43.4691,-11.8317],[43.4988,-11.8736],[43.4983,-11.882],[43.48,-11.9228],[43.4631,-11.9309],[43.4377,-11.9316],[43.426,-11.9116],[43.37,-11.8606],[43.3018,-11.8495],[43.271,-11.8282],[43.2542,-11.7907],[43.2178,-11.7503],[43.216,-11.716],[43.2442,-11.6729],[43.2406,-11.6398],[43.2544,-11.4631],[43.2468,-11.4406],[43.2765,-11.3796],[43.3557,-11.3613],[43.374,-11.3686],[43.3949,-11.4002],[43.3994,-11.4184],[43.3771,-11.6051],[43.3861,-11.6456],[43.4305,-11.7082],[43.4466,-11.7491],[43.4466,-11.7907],[43.4639,-11.8116],[43.4691,-11.8317]]]}},{"type":"Feature","properties":{},"geometry":{"type":"Polygon","coordinates":[[[39.5471,-6.3303],[39.5741,-6.3776],[39.5695,-6.4208],[39.5443,-6.4509],[39.5085,-6.4628],[39.4717,-6.4521],[39.4437,-6.4216],[39.4339,-6.4015],[39.4142,-6.3163],[39.4165,-6.3014],[39.3941,-6.3082],[39.3942,-6.319],[39.4097,-6.3458],[39.4036,-6.3737],[39.3757,-6.3634],[39.3801,-6.3442],[39.3744,-6.3288],[39.3005,-6.2394],[39.2869,-6.2468],[39.2937,-6.2678],[39.2803,-6.2585],[39.2761,-6.2741],[39.2796,-6.2966],[39.2903,-6.3082],[39.2825,-6.3122],[39.2642,-6.3024],[39.1986,-6.2208],[39.177,-6.1579],[39.2129,-6.1142],[39.2048,-6.0564],[39.1862,-5.9943],[39.1904,-5.9142],[39.1974,-5.8967],[39.2111,-5.9177],[39.2278,-5.8907],[39.28,-5.842],[39.2953,-5.7365],[39.3135,-5.7184],[39.3557,-5.8038],[39.3618,-5.839],[39.3543,-5.8967],[39.3726,-5.9708],[39.3918,-6.0022],[39.4028,-6.048],[39.4302,-6.0549],[39.4238,-6.1223],[39.437,-6.1579],[39.4165,-6.1921],[39.431,-6.186],[39.4575,-6.212],[39.4649,-6.1874],[39.4729,-6.1867],[39.4779,-6.1989],[39.4849,-6.1921],[39.501,-6.1962],[39.4985,-6.1238],[39.516,-6.1467],[39.5249,-6.1751],[39.5471,-6.3303]]]}},{"type":"Feature","properties":{},"geometry":{"type":"Polygon","coordinates":[[[39.6436,-5.379],[39.6567,-5.3492],[39.6506,-5.3385],[39.6983,-5.3424],[39.6636,-5.2872],[39.7166,-5.2896],[39.7263,-5.2804],[39.7051,-5.2741],[39.6908,-5.2599],[39.7461,-5.253],[39.7642,-5.2624],[39.7741,-5.2595],[39.7809,-5.2394],[39.7608,-5.2468],[39.7363,-5.24],[39.6908,-5.2114],[39.6809,-5.2177],[39.6687,-5.214],[39.6499,-5.1909],[39.6745,-5.2023],[39.6839,-5.1977],[39.7461,-5.2052],[39.7386,-5.1977],[39.7463,-5.1783],[39.7425,-5.1618],[39.7318,-5.1565],[39.7183,-5.1705],[39.7263,-5.1437],[39.7205,-5.1363],[39.7026,-5.131],[39.6908,-5.1375],[39.7007,-5.0792],[39.7254,-5.0805],[39.7183,-5.0618],[39.6773,-5.0444],[39.6983,-5.0134],[39.6839,-5.0202],[39.6758,-5.0017],[39.6812,-4.9872],[39.6947,-4.9825],[39.7121,-4.9929],[39.716,-4.9768],[39.6773,-4.9451],[39.6841,-4.8903],[39.7023,-4.9079],[39.7121,-4.9314],[39.7232,-4.9299],[39.7352,-4.9103],[39.7598,-4.9345],[39.8059,-4.9609],[39.8143,-4.9687],[39.8215,-4.9938],[39.8281,-4.986],[39.8237,-4.9572],[39.8356,-4.9451],[39.8416,-4.9656],[39.8499,-4.9492],[39.856,-4.8972],[39.8695,-4.906],[39.8669,-4.9503],[39.8782,-4.9877],[39.867,-5.0058],[39.8356,-5.0265],[39.8406,-5.0442],[39.8281,-5.1021],[39.8386,-5.1375],[39.8478,-5.1332],[39.8485,-5.109],[39.8612,-5.1145],[39.8556,-5.2294],[39.8485,-5.2455],[39.856,-5.253],[39.844,-5.267],[39.8143,-5.3554],[39.8025,-5.3704],[39.7961,-5.4068],[39.7873,-5.4091],[39.7815,-5.4011],[39.7864,-5.3832],[39.7809,-5.3832],[39.766,-5.4106],[39.7693,-5.4212],[39.764,-5.4323],[39.729,-5.4542],[39.7386,-5.4311],[39.7054,-5.443],[39.6983,-5.4311],[39.6489,-5.4275],[39.6431,-5.414],[39.6436,-5.379]]]}},{"type":"Feature","properties":{},"geometry":{"type":"Polygon","coordinates":[[[6.7039,0.3918],[6.7461,0.3381],[6.7565,0.3109],[6.7605,0.2683],[6.7485,0.2307],[6.7031,0.1804],[6.6746,0.1334],[6.6533,0.1246],[6.66,0.1073],[6.6336,0.0986],[6.6162,0.0781],[6.5784,0.0781],[6.5677,0.0421],[6.5573,0.0283],[6.5442,0.0439],[6.537,0.0264],[6.5266,0.0241],[6.5101,0.0514],[6.5166,0.07],[6.5137,0.0883],[6.5027,0.0986],[6.4617,0.2222],[6.4709,0.2679],[6.4902,0.291],[6.4978,0.3127],[6.5331,0.3481],[6.5783,0.3646],[6.6419,0.4108],[6.6814,0.4071],[6.7039,0.3918]]]}},{"type":"Feature","properties":{},"geometry":{"type":"Polygon","coordinates":[[[8.9492,3.7179],[8.9631,3.6797],[8.9512,3.6274],[8.907,3.5821],[8.8967,3.5544],[8.8607,3.5118],[8.8407,3.4581],[8.8234,3.4444],[8.8136,3.4122],[8.7849,3.3951],[8.7809,3.3329],[8.7747,3.3166],[8.7297,3.2648],[8.6862,3.1973],[8.6484,3.22],[8.6276,3.2226],[8.5999,3.238],[8.5596,3.2306],[8.5277,3.2488],[8.4694,3.258],[8.4502,3.2729],[8.4377,3.3131],[8.422,3.3393],[8.4421,3.4213],[8.4553,3.4465],[8.4739,3.4631],[8.4976,3.4565],[8.5103,3.4638],[8.5628,3.4565],[8.5796,3.4633],[8.5851,3.4793],[8.5733,3.5118],[8.6014,3.5297],[8.6211,3.5559],[8.6279,3.6483],[8.641,3.6835],[8.6672,3.7263],[8.7024,3.7609],[8.7434,3.7724],[8.7372,3.7582],[8.7819,3.751],[8.7918,3.7582],[8.8467,3.7464],[8.8806,3.7473],[8.9085,3.7582],[8.9227,3.7507],[8.9492,3.7179]]]}},{"type":"Feature","properties":{},"geometry":{"type":"Polygon","coordinates":[[[-12.5044,7.561],[-12.5018,7.5024],[-12.5264,7.4656],[-12.5196,7.4041],[-12.5323,7.3925],[-12.5497,7.3896],[-12.5658,7.3957],[-12.5749,7.4103],[-12.5544,7.4103],[-12.5856,7.4599],[-12.6055,7.4787],[-12.7318,7.5113],[-12.7644,7.528],[-12.8492,7.5407],[-12.9516,7.568],[-12.9516,7.5754],[-12.9143,7.5844],[-12.8981,7.6107],[-12.8833,7.6164],[-12.8448,7.6225],[-12.7357,7.6225],[-12.6214,7.6397],[-12.5811,7.6301],[-12.5959,7.6127],[-12.586,7.6076],[-12.5475,7.609],[-12.5154,7.5949],[-12.493,7.568],[-12.5044,7.561]]]}},{"type":"Feature","properties":{},"geometry":{"type":"Polygon","coordinates":[[[-23.4546,15.0189],[-23.4431,15.0107],[-23.4478,14.9958],[-23.4779,14.9691],[-23.4704,14.9622],[-23.494,14.9187],[-23.5318,14.9086],[-23.6241,14.9181],[-23.6765,14.9355],[-23.7151,14.9685],[-23.7305,14.9858],[-23.7307,15.0185],[-23.7721,15.038],[-23.7926,15.0858],[-23.7721,15.1273],[-23.7858,15.1745],[-23.7701,15.184],[-23.7637,15.2163],[-23.7516,15.2335],[-23.7633,15.2698],[-23.7858,15.2918],[-23.7584,15.3049],[-23.7795,15.3117],[-23.7516,15.3327],[-23.7441,15.3327],[-23.7379,15.3117],[-23.7192,15.3229],[-23.7032,15.3135],[-23.6978,15.2963],[-23.7107,15.2844],[-23.6973,15.266],[-23.6485,15.2372],[-23.6561,15.2297],[-23.6303,15.2192],[-23.5842,15.1624],[-23.5674,15.1521],[-23.5524,15.154],[-23.5273,15.1274],[-23.5114,15.1273],[-23.5114,15.113],[-23.4546,15.0189]]]}},{"type":"Feature","properties":{},"geometry":{"type":"Polygon","coordinates":[[[-25.0556,17.0248],[-25.1159,16.9975],[-25.163,16.9453],[-25.1879,16.9282],[-25.2987,16.9174],[-25.3108,16.9261],[-25.3134,16.9385],[-25.3139,17.005],[-25.3275,17.0282],[-25.3548,17.0385],[-25.3604,17.0552],[-25.3556,17.0696],[-25.3168,17.1061],[-25.2798,17.1073],[-25.2454,17.1367],[-25.2027,17.1588],[-25.1026,17.1966],[-25.0795,17.1854],[-25.0395,17.1824],[-25.0263,17.1677],[-25.0259,17.1449],[-24.9918,17.1309],[-24.9713,17.1073],[-24.979,17.0869],[-25.0151,17.0491],[-25.0427,17.0385],[-25.0556,17.0248]]]}},{"type":"Feature","properties":{},"geometry":{"type":"Polygon","coordinates":[[[-15.3996,28.0427],[-15.3636,28.0097],[-15.3767,27.9575],[-15.3636,27.9346],[-15.3819,27.9212],[-15.3916,27.8998],[-15.376,27.8676],[-15.3778,27.8523],[-15.407,27.8383],[-15.453,27.7912],[-15.5397,27.7656],[-15.578,27.7344],[-15.6072,27.7503],[-15.6505,27.7531],[-15.6857,27.7633],[-15.7397,27.8043],[-15.7519,27.8214],[-15.786,27.8442],[-15.8212,27.9218],[-15.8161,27.996],[-15.7498,28.036],[-15.7252,28.0569],[-15.7084,28.0819],[-15.7137,28.1059],[-15.7021,28.1151],[-15.6981,28.133],[-15.7062,28.1674],[-15.6653,28.1605],[-15.6508,28.1639],[-15.597,28.1475],[-15.5213,28.1475],[-15.4587,28.1342],[-15.435,28.1409],[-15.4387,28.1749],[-15.4093,28.1798],[-15.3999,28.165],[-15.4001,28.1572],[-15.4156,28.1415],[-15.4086,28.0749],[-15.3996,28.0427]]]}},{"type":"Feature","properties":{},"geometry":{"type":"Polygon","coordinates":[[[-16.4277,28.1497],[-16.5215,28.0576],[-16.5458,28.024],[-16.5797,28.0303],[-16.6763,27.9971],[-16.6927,27.9998],[-16.7036,28.0137],[-16.7041,28.035],[-16.7211,28.0445],[-16.7279,28.0786],[-16.7806,28.1279],[-16.7954,28.1653],[-16.8371,28.209],[-16.8472,28.2625],[-16.8734,28.3052],[-16.9066,28.3352],[-16.9161,28.355],[-16.8374,28.3911],[-16.7942,28.3691],[-16.7701,28.3663],[-16.6642,28.4007],[-16.6444,28.3964],[-16.5846,28.4011],[-16.5645,28.4153],[-16.5071,28.4241],[-16.4204,28.4906],[-16.4083,28.5198],[-16.3634,28.543],[-16.3227,28.5535],[-16.3164,28.5721],[-16.3002,28.5666],[-16.2027,28.564],[-16.1413,28.5834],[-16.1177,28.5721],[-16.1271,28.5438],[-16.2314,28.4884],[-16.248,28.4611],[-16.2961,28.4178],[-16.3555,28.3811],[-16.3658,28.3625],[-16.3613,28.3044],[-16.38,28.2883],[-16.3868,28.265],[-16.4192,28.2114],[-16.4277,28.1497]]]}},{"type":"Feature","properties":{},"geometry":{"type":"Polygon","coordinates":[[[-13.9354,28.7495],[-13.8987,28.7539],[-13.8646,28.7442],[-13.8355,28.7155],[-13.8244,28.6818],[-13.8212,28.6367],[-13.8287,28.5516],[-13.8566,28.479],[-13.8566,28.4349],[-13.8429,28.4069],[-13.8696,28.3769],[-13.8752,28.3491],[-13.8921,28.3282],[-13.9113,28.2772],[-13.9337,28.2442],[-13.9668,28.228],[-14.1186,28.2005],[-14.152,28.18],[-14.1916,28.1708],[-14.2122,28.1605],[-14.3013,28.0679],[-14.3432,28.0507],[-14.369,28.0508],[-14.4286,28.0712],[-14.5071,28.0712],[-14.4969,28.1025],[-14.436,28.1005],[-14.3412,28.1345],[-14.2701,28.176],[-14.2244,28.2186],[-14.2074,28.2544],[-14.2019,28.3039],[-14.1713,28.3524],[-14.1409,28.4349],[-14.1279,28.4436],[-14.0983,28.4866],[-14.0756,28.5361],[-14.0361,28.5874],[-13.9999,28.7167],[-13.9726,28.7359],[-13.9354,28.7495]]]}},{"type":"Feature","properties":{},"geometry":{"type":"Polygon","coordinates":[[[-17.7578,28.7987],[-17.7414,28.7579],[-17.7219,28.749],[-17.721,28.7306],[-17.7653,28.6775],[-17.7456,28.6219],[-17.7599,28.5768],[-17.7833,28.5486],[-17.8309,28.4554],[-17.8371,28.4554],[-17.8429,28.465],[-17.8651,28.4754],[-17.8797,28.5437],[-17.9193,28.5963],[-17.9248,28.6183],[-17.9631,28.6715],[-17.9761,28.7282],[-18.0022,28.7496],[-17.9968,28.7801],[-17.9707,28.8132],[-17.9111,28.8556],[-17.8905,28.8439],[-17.8417,28.8354],[-17.8014,28.8493],[-17.7815,28.8423],[-17.7558,28.8185],[-17.7578,28.7987]]]}},{"type":"Feature","properties":{},"geometry":{"type":"Polygon","coordinates":[[[-13.4654,29.2433],[-13.4178,29.2089],[-13.4388,29.159],[-13.4587,29.1474],[-13.4624,29.1321],[-13.4519,29.086],[-13.4656,29.0581],[-13.4656,29.0239],[-13.482,28.9995],[-13.543,28.9617],[-13.59,28.9514],[-13.6076,28.9326],[-13.7093,28.9147],[-13.7361,28.8965],[-13.7746,28.8396],[-13.7915,28.8535],[-13.8597,28.8594],[-13.8673,28.8649],[-13.8763,28.8888],[-13.8534,28.905],[-13.8429,28.9215],[-13.8321,29.0004],[-13.7809,29.0649],[-13.7506,29.0806],[-13.6902,29.0909],[-13.6368,29.1269],[-13.5372,29.1383],[-13.514,29.1748],[-13.4955,29.2251],[-13.483,29.2399],[-13.4654,29.2433]]]}},{"type":"Feature","properties":{},"geometry":{"type":"Polygon","coordinates":[[[-16.8064,32.6568],[-16.8478,32.644],[-16.9768,32.6472],[-17.143,32.7056],[-17.2145,32.7506],[-17.2412,32.7791],[-17.2521,32.8145],[-17.2464,32.8286],[-17.225,32.8393],[-17.2003,32.8685],[-17.1849,32.8742],[-17.1661,32.8685],[-17.1319,32.8391],[-17.068,32.8142],[-17.0143,32.817],[-16.98,32.8332],[-16.9197,32.8412],[-16.7975,32.7746],[-16.7475,32.7708],[-16.7136,32.7586],[-16.693,32.7667],[-16.6727,32.7586],[-16.75,32.7306],[-16.7822,32.6961],[-16.8064,32.6568]]]}},{"type":"Feature","properties":{},"geometry":{"type":"Polygon","coordinates":[[[28.2258,36.418],[28.2363,36.373],[28.2112,36.3577],[28.2051,36.3227],[28.1755,36.2904],[28.1634,36.2377],[28.1484,36.2261],[28.1305,36.1855],[28.1033,36.1855],[28.0952,36.1679],[28.0858,36.165],[28.0617,36.1165],[28.0964,36.1035],[28.0759,36.0756],[28.0896,36.0551],[28.0376,36.0684],[27.9934,36.062],[27.9323,36.0253],[27.8635,35.941],[27.8274,35.9138],[27.7804,35.89],[27.7327,35.9151],[27.7123,35.9527],[27.7254,35.9672],[27.7541,36.0372],[27.76,36.062],[27.7571,36.0844],[27.7088,36.1271],[27.7123,36.1445],[27.6909,36.1495],[27.6843,36.1581],[27.772,36.1978],[27.7674,36.206],[27.7761,36.2116],[27.7804,36.2326],[27.8032,36.2702],[27.8374,36.281],[27.8997,36.3402],[27.9592,36.3568],[28.1184,36.4277],[28.1839,36.4245],[28.2139,36.4555],[28.2224,36.456],[28.2398,36.4387],[28.2258,36.418]]]}},{"type":"Feature","properties":{},"geometry":{"type":"Polygon","coordinates":[[[-25.1592,37.852],[-25.1352,37.8223],[-25.1323,37.7862],[-25.1568,37.7545],[-25.1947,37.7407],[-25.3724,37.7174],[-25.4883,37.7137],[-25.5057,37.7067],[-25.5591,37.7291],[-25.6155,37.7409],[-25.7043,37.744],[-25.8251,37.8154],[-25.8595,37.8539],[-25.8415,37.906],[-25.7646,37.9116],[-25.7391,37.906],[-25.7042,37.8826],[-25.6888,37.8459],[-25.5538,37.8297],[-25.4989,37.8508],[-25.4585,37.8297],[-25.3398,37.8618],[-25.1978,37.8644],[-25.1592,37.852]]]}},{"type":"Feature","properties":{},"geometry":{"type":"Polygon","coordinates":[[[20.7184,38.0663],[20.6817,38.0978],[20.6146,38.1198],[20.5807,38.1155],[20.565,38.0903],[20.5464,38.102],[20.5098,38.1108],[20.4961,38.1245],[20.4893,38.1592],[20.4688,38.1928],[20.5098,38.1723],[20.5098,38.1797],[20.4938,38.1917],[20.4453,38.2762],[20.4351,38.2788],[20.4279,38.2617],[20.436,38.2125],[20.4347,38.1928],[20.4253,38.1753],[20.3801,38.1518],[20.374,38.169],[20.3454,38.1821],[20.339,38.2002],[20.3569,38.2286],[20.3516,38.2459],[20.3796,38.274],[20.3921,38.3001],[20.3999,38.3641],[20.4067,38.3436],[20.4136,38.3436],[20.4273,38.3633],[20.4551,38.3231],[20.4632,38.3315],[20.479,38.3095],[20.5298,38.3375],[20.5387,38.3541],[20.5396,38.3742],[20.5309,38.392],[20.5513,38.3852],[20.5378,38.4261],[20.5436,38.4592],[20.5378,38.4739],[20.5718,38.4739],[20.6258,38.3518],[20.6261,38.3284],[20.5991,38.3026],[20.6305,38.258],[20.6429,38.2534],[20.6817,38.2821],[20.6748,38.2678],[20.6935,38.2646],[20.709,38.227],[20.7513,38.1968],[20.7622,38.1704],[20.805,38.1158],[20.8047,38.083],[20.7947,38.0661],[20.7184,38.0663]]]}},{"type":"Feature","properties":{},"geometry":{"type":"Polygon","coordinates":[[[26.1509,38.5304],[26.1444,38.4929],[26.1219,38.4875],[26.1424,38.4739],[26.1364,38.4677],[26.1541,38.4673],[26.1424,38.4466],[26.1393,38.4189],[26.1499,38.3436],[26.1636,38.3026],[26.1371,38.2996],[26.1135,38.2842],[26.1022,38.2617],[26.1121,38.2226],[26.04,38.2002],[26.0259,38.1671],[26.0098,38.1567],[25.9646,38.1719],[25.9424,38.195],[25.9245,38.2031],[25.9104,38.227],[25.8898,38.2206],[25.8898,38.248],[25.8733,38.2397],[25.8661,38.2457],[25.8762,38.2753],[25.9172,38.289],[25.9343,38.3026],[25.9644,38.3026],[25.9756,38.3372],[25.9922,38.3436],[25.987,38.3548],[25.989,38.3793],[25.9854,38.392],[25.978,38.3852],[25.9675,38.3985],[25.9507,38.4057],[25.9556,38.4282],[25.9439,38.4534],[25.9319,38.4632],[25.8898,38.4739],[25.8433,38.5153],[25.8328,38.5441],[25.8489,38.5804],[25.9954,38.6042],[26.0159,38.602],[26.064,38.59],[26.1082,38.5428],[26.1219,38.5565],[26.1157,38.5633],[26.1436,38.5644],[26.1636,38.5428],[26.1509,38.5304]]]}},{"type":"Feature","properties":{},"geometry":{"type":"Polygon","coordinates":[[[3.3831,39.7779],[3.4398,39.752],[3.4744,39.7497],[3.4685,39.7393],[3.4744,39.7155],[3.4614,39.7001],[3.4675,39.6876],[3.4539,39.6597],[3.4432,39.6458],[3.4131,39.6351],[3.4019,39.6232],[3.3987,39.6077],[3.406,39.592],[3.3233,39.5239],[3.2918,39.4758],[3.2825,39.4201],[3.2688,39.4276],[3.2526,39.3862],[3.221,39.3599],[3.1294,39.3157],[3.0608,39.2691],[3.0293,39.3046],[3.0013,39.3177],[2.9914,39.3473],[2.9588,39.3632],[2.9126,39.3587],[2.8255,39.3636],[2.7866,39.3759],[2.7617,39.4002],[2.7512,39.4548],[2.7366,39.4621],[2.7549,39.5026],[2.7435,39.5234],[2.6817,39.5587],[2.6553,39.5647],[2.5691,39.5315],[2.5557,39.52],[2.5449,39.493],[2.5202,39.4728],[2.4927,39.4702],[2.469,39.5059],[2.4806,39.5162],[2.4539,39.5374],[2.4382,39.5252],[2.426,39.5374],[2.3919,39.5237],[2.3821,39.5292],[2.3737,39.5472],[2.3556,39.5587],[2.3508,39.5765],[2.3577,39.6119],[2.4683,39.6594],[2.5176,39.7001],[2.5697,39.7131],[2.6177,39.7497],[2.6314,39.7701],[2.6519,39.7701],[2.7106,39.8185],[2.7474,39.8316],[2.7848,39.8567],[2.8032,39.8616],[2.8132,39.8726],[2.8436,39.8726],[2.9333,39.9145],[3.0757,39.9361],[3.1795,39.9688],[3.1931,39.9551],[3.2013,39.9605],[3.2142,39.9551],[3.1409,39.9281],[3.1155,39.9088],[3.0969,39.9135],[3.0947,39.8812],[3.1302,39.8764],[3.2068,39.893],[3.1872,39.8544],[3.1336,39.8395],[3.1263,39.8319],[3.1248,39.8111],[3.1365,39.7888],[3.1626,39.7691],[3.2239,39.7497],[3.2925,39.7497],[3.3545,39.7844],[3.3831,39.7779]]]}},{"type":"Feature","properties":{},"geometry":{"type":"Polygon","coordinates":[[[4.3073,39.9105],[4.3371,39.8672],[4.3029,39.8876],[4.3001,39.8218],[4.2481,39.8165],[4.1772,39.8433],[4.0151,39.9258],[3.9814,39.9361],[3.9413,39.9368],[3.8693,39.9255],[3.8307,39.9361],[3.8391,39.9756],[3.8505,39.9839],[3.8147,40.0],[4.2484,40.0],[4.2734,39.97],[4.2724,39.9553],[4.2546,39.9497],[4.298,39.942],[4.3073,39.9105]]]}},{"type":"Feature","properties":{},"geometry":{"type":"Polygon","coordinates":[[[54.4969,12.5469],[54.5161,12.5584],[54.5403,12.5502],[54.5279,12.5374],[54.4574,12.5192],[54.4467,12.5111],[54.4447,12.4847],[54.4023,12.4672],[54.3282,12.4435],[54.2833,12.4473],[54.2459,12.4335],[54.2188,12.3994],[54.1405,12.3513],[54.0475,12.353],[54.0309,12.3484],[54.0082,12.3299],[53.97,12.3419],[53.7312,12.3004],[53.6729,12.3063],[53.5721,12.3346],[53.5056,12.4163],[53.4794,12.4252],[53.3342,12.5155],[53.3069,12.5434],[53.3157,12.5503],[53.3425,12.5426],[53.363,12.5449],[53.3894,12.5608],[53.4032,12.598],[53.396,12.6565],[53.4701,12.6714],[53.4999,12.7121],[53.5189,12.7144],[53.6062,12.7],[53.6548,12.7048],[53.7629,12.6197],[53.8461,12.5986],[53.8664,12.6229],[53.876,12.6473],[53.9034,12.653],[53.9402,12.6424],[54.0081,12.6457],[54.0583,12.6712],[54.093,12.6989],[54.1194,12.7011],[54.1679,12.665],[54.1955,12.6754],[54.2188,12.6527],[54.26,12.6475],[54.2693,12.6321],[54.3195,12.611],[54.3601,12.6027],[54.4707,12.5436],[54.4969,12.5469]]]}},{"type":"Feature","properties":{},"geometry":{"type":"Polygon","coordinates":[[[40.3735,15.6444],[40.4063,15.6381],[40.4142,15.5983],[40.4081,15.58],[40.3939,15.5723],[40.3566,15.5862],[40.2874,15.573],[40.2311,15.5964],[40.2083,15.5997],[40.1587,15.5895],[40.1433,15.5922],[40.1228,15.614],[40.1022,15.5891],[40.0853,15.5876],[40.0015,15.6113],[39.9789,15.6065],[39.9639,15.6263],[39.9373,15.7021],[39.9557,15.6997],[39.9509,15.6884],[39.9651,15.6779],[39.9714,15.6611],[39.9883,15.6647],[40.0266,15.6474],[40.0813,15.6611],[40.063,15.6929],[40.0386,15.719],[40.0088,15.7366],[39.9751,15.7431],[39.9421,15.7364],[39.9304,15.7396],[39.9236,15.7573],[39.925,15.777],[39.9338,15.7882],[39.9468,15.7899],[39.9767,15.771],[39.99,15.7699],[39.9939,15.7779],[39.9753,15.8153],[39.995,15.8247],[40.0335,15.8262],[40.0374,15.8384],[40.0194,15.8681],[40.0093,15.874],[39.9744,15.8718],[39.9509,15.8939],[40.0262,15.8826],[40.0627,15.8688],[40.0916,15.8498],[40.1056,15.8286],[40.0902,15.8031],[40.0881,15.7921],[40.0957,15.7846],[40.1228,15.7921],[40.1154,15.809],[40.126,15.8119],[40.1365,15.8062],[40.1331,15.7112],[40.1638,15.6444],[40.2321,15.627],[40.2474,15.655],[40.2616,15.6632],[40.2278,15.674],[40.2191,15.6854],[40.2266,15.6965],[40.2669,15.7035],[40.3076,15.6972],[40.3215,15.6884],[40.3299,15.6643],[40.3735,15.6444]]]}},{"type":"Feature","properties":{},"geometry":{"type":"Polygon","coordinates":[[[42.1864,16.7055],[42.1766,16.6516],[42.1882,16.6053],[42.1786,16.5835],[42.1558,16.585],[42.128,16.6174],[42.0838,16.6267],[42.0732,16.6358],[42.1176,16.6599],[42.1111,16.6805],[42.0858,16.6935],[42.0106,16.6826],[41.9755,16.6636],[41.9555,16.6701],[41.9169,16.7051],[41.8941,16.7104],[41.8434,16.7467],[41.8314,16.7674],[41.8249,16.7982],[41.8076,16.8099],[41.7782,16.8127],[41.7796,16.841],[41.7556,16.8784],[41.7571,16.8964],[41.8281,16.8586],[41.8601,16.8211],[41.8633,16.7851],[41.9051,16.7476],[41.9414,16.7512],[41.9533,16.7331],[42.011,16.7391],[42.023,16.7274],[42.0229,16.7159],[42.035,16.7158],[42.0646,16.7284],[42.0365,16.7337],[42.0217,16.7558],[42.0479,16.8121],[42.0622,16.8142],[42.1041,16.7923],[42.1053,16.7756],[42.1185,16.7549],[42.1165,16.7442],[42.1412,16.7406],[42.1477,16.7213],[42.1864,16.7055]]]}},{"type":"Feature","properties":{},"geometry":{"type":"Polygon","coordinates":[[[41.9189,16.7912],[41.835,16.8918],[41.8462,16.9013],[41.888,16.9078],[41.911,16.936],[41.9231,16.9351],[41.9285,16.9549],[41.9209,16.9789],[41.8941,16.9907],[41.8462,16.9975],[41.8438,17.0019],[41.8609,17.0136],[41.8633,17.005],[41.8957,17.0019],[41.9212,16.992],[41.9382,16.9729],[41.9452,16.9423],[41.9399,16.9015],[41.9438,16.8835],[41.976,16.8755],[41.9852,16.8536],[41.9441,16.853],[41.9323,16.8384],[41.9382,16.8214],[41.9954,16.797],[42.0018,16.761],[41.9725,16.7779],[41.9189,16.7912]]]}},{"type":"Feature","properties":{},"geometry":{"type":"Polygon","coordinates":[[[58.9084,20.6047],[58.9539,20.5199],[58.95,20.5089],[58.8441,20.4373],[58.8083,20.3796],[58.7876,20.3145],[58.7852,20.2795],[58.7243,20.2152],[58.6913,20.2077],[58.6746,20.1795],[58.6522,20.1705],[58.6426,20.1872],[58.6375,20.2185],[58.6359,20.277],[58.6482,20.3688],[58.6646,20.3878],[58.6939,20.4072],[58.7007,20.4311],[58.7512,20.4401],[58.7689,20.4516],[58.7808,20.467],[58.7956,20.5384],[58.8529,20.6133],[58.8826,20.6825],[58.8913,20.6943],[58.9063,20.698],[58.9183,20.6815],[58.9063,20.626],[58.9084,20.6047]]]}},{"type":"Feature","properties":{},"geometry":{"type":"Polygon","coordinates":[[[56.2321,26.9988],[56.2795,26.9738],[56.2874,26.9551],[56.2552,26.9388],[56.1935,26.9245],[56.1714,26.9068],[56.1372,26.8447],[56.0808,26.7853],[56.0428,26.7681],[55.9764,26.7116],[55.947,26.6963],[55.924,26.705],[55.8766,26.7429],[55.7727,26.6884],[55.7058,26.6945],[55.6856,26.6905],[55.5029,26.5949],[55.4412,26.5886],[55.3695,26.5641],[55.3396,26.569],[55.3307,26.5536],[55.3198,26.5483],[55.2984,26.5436],[55.2905,26.5485],[55.2806,26.5847],[55.2892,26.6136],[55.2738,26.6498],[55.2847,26.6602],[55.3319,26.6453],[55.3519,26.6474],[55.4048,26.674],[55.5742,26.7207],[55.6404,26.7606],[55.7058,26.7833],[55.7468,26.7833],[55.7742,26.7969],[55.7668,26.8105],[55.7821,26.8262],[55.7857,26.845],[55.781,26.8896],[55.7732,26.9067],[55.7326,26.9409],[55.758,26.954],[55.8977,26.9068],[55.9356,26.9148],[56.041,26.9757],[56.1732,27.0023],[56.2321,26.9988]]]}},{"type":"Feature","properties":{},"geometry":{"type":"Polygon","coordinates":[[[48.3338,29.6793],[48.2663,29.616],[48.229,29.5999],[48.1858,29.6039],[48.1616,29.6297],[48.1267,29.7023],[48.0851,29.7678],[48.0461,29.8004],[48.1133,29.8391],[48.1192,29.8736],[48.0851,29.8799],[48.0951,29.8947],[48.1092,29.8936],[48.1336,29.8799],[48.1587,29.8792],[48.1665,29.8859],[48.1608,29.9016],[48.1937,29.9164],[48.1974,29.9254],[48.1813,29.9351],[48.1472,29.9351],[48.1404,29.9698],[48.1227,29.9697],[48.1167,29.9741],[48.1209,29.9814],[48.1621,29.9957],[48.1887,29.9835],[48.3445,29.7906],[48.3595,29.7545],[48.3527,29.7098],[48.3338,29.6793]]]}},{"type":"Feature","properties":{},"geometry":{"type":"Polygon","coordinates":[[[34.0285,27.502],[34.0384,27.4666],[34.0513,27.4486],[34.0311,27.4515],[34.0071,27.4761],[33.9761,27.4874],[33.9563,27.5044],[33.9338,27.4947],[33.9136,27.5237],[33.9331,27.5364],[33.9641,27.5341],[33.9939,27.5143],[34.0285,27.502]]]}},{"type":"Feature","properties":{},"geometry":{"type":"Polygon","coordinates":[[[-12.2966,-37.0592],[-12.245,-37.0592],[-12.1913,-37.0905],[-12.2003,-37.1041],[-12.2448,-37.1379],[-12.2638,-37.149],[-12.2766,-37.1492],[-12.3353,-37.1043],[-12.2966,-37.0592]]]}},{"type":"Feature","properties":{},"geometry":{"type":"Polygon","coordinates":[[[35.481,-21.5296],[35.49,-21.5302],[35.4955,-21.5455],[35.4907,-21.6419],[35.4553,-21.7813],[35.4349,-21.7829],[35.4271,-21.7688],[35.4266,-21.749],[35.4375,-21.6729],[35.4696,-21.5491],[35.481,-21.5296]]]}},{"type":"Feature","properties":{},"geometry":{"type":"Polygon","coordinates":[[[11.7267,-16.6566],[11.7385,-16.7058],[11.7158,-16.685],[11.702,-16.6557],[11.6694,-16.5572],[11.6714,-16.5297],[11.702,-16.5004],[11.7197,-16.5061],[11.7267,-16.6566]]]}},{"type":"Feature","properties":{},"geometry":{"type":"Polygon","coordinates":[[[46.4478,-9.3377],[46.5252,-9.3813],[46.4546,-9.4264],[46.3807,-9.4246],[46.2998,-9.4493],[46.2344,-9.4523],[46.2074,-9.3855],[46.2305,-9.4137],[46.2741,-9.4264],[46.3205,-9.4238],[46.3516,-9.4059],[46.396,-9.3984],[46.4346,-9.3781],[46.4408,-9.3855],[46.4478,-9.3781],[46.4688,-9.3855],[46.4688,-9.3781],[46.4528,-9.3624],[46.4478,-9.3377]]]}},{"type":"Feature","properties":{},"geometry":{"type":"Polygon","coordinates":[[[7.5742,4.4879],[7.5845,4.4846],[7.57,4.4594],[7.499,4.4545],[7.4492,4.4366],[7.3582,4.4393],[7.3428,4.4471],[7.3369,4.4602],[7.3462,4.4782],[7.4046,4.498],[7.4696,4.4714],[7.5742,4.4879]]]}},{"type":"Feature","properties":{},"geometry":{"type":"Polygon","coordinates":[[[-15.9717,11.1299],[-15.9843,11.1013],[-16.0171,11.0687],[-16.0325,11.1215],[-16.0221,11.1388],[-16.045,11.1387],[-16.0561,11.1486],[-16.057,11.1636],[-16.0345,11.1905],[-15.9812,11.2071],[-15.9717,11.1299]]]}},{"type":"Feature","properties":{},"geometry":{"type":"Polygon","coordinates":[[[-15.8312,11.303],[-15.8258,11.2927],[-15.8365,11.2555],[-15.8376,11.214],[-15.8465,11.201],[-15.8713,11.2003],[-15.8961,11.2182],[-15.8965,11.2487],[-15.8808,11.2806],[-15.8571,11.3027],[-15.8312,11.303]]]}},{"type":"Feature","properties":{},"geometry":{"type":"Polygon","coordinates":[[[-16.2385,11.2153],[-16.2828,11.2307],[-16.2779,11.2524],[-16.2611,11.2617],[-16.2625,11.2786],[-16.2487,11.2944],[-16.2293,11.3041],[-16.214,11.3027],[-16.2065,11.3101],[-16.1975,11.2984],[-16.1588,11.2965],[-16.1513,11.2555],[-16.1728,11.2446],[-16.1773,11.2352],[-16.173,11.2208],[-16.2385,11.2153]]]}},{"type":"Feature","properties":{},"geometry":{"type":"Polygon","coordinates":[[[-16.214,11.4404],[-16.3021,11.4535],[-16.2554,11.4827],[-16.2367,11.508],[-16.1831,11.5185],[-16.1655,11.5156],[-16.1606,11.5056],[-16.1642,11.4961],[-16.214,11.4404]]]}},{"type":"Feature","properties":{},"geometry":{"type":"Polygon","coordinates":[[[-16.2817,11.4932],[-16.3138,11.4805],[-16.3368,11.5019],[-16.3915,11.5019],[-16.4194,11.4882],[-16.412,11.5019],[-16.4183,11.5144],[-16.412,11.5224],[-16.4263,11.5292],[-16.3891,11.5477],[-16.31,11.5535],[-16.2828,11.5838],[-16.2679,11.5769],[-16.248,11.5838],[-16.2413,11.5702],[-16.2445,11.5522],[-16.2817,11.4932]]]}},{"type":"Feature","properties":{},"geometry":{"type":"Polygon","coordinates":[[[-24.6931,14.8907],[-24.6839,14.8594],[-24.6869,14.8266],[-24.7106,14.8039],[-24.718,14.8039],[-24.7515,14.8388],[-24.7589,14.8319],[-24.7532,14.8494],[-24.7589,14.8666],[-24.7454,14.8666],[-24.7494,14.8855],[-24.7376,14.892],[-24.7043,14.9008],[-24.6931,14.8907]]]}},{"type":"Feature","properties":{},"geometry":{"type":"Polygon","coordinates":[[[26.9246,35.4177],[27.012,35.4377],[27.0134,35.4313],[26.9997,35.4245],[27.0071,35.3978],[26.9588,35.3903],[26.8767,35.3494],[26.8643,35.3536],[26.8484,35.3724],[26.8901,35.4072],[26.9002,35.4245],[26.9246,35.4177]]]}},{"type":"Feature","properties":{},"geometry":{"type":"Polygon","coordinates":[[[27.3875,36.4208],[27.3996,36.4101],[27.4207,36.4086],[27.4385,36.4182],[27.4447,36.4045],[27.4282,36.3852],[27.3993,36.3787],[27.3779,36.382],[27.3648,36.3934],[27.3574,36.4102],[27.3628,36.425],[27.3496,36.4312],[27.315,36.4114],[27.2944,36.4355],[27.3006,36.4735],[27.3102,36.4577],[27.3558,36.4796],[27.3685,36.4724],[27.3817,36.4442],[27.3968,36.4387],[27.3875,36.4208]]]}},{"type":"Feature","properties":{},"geometry":{"type":"Polygon","coordinates":[[[23.5711,37.3583],[23.5233,37.3466],[23.5051,37.3498],[23.5088,37.3299],[23.4968,37.32],[23.3743,37.3027],[23.3743,37.3095],[23.4636,37.3573],[23.5872,37.3709],[23.5711,37.3583]]]}},{"type":"Feature","properties":{},"geometry":{"type":"Polygon","coordinates":[[[23.5632,37.7683],[23.5449,37.7451],[23.5462,37.7335],[23.5321,37.7253],[23.5256,37.6925],[23.4841,37.6789],[23.4574,37.6925],[23.4574,37.6993],[23.469,37.705],[23.4683,37.7145],[23.4344,37.7336],[23.4245,37.7618],[23.4256,37.7682],[23.5462,37.7744],[23.5632,37.7683]]]}},{"type":"Feature","properties":{},"geometry":{"type":"Polygon","coordinates":[[[8.3058,39.1933],[8.312,39.1203],[8.3058,39.1046],[8.29,39.0988],[8.2547,39.1071],[8.2573,39.1244],[8.2246,39.157],[8.23,39.1728],[8.2453,39.181],[8.3058,39.1933]]]}},{"type":"Feature","properties":{},"geometry":{"type":"Polygon","coordinates":[[[63.4939,-19.6819],[63.4896,-19.7014],[63.4694,-19.7229],[63.4165,-19.7364],[63.3664,-19.7672],[63.3323,-19.7364],[63.3352,-19.7179],[63.3433,-19.7097],[63.3892,-19.6847],[63.4543,-19.6699],[63.4939,-19.6819]]]}},{"type":"Feature","properties":{},"geometry":{"type":"Polygon","coordinates":[[[52.3194,12.1883],[52.3747,12.2006],[52.3895,12.1973],[52.3947,12.1873],[52.3711,12.1716],[52.3885,12.1489],[52.36,12.1539],[52.3306,12.1462],[52.2402,12.1569],[52.2244,12.1803],[52.1799,12.1728],[52.1624,12.1974],[52.1367,12.2045],[52.1123,12.1986],[52.0685,12.222],[52.0641,12.2355],[52.1184,12.2415],[52.1478,12.2349],[52.2004,12.2064],[52.2892,12.2008],[52.3194,12.1883]]]}},{"type":"Feature","properties":{},"geometry":{"type":"Polygon","coordinates":[[[56.0553,17.5598],[56.0679,17.5322],[56.0956,17.5189],[56.0469,17.4934],[55.9868,17.4929],[55.9728,17.4984],[55.9642,17.5199],[55.9906,17.5354],[56.0553,17.5598]]]}},{"type":"Feature","properties":{},"geometry":{"type":"Polygon","coordinates":[[[54.1808,24.2451],[54.1126,24.2717],[54.1016,24.2978],[54.1152,24.3185],[54.137,24.3269],[54.1883,24.2775],[54.1988,24.2531],[54.1908,24.2272],[54.1808,24.2451]]]}},{"type":"Feature","properties":{},"geometry":{"type":"Polygon","coordinates":[[[53.9631,26.4922],[53.9231,26.5065],[53.9028,26.5362],[53.9129,26.5502],[53.9455,26.5651],[54.0188,26.5556],[54.0331,26.5504],[54.0365,26.5268],[54.0505,26.5178],[54.048,26.4938],[54.0369,26.4884],[53.9631,26.4922]]]}},{"type":"Feature","properties":{},"geometry":{"type":"Polygon","coordinates":[[[53.2991,26.7907],[53.2053,26.8062],[53.1494,26.8479],[53.1781,26.8569],[53.2625,26.8336],[53.3374,26.8287],[53.3607,26.8205],[53.382,26.8031],[53.3291,26.8026],[53.2991,26.7907]]]}},{"type":"Feature","properties":{},"geometry":{"type":"Polygon","coordinates":[[[49.5851,27.3443],[49.6888,27.3177],[49.6704,27.3114],[49.6238,27.3244],[49.6073,27.3225],[49.5654,27.2978],[49.5381,27.3115],[49.5381,27.3177],[49.554,27.3283],[49.5313,27.3462],[49.4876,27.3341],[49.4562,27.2904],[49.4536,27.3164],[49.4722,27.342],[49.5012,27.3605],[49.5425,27.3637],[49.5851,27.3443]]]}},{"type":"Feature","properties":{},"geometry":{"type":"Polygon","coordinates":[[[48.3539,29.4574],[48.389,29.4249],[48.3995,29.3976],[48.3974,29.3875],[48.373,29.3939],[48.3359,29.4206],[48.3169,29.427],[48.2692,29.4297],[48.27,29.456],[48.2811,29.4711],[48.2985,29.4731],[48.3539,29.4574]]]}},{"type":"Feature","properties":{},"geometry":{"type":"Polygon","coordinates":[[[39.9436,-16.2793],[39.9418,-16.3225],[39.9151,-16.349],[39.9033,-16.4098],[39.8785,-16.4169],[39.8564,-16.4099],[39.8325,-16.3905],[39.8177,-16.3562],[39.8213,-16.3174],[39.8323,-16.2998],[39.8608,-16.2865],[39.9095,-16.2758],[39.9436,-16.2793]]]}},{"type":"Feature","properties":{},"geometry":{"type":"Polygon","coordinates":[[[39.742,-7.9948],[39.7967,-7.9925],[39.8015,-8.0066],[39.7194,-8.0926],[39.7028,-8.0914],[39.6969,-8.0749],[39.7147,-8.0278],[39.742,-7.9948]]]}},{"type":"Feature","properties":{},"geometry":{"type":"Polygon","coordinates":[[[26.8643,37.1533],[26.8869,37.1057],[26.8616,37.0973],[26.8376,37.1047],[26.8376,37.1121],[26.8523,37.1246],[26.8172,37.1199],[26.8104,37.1294],[26.8169,37.1466],[26.7762,37.1697],[26.7727,37.1827],[26.7842,37.1915],[26.798,37.1906],[26.8003,37.1993],[26.8083,37.2003],[26.8498,37.1873],[26.8529,37.1818],[26.8441,37.162],[26.8643,37.1533]]]}},{"type":"Feature","properties":{},"geometry":{"type":"Polygon","coordinates":[[[33.9706,26.7907],[33.9955,26.7517],[34.0036,26.7082],[33.9896,26.7203],[33.9551,26.79],[33.9706,26.7907]]]}},{"type":"Feature","properties":{},"geometry":{"type":"Polygon","coordinates":[[[42.7244,-17.0636],[42.7381,-17.0573],[42.7588,-17.0606],[42.7518,-17.0761],[42.7244,-17.0636]]]}},{"type":"Feature","properties":{},"geometry":{"type":"Polygon","coordinates":[[[46.5098,-9.72],[46.4905,-9.7555],[46.4797,-9.7511],[46.4785,-9.7404],[46.487,-9.7302],[46.5098,-9.72]]]}},{"type":"Feature","properties":{},"geometry":{"type":"Polygon","coordinates":[[[47.5073,-9.6982],[47.513,-9.6944],[47.5158,-9.7001],[47.5073,-9.7131],[47.5073,-9.6982]]]}},{"type":"Feature","properties":{},"geometry":{"type":"Polygon","coordinates":[[[53.3416,-5.4299],[53.3447,-5.441],[53.334,-5.4202],[53.3416,-5.4299]]]}},{"type":"Feature","properties":{},"geometry":{"type":"Polygon","coordinates":[[[55.6659,-3.8118],[55.6585,-3.8117],[55.6519,-3.8012],[55.6597,-3.7911],[55.6659,-3.8118]]]}},{"type":"Feature","properties":{},"geometry":{"type":"Polygon","coordinates":[[[32.8954,-26.0284],[32.9183,-26.0014],[32.9826,-25.969],[32.9751,-26.0095],[32.9645,-26.038],[32.9519,-26.053],[32.9347,-26.0441],[32.9268,-26.0283],[32.9136,-26.0305],[32.9067,-26.0578],[32.8954,-26.0284]]]}},{"type":"Feature","properties":{},"geometry":{"type":"Polygon","coordinates":[[[45.2622,-12.7634],[45.2826,-12.7434],[45.2909,-12.774],[45.2826,-12.8049],[45.2757,-12.8049],[45.2622,-12.7634]]]}},{"type":"Feature","properties":{},"geometry":{"type":"Polygon","coordinates":[[[56.5256,-10.3273],[56.5357,-10.3239],[56.5428,-10.3464],[56.5686,-10.3864],[56.5693,-10.4065],[56.5298,-10.353],[56.5256,-10.3273]]]}},{"type":"Feature","properties":{},"geometry":{"type":"Polygon","coordinates":[[[46.2821,-9.3481],[46.2761,-9.3393],[46.3152,-9.3264],[46.4271,-9.3377],[46.4107,-9.3533],[46.3794,-9.357],[46.3311,-9.3439],[46.3184,-9.3508],[46.2821,-9.3481]]]}},{"type":"Feature","properties":{},"geometry":{"type":"Polygon","coordinates":[[[56.2588,-7.1402],[56.2694,-7.1198],[56.2874,-7.11],[56.2725,-7.1536],[56.2471,-7.1926],[56.2588,-7.1402]]]}},{"type":"Feature","properties":{},"geometry":{"type":"Polygon","coordinates":[[[12.9339,-5.8738],[12.9946,-5.8682],[12.9693,-5.888],[12.8844,-5.9079],[12.8393,-5.9276],[12.8074,-5.954],[12.7832,-5.9606],[12.7611,-5.9584],[12.7451,-5.9402],[12.8282,-5.8718],[12.9339,-5.8738]]]}},{"type":"Feature","properties":{},"geometry":{"type":"Polygon","coordinates":[[[55.242,-4.504],[55.228,-4.4875],[55.2214,-4.4635],[55.2254,-4.4449],[55.2599,-4.463],[55.2692,-4.4802],[55.2603,-4.5001],[55.242,-4.504]]]}},{"type":"Feature","properties":{},"geometry":{"type":"Polygon","coordinates":[[[55.7176,-4.3301],[55.6846,-4.3189],[55.6772,-4.2964],[55.7044,-4.2902],[55.7187,-4.3032],[55.7467,-4.3114],[55.7545,-4.3211],[55.7772,-4.3185],[55.787,-4.3306],[55.7709,-4.3313],[55.768,-4.3503],[55.7591,-4.3584],[55.7468,-4.3581],[55.7328,-4.3522],[55.7176,-4.3301]]]}},{"type":"Feature","properties":{},"geometry":{"type":"Polygon","coordinates":[[[5.62,-1.4446],[5.6228,-1.4229],[5.6331,-1.4158],[5.6463,-1.4384],[5.6428,-1.4628],[5.6289,-1.4757],[5.612,-1.4636],[5.6262,-1.4562],[5.62,-1.4446]]]}},{"type":"Feature","properties":{},"geometry":{"type":"Polygon","coordinates":[[[9.0335,-0.6354],[9.0415,-0.6699],[9.0387,-0.7437],[9.0066,-0.7621],[8.9929,-0.7612],[8.9685,-0.7374],[8.9712,-0.6959],[8.9529,-0.6728],[8.9517,-0.643],[9.0046,-0.5929],[9.0104,-0.611],[8.9972,-0.6202],[8.9972,-0.6276],[9.0335,-0.6354]]]}},{"type":"Feature","properties":{},"geometry":{"type":"Polygon","coordinates":[[[-15.6632,11.4922],[-15.6516,11.4882],[-15.6584,11.4739],[-15.6527,11.4661],[-15.6796,11.4404],[-15.6857,11.4535],[-15.7047,11.4427],[-15.7209,11.4427],[-15.7351,11.4499],[-15.7404,11.4604],[-15.7355,11.4694],[-15.7137,11.4678],[-15.6932,11.5019],[-15.6857,11.4945],[-15.6653,11.5087],[-15.6603,11.5047],[-15.6632,11.4922]]]}},{"type":"Feature","properties":{},"geometry":{"type":"Polygon","coordinates":[[[33.406,31.1845],[33.4759,31.1418],[33.2987,31.2128],[33.2698,31.2168],[33.3011,31.2159],[33.3525,31.1949],[33.406,31.1845]]]}},{"type":"Feature","properties":{},"geometry":{"type":"Polygon","coordinates":[[[33.1047,31.2403],[33.2625,31.2236],[33.2435,31.2193],[33.1531,31.2318],[33.119,31.2236],[33.1025,31.2268],[32.9559,31.1632],[32.9347,31.1479],[32.9465,31.1633],[33.0669,31.2174],[33.1047,31.2403]]]}},{"type":"Feature","properties":{},"geometry":{"type":"Polygon","coordinates":[[[-16.487,32.4917],[-16.5368,32.558],[-16.5423,32.5805],[-16.5067,32.5442],[-16.4921,32.5172],[-16.487,32.4917]]]}},{"type":"Feature","properties":{},"geometry":{"type":"Polygon","coordinates":[[[-16.3257,33.0658],[-16.3783,33.032],[-16.3983,33.0398],[-16.3983,33.0466],[-16.3799,33.0513],[-16.3617,33.0903],[-16.3413,33.1059],[-16.3171,33.1108],[-16.2959,33.1013],[-16.2891,33.1087],[-16.2898,33.0794],[-16.286,33.0675],[-16.2754,33.0602],[-16.3257,33.0658]]]}},{"type":"Feature","properties":{},"geometry":{"type":"Polygon","coordinates":[[[10.9641,34.6567],[10.9872,34.6718],[11.1013,34.671],[11.1108,34.6595],[11.0557,34.621],[10.9641,34.6567]]]}},{"type":"Feature","properties":{},"geometry":{"type":"Polygon","coordinates":[[[24.1284,34.8627],[24.1214,34.8361],[24.1353,34.815],[24.1086,34.8166],[24.0861,34.8263],[24.0464,34.8491],[24.0464,34.8553],[24.0931,34.8695],[24.1284,34.8627]]]}},{"type":"Feature","properties":{},"geometry":{"type":"Polygon","coordinates":[[[23.2959,35.886],[23.3158,35.8795],[23.3307,35.8649],[23.3333,35.8292],[23.3264,35.8292],[23.2957,35.8596],[23.2717,35.9042],[23.2959,35.886]]]}},{"type":"Feature","properties":{},"geometry":{"type":"Polygon","coordinates":[[[25.7302,36.3801],[25.7678,36.4016],[25.803,36.3896],[25.8355,36.3662],[25.8552,36.3636],[25.8469,36.3503],[25.8176,36.3636],[25.7769,36.3538],[25.7464,36.358],[25.7302,36.3801]]]}},{"type":"Feature","properties":{},"geometry":{"type":"Polygon","coordinates":[[[24.9479,36.6243],[24.9637,36.5963],[24.9229,36.6023],[24.8955,36.6243],[24.8498,36.6469],[24.8408,36.6652],[24.8682,36.6652],[24.9479,36.6243]]]}},{"type":"Feature","properties":{},"geometry":{"type":"Polygon","coordinates":[[[25.1858,36.7191],[25.1834,36.7062],[25.1296,36.6603],[25.0931,36.6366],[25.0674,36.6379],[25.1047,36.6994],[25.1463,36.7199],[25.1858,36.7191]]]}},{"type":"Feature","properties":{},"geometry":{"type":"Polygon","coordinates":[[[21.78,36.7475],[21.7816,36.7364],[21.7778,36.6994],[21.7642,36.7199],[21.7505,36.7124],[21.7595,36.7519],[21.78,36.7475]]]}},{"type":"Feature","properties":{},"geometry":{"type":"Polygon","coordinates":[[[24.6563,36.7829],[24.6677,36.764],[24.6594,36.7506],[24.6448,36.7473],[24.6082,36.7813],[24.6218,36.795],[24.6438,36.793],[24.6423,36.7888],[24.6563,36.7829]]]}},{"type":"Feature","properties":{},"geometry":{"type":"Polygon","coordinates":[[[21.697,36.7758],[21.7095,36.8017],[21.7293,36.795],[21.6958,36.7404],[21.697,36.7758]]]}},{"type":"Feature","properties":{},"geometry":{"type":"Polygon","coordinates":[[[24.6082,36.8291],[24.5728,36.7819],[24.5398,36.7845],[24.5212,36.8174],[24.5342,36.8361],[24.5618,36.8456],[24.5859,36.8365],[24.6008,36.8428],[24.6082,36.8291]]]}},{"type":"Feature","properties":{},"geometry":{"type":"Polygon","coordinates":[[[25.4231,36.8325],[25.447,36.8574],[25.4784,36.8707],[25.471,36.8632],[25.4785,36.86],[25.4778,36.8352],[25.4579,36.8249],[25.4344,36.8227],[25.4231,36.8325]]]}},{"type":"Feature","properties":{},"geometry":{"type":"Polygon","coordinates":[[[25.6146,36.8937],[25.6497,36.9116],[25.6844,36.8912],[25.674,36.8795],[25.6546,36.8789],[25.6087,36.8837],[25.6146,36.8937]]]}},{"type":"Feature","properties":{},"geometry":{"type":"Polygon","coordinates":[[[-7.904,36.9748],[-7.884,36.9809],[-7.8601,37.0004],[-7.8533,36.9868],[-7.8785,36.9709],[-7.9039,36.9659],[-7.9557,36.9731],[-7.9557,36.9805],[-7.904,36.9748]]]}},{"type":"Feature","properties":{},"geometry":{"type":"Polygon","coordinates":[[[25.0667,36.9551],[25.0305,36.989],[25.0259,37.0079],[25.0532,37.0344],[25.0879,37.042],[25.0599,36.9731],[25.0811,36.9526],[25.0667,36.9551]]]}},{"type":"Feature","properties":{},"geometry":{"type":"Polygon","coordinates":[[[25.8074,37.1034],[25.8005,37.0959],[25.7805,37.124],[25.7974,37.1232],[25.8346,37.1376],[25.8284,37.124],[25.8421,37.1103],[25.8368,37.1024],[25.8291,37.0973],[25.8074,37.1034]]]}},{"type":"Feature","properties":{},"geometry":{"type":"Polygon","coordinates":[[[23.1185,37.2878],[23.1585,37.2714],[23.1624,37.2442],[23.152,37.24],[23.131,37.2437],[23.0944,37.2747],[23.1185,37.2878]]]}},{"type":"Feature","properties":{},"geometry":{"type":"Polygon","coordinates":[[[23.4818,37.5565],[23.492,37.5391],[23.5256,37.528],[23.5256,37.5218],[23.4812,37.5096],[23.4363,37.5218],[23.4363,37.528],[23.4754,37.5408],[23.4818,37.5565]]]}},{"type":"Feature","properties":{},"geometry":{"type":"Polygon","coordinates":[[[-0.7419,37.7255],[-0.7401,37.7025],[-0.7265,37.6652],[-0.7469,37.6838],[-0.7545,37.7744],[-0.7494,37.7749],[-0.7327,37.7477],[-0.7419,37.7255]]]}},{"type":"Feature","properties":{},"geometry":{"type":"Polygon","coordinates":[[[12.2732,37.9395],[12.3142,37.9464],[12.3368,37.9331],[12.3688,37.9252],[12.3577,37.914],[12.3421,37.9132],[12.3142,37.9252],[12.2997,37.9193],[12.2878,37.9215],[12.2732,37.9395]]]}},{"type":"Feature","properties":{},"geometry":{"type":"Polygon","coordinates":[[[14.9663,38.4187],[14.9937,38.403],[15.0073,38.3777],[14.9868,38.3641],[14.9483,38.3964],[14.9453,38.4123],[14.9588,38.4329],[14.9663,38.4329],[14.9663,38.4187]]]}},{"type":"Feature","properties":{},"geometry":{"type":"Polygon","coordinates":[[[14.8994,38.4817],[14.9097,38.5153],[14.9248,38.5224],[14.9579,38.522],[14.9661,38.5163],[14.9588,38.5019],[14.9793,38.4875],[14.9793,38.4814],[14.9526,38.4814],[14.9663,38.4534],[14.9487,38.4509],[14.8994,38.4817]]]}},{"type":"Feature","properties":{},"geometry":{"type":"Polygon","coordinates":[[[14.8617,38.5393],[14.824,38.5518],[14.7938,38.5716],[14.815,38.5838],[14.867,38.5811],[14.877,38.5695],[14.8617,38.5393]]]}},{"type":"Feature","properties":{},"geometry":{"type":"Polygon","coordinates":[[[20.9193,38.5791],[20.9076,38.549],[20.8939,38.549],[20.8939,38.5565],[20.9321,38.603],[20.9411,38.6042],[20.9193,38.5791]]]}},{"type":"Feature","properties":{},"geometry":{"type":"Polygon","coordinates":[[[25.5889,38.6117],[25.6223,38.5838],[25.6149,38.577],[25.605,38.5353],[25.5715,38.5412],[25.5608,38.5353],[25.5608,38.5633],[25.5232,38.5974],[25.5261,38.6042],[25.533,38.6069],[25.5466,38.5974],[25.5601,38.6093],[25.5808,38.6042],[25.5808,38.6117],[25.5889,38.6117]]]}},{"type":"Feature","properties":{},"geometry":{"type":"Polygon","coordinates":[[[23.4253,39.1487],[23.3953,39.1461],[23.3987,39.1636],[23.4295,39.1762],[23.4447,39.1985],[23.4705,39.2138],[23.5038,39.1943],[23.5129,39.1785],[23.5051,39.1591],[23.489,39.1688],[23.4751,39.1578],[23.4605,39.1318],[23.4253,39.1487]]]}},{"type":"Feature","properties":{},"geometry":{"type":"Polygon","coordinates":[[[20.1404,39.2417],[20.1901,39.2026],[20.2019,39.1796],[20.1687,39.1828],[20.1587,39.1892],[20.1281,39.2231],[20.1253,39.236],[20.1404,39.2417]]]}},{"type":"Feature","properties":{},"geometry":{"type":"Polygon","coordinates":[[[25.0474,39.5454],[25.0404,39.5206],[24.9917,39.467],[24.9849,39.467],[24.9736,39.5146],[24.9766,39.5377],[24.9979,39.5502],[24.9945,39.5582],[25.0032,39.5632],[25.0474,39.5454]]]}},{"type":"Feature","properties":{},"geometry":{"type":"Polygon","coordinates":[[[26.0772,39.8447],[26.083,39.8349],[26.0817,39.8],[26.075,39.7849],[26.0591,39.7861],[25.9971,39.8142],[25.9837,39.8221],[25.978,39.8342],[25.986,39.8422],[26.0042,39.8452],[26.0511,39.8441],[26.0606,39.8376],[26.0772,39.8447]]]}},{"type":"Feature","properties":{},"geometry":{"type":"Polygon","coordinates":[[[52.7472,-7.0051],[52.7422,-7.0017],[52.7419,-6.9943],[52.7472,-7.0051]]]}},{"type":"Feature","properties":{},"geometry":{"type":"Polygon","coordinates":[[[55.3818,-5.8655],[55.3801,-5.8691],[55.3828,-5.8539],[55.3818,-5.8655]]]}},{"type":"Feature","properties":{},"geometry":{"type":"Polygon","coordinates":[[[53.2681,12.1288],[53.2869,12.1273],[53.3082,12.1184],[53.3103,12.1114],[53.2631,12.1149],[53.2483,12.1213],[53.2681,12.1288]]]}},{"type":"Feature","properties":{},"geometry":{"type":"Polygon","coordinates":[[[53.0684,12.1749],[53.0829,12.1648],[53.0871,12.1486],[53.0864,12.1343],[53.0718,12.1303],[53.0566,12.1283],[52.9853,12.1627],[52.9887,12.1722],[53.004,12.1769],[53.0385,12.1803],[53.0684,12.1749]]]}},{"type":"Feature","properties":{},"geometry":{"type":"Polygon","coordinates":[[[43.4422,12.6672],[43.449,12.653],[43.4474,12.6387],[43.4358,12.6321],[43.4114,12.6527],[43.3928,12.6531],[43.3901,12.6663],[43.429,12.6738],[43.4422,12.6672]]]}},{"type":"Feature","properties":{},"geometry":{"type":"Polygon","coordinates":[[[55.8324,17.5004],[55.8371,17.5101],[55.863,17.5189],[55.8908,17.5045],[55.8758,17.4959],[55.8362,17.4909],[55.8324,17.5004]]]}},{"type":"Feature","properties":{},"geometry":{"type":"Polygon","coordinates":[[[37.2653,20.855],[37.2835,20.8327],[37.2718,20.7661],[37.2645,20.75],[37.2544,20.7498],[37.2442,20.7727],[37.2434,20.804],[37.2508,20.8347],[37.2653,20.855]]]}},{"type":"Feature","properties":{},"geometry":{"type":"Polygon","coordinates":[[[54.5332,26.3068],[54.5474,26.2904],[54.5264,26.2519],[54.4976,26.2597],[54.4885,26.2887],[54.4922,26.3096],[54.5068,26.3212],[54.5332,26.3068]]]}},{"type":"Feature","properties":{},"geometry":{"type":"Polygon","coordinates":[[[56.3268,26.8611],[56.3412,26.8793],[56.3665,26.8898],[56.4041,26.8931],[56.4092,26.8623],[56.3792,26.8387],[56.341,26.8276],[56.3223,26.8344],[56.3268,26.8611]]]}},{"type":"Feature","properties":{},"geometry":{"type":"Polygon","coordinates":[[[56.473,27.106],[56.5046,27.0889],[56.5085,27.0744],[56.4953,27.0523],[56.4662,27.0439],[56.4346,27.0548],[56.4369,27.08],[56.4554,27.1028],[56.473,27.106]]]}},{"type":"Feature","properties":{},"geometry":{"type":"Polygon","coordinates":[[[50.295,29.2752],[50.3347,29.2587],[50.333,29.224],[50.3264,29.2089],[50.3165,29.2076],[50.3066,29.2154],[50.2833,29.2689],[50.295,29.2752]]]}},{"type":"Feature","properties":{},"geometry":{"type":"Polygon","coordinates":[[[48.0724,29.9987],[48.0584,29.9835],[48.0311,29.971],[48.0237,29.9699],[48.0108,29.9805],[48.0093,29.9869],[48.0547,30.0245],[48.1092,30.028],[48.1061,30.0176],[48.0724,29.9987]]]}},{"type":"Feature","properties":{},"geometry":{"type":"Polygon","coordinates":[[[40.3792,-22.3149],[40.3855,-22.3178],[40.386,-22.3395],[40.3687,-22.3626],[40.3489,-22.3655],[40.3391,-22.3596],[40.3296,-22.3312],[40.3364,-22.3205],[40.3643,-22.3189],[40.3672,-22.3297],[40.3552,-22.345],[40.3611,-22.3508],[40.374,-22.3497],[40.3817,-22.339],[40.3792,-22.3149]]]}},{"type":"Feature","properties":{},"geometry":{"type":"Polygon","coordinates":[[[54.2573,24.2877],[54.2393,24.2812],[54.2222,24.2845],[54.2051,24.3029],[54.1831,24.315],[54.1795,24.3214],[54.1846,24.3371],[54.2038,24.3537],[54.2324,24.3576],[54.2734,24.3029],[54.2573,24.2877]]]}},{"type":"Feature","properties":{},"geometry":{"type":"Polygon","coordinates":[[[-16.0231,30.0323],[-16.0273,30.0296],[-16.028,30.0336],[-16.0231,30.0323]]]}},{"type":"Feature","properties":{},"geometry":{"type":"Polygon","coordinates":[[[-15.8555,30.1469],[-15.8598,30.1333],[-15.8747,30.1379],[-15.8644,30.1525],[-15.8555,30.1469]]]}},{"type":"Feature","properties":{},"geometry":{"type":"Polygon","coordinates":[[[12.867,35.8723],[12.874,35.8664],[12.8726,35.8523],[12.8569,35.8523],[12.8459,35.8627],[12.847,35.8683],[12.867,35.8723]]]}},{"type":"Feature","properties":{},"geometry":{"type":"Polygon","coordinates":[[[23.8843,36.8436],[23.8843,36.8323],[23.8767,36.8437],[23.8843,36.8436]]]}},{"type":"Feature","properties":{},"geometry":{"type":"Polygon","coordinates":[[[23.4642,36.9171],[23.4639,36.904],[23.4578,36.9064],[23.4497,36.9291],[23.4642,36.9171]]]}},{"type":"Feature","properties":{},"geometry":{"type":"Polygon","coordinates":[[[14.3428,38.5473],[14.3572,38.5512],[14.3609,38.539],[14.3464,38.5351],[14.3428,38.5473]]]}},{"type":"Feature","properties":{},"geometry":{"type":"Polygon","coordinates":[[[14.576,38.5766],[14.5855,38.5574],[14.5516,38.5616],[14.5425,38.5869],[14.564,38.5845],[14.576,38.5766]]]}},{"type":"Feature","properties":{},"geometry":{"type":"Polygon","coordinates":[[[13.1857,38.7175],[13.1974,38.7083],[13.1768,38.693],[13.1535,38.6948],[13.1579,38.7099],[13.1693,38.7173],[13.1857,38.7175]]]}},{"type":"Feature","properties":{},"geometry":{"type":"Polygon","coordinates":[[[15.2346,38.8078],[15.2375,38.796],[15.2175,38.773],[15.187,38.789],[15.2121,38.8105],[15.2346,38.8078]]]}},{"type":"Feature","properties":{},"geometry":{"type":"Polygon","coordinates":[[[39.2254,-5.7829],[39.2385,-5.813],[39.2316,-5.8232],[39.2379,-5.856],[39.2145,-5.8581],[39.2144,-5.7774],[39.2261,-5.7692],[39.2254,-5.7829]]]}},{"type":"Feature","properties":{},"geometry":{"type":"Polygon","coordinates":[[[39.5755,-5.3945],[39.5989,-5.4085],[39.6212,-5.4411],[39.6522,-5.4509],[39.6621,-5.4637],[39.6598,-5.476],[39.6329,-5.4778],[39.6153,-5.4638],[39.569,-5.4062],[39.5755,-5.3945]]]}},{"type":"Feature","properties":{},"geometry":{"type":"Polygon","coordinates":[[[-16.3096,19.7308],[-16.3016,19.7226],[-16.3134,19.7047],[-16.3422,19.6764],[-16.3977,19.5999],[-16.3586,19.6774],[-16.3209,19.7285],[-16.3096,19.7308]]]}},{"type":"Feature","properties":{},"geometry":{"type":"Polygon","coordinates":[[[-16.4507,20.6125],[-16.4481,20.5745],[-16.4542,20.5711],[-16.4673,20.5762],[-16.4742,20.5942],[-16.4691,20.6091],[-16.4507,20.6125]]]}},{"type":"Feature","properties":{},"geometry":{"type":"Polygon","coordinates":[[[54.3353,24.364],[54.3255,24.3213],[54.3089,24.3139],[54.2791,24.3644],[54.3114,24.3553],[54.3099,24.3652],[54.292,24.3845],[54.3049,24.3859],[54.3353,24.364]]]}},{"type":"Feature","properties":{},"geometry":{"type":"Polygon","coordinates":[[[52.3326,24.5254],[52.3392,24.5016],[52.3262,24.4806],[52.3142,24.4757],[52.2832,24.497],[52.2823,24.5104],[52.2986,24.5333],[52.3097,24.5395],[52.3326,24.5254]]]}},{"type":"Feature","properties":{},"geometry":{"type":"Polygon","coordinates":[[[37.0269,25.4196],[37.0423,25.4074],[37.0281,25.4093],[37.0313,25.3987],[37.0233,25.3998],[37.0036,25.4115],[37.0003,25.4292],[36.9783,25.4269],[36.9666,25.449],[36.9465,25.4419],[36.9518,25.4675],[36.9614,25.4778],[36.9875,25.476],[36.9993,25.4694],[37.009,25.4499],[37.0176,25.4577],[37.0269,25.4196]]]}},{"type":"Feature","properties":{},"geometry":{"type":"Polygon","coordinates":[[[36.8494,25.533],[36.827,25.5472],[36.8289,25.5613],[36.8413,25.57],[36.8556,25.5683],[36.8665,25.5575],[36.8661,25.5459],[36.8494,25.533]]]}},{"type":"Feature","properties":{},"geometry":{"type":"Polygon","coordinates":[[[36.9007,25.5493],[36.8982,25.5954],[36.9046,25.6032],[36.923,25.6029],[36.9284,25.5838],[36.9258,25.5766],[36.915,25.5806],[36.9136,25.5692],[36.9276,25.5285],[36.9232,25.5194],[36.9007,25.5493]]]}},{"type":"Feature","properties":{},"geometry":{"type":"Polygon","coordinates":[[[54.5466,25.9265],[54.5532,25.8998],[54.5432,25.8931],[54.5137,25.9027],[54.5098,25.9138],[54.5466,25.9265]]]}},{"type":"Feature","properties":{},"geometry":{"type":"Polygon","coordinates":[[[55.902,26.6689],[55.904,26.6452],[55.8897,26.6238],[55.8693,26.613],[55.8532,26.621],[55.8555,26.6441],[55.8683,26.6664],[55.8943,26.6794],[55.902,26.6689]]]}},{"type":"Feature","properties":{},"geometry":{"type":"Polygon","coordinates":[[[53.6512,26.6838],[53.6592,26.6689],[53.6463,26.6572],[53.6112,26.6673],[53.6012,26.6796],[53.6092,26.6905],[53.6512,26.6838]]]}},{"type":"Feature","properties":{},"geometry":{"type":"Polygon","coordinates":[[[34.7322,27.9189],[34.7047,27.9084],[34.681,27.9152],[34.6618,27.9302],[34.6818,27.9587],[34.7319,27.9571],[34.7322,27.9189]]]}},{"type":"Feature","properties":{},"geometry":{"type":"Polygon","coordinates":[[[12.6237,35.5119],[12.6213,35.4923],[12.6111,35.4892],[12.5261,35.5167],[12.5557,35.5212],[12.6128,35.5153],[12.6237,35.5119]]]}},{"type":"Feature","properties":{},"geometry":{"type":"Polygon","coordinates":[[[27.6165,36.2426],[27.6187,36.2281],[27.6101,36.2165],[27.5315,36.2117],[27.5189,36.2169],[27.5174,36.2309],[27.5265,36.2401],[27.6165,36.2426]]]}},{"type":"Feature","properties":{},"geometry":{"type":"Polygon","coordinates":[[[27.1858,36.6157],[27.2061,36.5871],[27.198,36.5683],[27.1614,36.5604],[27.1297,36.5695],[27.1261,36.5801],[27.1372,36.6001],[27.1668,36.6151],[27.1858,36.6157]]]}},{"type":"Feature","properties":{},"geometry":{"type":"Polygon","coordinates":[[[26.5903,37.3644],[26.6061,37.3395],[26.5724,37.3472],[26.5488,37.3266],[26.5652,37.3084],[26.5677,37.2746],[26.5573,37.2712],[26.5464,37.2772],[26.5448,37.2884],[26.5327,37.2917],[26.5286,37.3007],[26.5388,37.3381],[26.5364,37.3727],[26.5686,37.3744],[26.5903,37.3644]]]}},{"type":"Feature","properties":{},"geometry":{"type":"Polygon","coordinates":[[[24.7411,37.6259],[24.7412,37.5957],[24.7181,37.5936],[24.6597,37.6069],[24.694,37.6152],[24.7161,37.631],[24.7329,37.6321],[24.7411,37.6259]]]}},{"type":"Feature","properties":{},"geometry":{"type":"Polygon","coordinates":[[[12.0645,37.9862],[12.0793,37.9503],[12.0648,37.9508],[12.0476,37.9608],[12.0304,37.9844],[12.036,37.991],[12.0536,37.9924],[12.0645,37.9862]]]}},{"type":"Feature","properties":{},"geometry":{"type":"Polygon","coordinates":[[[20.9517,38.6492],[20.9529,38.6389],[20.9417,38.6274],[20.8981,38.606],[20.8706,38.5825],[20.8701,38.6035],[20.9038,38.6428],[20.9452,38.6525],[20.9517,38.6492]]]}},{"type":"Feature","properties":{},"geometry":{"type":"Polygon","coordinates":[[[20.805,38.6657],[20.7886,38.6447],[20.7629,38.6391],[20.7596,38.6274],[20.8001,38.5954],[20.7517,38.626],[20.737,38.6522],[20.7464,38.6635],[20.7831,38.675],[20.805,38.6657]]]}},{"type":"Feature","properties":{},"geometry":{"type":"Polygon","coordinates":[[[-9.0353,38.8706],[-9.0414,38.8492],[-9.0546,38.833],[-9.0732,38.8182],[-9.0797,38.8201],[-9.0614,38.8522],[-9.0353,38.8706]]]}},{"type":"Feature","properties":{},"geometry":{"type":"Polygon","coordinates":[[[2.9823,39.1392],[2.9622,39.1161],[2.9309,39.1182],[2.9136,39.152],[2.9404,39.1719],[2.9806,39.1856],[2.9854,39.1662],[2.9823,39.1392]]]}},{"type":"Feature","properties":{},"geometry":{"type":"Polygon","coordinates":[[[24.0906,39.349],[24.094,39.33],[24.0819,39.3048],[24.0632,39.297],[24.0537,39.3052],[24.0594,39.3144],[24.0415,39.3305],[24.0449,39.3415],[24.0586,39.3613],[24.0671,39.363],[24.0698,39.3457],[24.0813,39.3524],[24.0906,39.349]]]}},{"type":"Feature","properties":{},"geometry":{"type":"Polygon","coordinates":[[[39.6939,-21.4952],[39.6974,-21.498],[39.6939,-21.4994],[39.6939,-21.4952]]]}},{"type":"Feature","properties":{},"geometry":{"type":"Polygon","coordinates":[[[39.7345,-21.4461],[39.7362,-21.4482],[39.7338,-21.4483],[39.7345,-21.4461]]]}},{"type":"Feature","properties":{},"geometry":{"type":"Polygon","coordinates":[[[39.7291,-21.4419],[39.7311,-21.4442],[39.7283,-21.4446],[39.7291,-21.4419]]]}},{"type":"Feature","properties":{},"geometry":{"type":"Polygon","coordinates":[[[54.5209,-15.8852],[54.5213,-15.8941],[54.5145,-15.8896],[54.5209,-15.8852]]]}},{"type":"Feature","properties":{},"geometry":{"type":"Polygon","coordinates":[[[47.2996,-11.5506],[47.3064,-11.5699],[47.2879,-11.5655],[47.2996,-11.5506]]]}},{"type":"Feature","properties":{},"geometry":{"type":"Polygon","coordinates":[[[52.0166,24.2576],[52.0254,24.2457],[52.0248,24.2348],[52.0079,24.2108],[51.9943,24.2192],[52.0047,24.2528],[52.0166,24.2576]]]}},{"type":"Feature","properties":{},"geometry":{"type":"Polygon","coordinates":[[[51.7241,24.6074],[51.7395,24.5907],[51.7302,24.5652],[51.7251,24.569],[51.7265,24.5887],[51.7227,24.587],[51.7222,24.5945],[51.7188,24.5878],[51.7128,24.5926],[51.7117,24.6022],[51.7241,24.6074]]]}},{"type":"Feature","properties":{},"geometry":{"type":"Polygon","coordinates":[[[53.0794,24.891],[53.0831,24.8739],[53.0794,24.8535],[53.0582,24.8863],[53.0608,24.8935],[53.0794,24.891]]]}},{"type":"Feature","properties":{},"geometry":{"type":"Polygon","coordinates":[[[54.2311,25.2435],[54.2398,25.2086],[54.2143,25.2142],[54.1979,25.232],[54.2111,25.2494],[54.2311,25.2435]]]}}]}