{"type":"FeatureCollection","features":[{"type":"Feature","properties":{"name":"Gourits","scalerank":7},"geometry":{"type":"LineString","coordinates":[[21.6902,-33.2227],[21.6728,-33.2314],[21.6527,-33.2659],[21.6384,-33.3354],[21.6418,-33.382],[21.6288,-33.45],[21.6156,-33.4711],[21.5957,-33.4737],[21.6044,-33.4948],[21.6967,-33.5895],[21.7138,-33.6859],[21.7104,-33.702],[21.6898,-33.7346],[21.6955,-33.7448],[21.7344,-33.7575],[21.745,-33.7697],[21.7453,-33.783],[21.7122,-33.8575],[21.6514,-33.9168],[21.6404,-33.9467],[21.6381,-34.002],[21.6453,-34.02],[21.682,-34.0654],[21.7036,-34.0484],[21.7383,-34.08],[21.7363,-34.0912],[21.7109,-34.1122],[21.7102,-34.1254],[21.7402,-34.1699],[21.7519,-34.2145],[21.7781,-34.2576],[21.8782,-34.3438]]}},{"type":"Feature","properties":{"name":"Gamka","scalerank":7},"geometry":{"type":"LineString","coordinates":[[22.6387,-32.1672],[22.5728,-32.2626],[22.5626,-32.2988],[22.5805,-32.3617],[22.5801,-32.3809],[22.5683,-32.396],[22.5059,-32.4448],[22.4479,-32.4623],[22.3903,-32.4937],[22.0178,-32.749],[21.9856,-32.785],[21.9648,-32.8319],[21.963,-32.8505],[21.9746,-32.9032],[21.979,-33.0164],[21.9714,-33.0518],[21.9353,-33.1147],[21.8066,-33.2159],[21.778,-33.2222],[21.7294,-33.2177],[21.6902,-33.2227]]}},{"type":"Feature","properties":{"name":"Orange","scalerank":6},"geometry":{"type":"MultiLineString","coordinates":[[[29.0575,-29.0819],[29.0542,-29.116],[29.022,-29.159],[29.0085,-29.248],[28.9924,-29.2773],[28.9465,-29.3085],[28.9326,-29.3052],[28.9088,-29.2862],[28.8789,-29.283],[28.8229,-29.3179],[28.804,-29.3529],[28.8048,-29.4149],[28.7976,-29.4502],[28.7665,-29.4809],[28.7361,-29.4909],[28.7323,-29.5287],[28.7091,-29.5443],[28.7065,-29.5728],[28.7125,-29.5908],[28.7314,-29.5844],[28.7607,-29.6157],[28.7807,-29.6249],[28.7807,-29.6312],[28.7466,-29.6386],[28.7739,-29.6659],[28.7625,-29.6758],[28.7371,-29.6776],[28.7323,-29.6963],[28.7732,-29.7782],[28.7867,-29.8374],[28.7689,-29.8545],[28.7405,-29.8505],[28.71,-29.8743],[28.6529,-29.8905],[28.6503,-29.915],[28.6578,-29.9396],[28.6794,-29.9584],[28.707,-29.967],[28.7016,-29.9772],[28.6534,-29.9958],[28.6238,-30.0346],[28.563,-30.038],[28.5292,-30.0528],[28.4874,-30.0412],[28.4218,-30.0507],[28.3979,-30.048],[28.3745,-30.0368],[28.3368,-29.9915],[28.3007,-29.9848],[28.2397,-30.0168],[28.2063,-30.0264],[28.1401,-30.0263],[28.1241,-30.0531],[28.0751,-30.0703],[28.0572,-30.0726],[28.0054,-30.0611],[27.9337,-30.07],[27.8971,-30.1183],[27.8931,-30.1459],[27.9026,-30.1826],[27.897,-30.1949],[27.875,-30.2109],[27.8627,-30.2344],[27.8354,-30.2475],[27.8149,-30.268],[27.78,-30.2743],[27.7461,-30.268],[27.7354,-30.2549],[27.7211,-30.253],[27.7175,-30.2675],[27.7353,-30.3349],[27.7237,-30.3542],[27.6898,-30.3676],[27.6218,-30.3439],[27.5862,-30.3524],[27.5728,-30.3831],[27.5576,-30.3915],[27.4927,-30.3676],[27.4771,-30.3561],[27.4516,-30.31],[27.4072,-30.3184],[27.3657,-30.311]],[[27.3765,-30.3133],[27.349,-30.3201],[27.3702,-30.361],[27.3897,-30.3542],[27.4043,-30.3679],[27.3893,-30.3864],[27.3457,-30.3851],[27.3252,-30.3921],[27.3232,-30.4091],[27.3564,-30.4322],[27.3349,-30.4437],[27.2944,-30.43],[27.2862,-30.4399],[27.2896,-30.4487],[27.3167,-30.4619],[27.2976,-30.4883],[27.2529,-30.4914],[27.2343,-30.4777],[27.2262,-30.4852],[27.209,-30.4854],[27.1877,-30.502],[27.1317,-30.5016],[27.1362,-30.5256],[27.1167,-30.5386],[27.0577,-30.5256],[27.0102,-30.533],[26.9985,-30.5385],[27.027,-30.5671],[27.0333,-30.5864],[26.9654,-30.5937],[26.9473,-30.6065],[26.9381,-30.6236],[26.9451,-30.6429],[26.9341,-30.6519],[26.8775,-30.6587],[26.8642,-30.6737],[26.852,-30.6769],[26.8347,-30.6706],[26.807,-30.6449],[26.7805,-30.6429],[26.7516,-30.6605],[26.7191,-30.6634],[26.7025,-30.6752],[26.6704,-30.6686],[26.6277,-30.6799],[26.6358,-30.6634],[26.6176,-30.6564],[26.5505,-30.6553],[26.4915,-30.6304],[26.4795,-30.6218],[26.4722,-30.5876],[26.4413,-30.5597],[26.3111,-30.5816],[26.28,-30.5793],[26.266,-30.5634],[26.2598,-30.5431],[26.2045,-30.5256],[26.1716,-30.4896],[26.1462,-30.4852],[26.1392,-30.4938],[26.1353,-30.5262],[26.0597,-30.5138],[26.0027,-30.5285],[25.9718,-30.5454]],[[24.9778,-30.2631],[25.0291,-30.2831],[25.0432,-30.3304],[25.1311,-30.3997],[25.1846,-30.4557],[25.2577,-30.497],[25.2733,-30.5107],[25.2901,-30.5431],[25.3617,-30.5454],[25.4672,-30.6132],[25.5061,-30.6121]],[[23.6276,-29.0741],[23.6654,-29.0864],[23.6902,-29.1078],[23.6902,-29.1567],[23.697,-29.1755],[23.7223,-29.1933],[23.7681,-29.2128],[23.7715,-29.2821],[23.7827,-29.2901],[23.8546,-29.299],[23.883,-29.3524],[23.9189,-29.3687],[23.9257,-29.3871],[23.9248,-29.4654],[24.0049,-29.4984],[24.0327,-29.5392],[24.0678,-29.5712],[24.091,-29.5876],[24.1305,-29.5999],[24.1621,-29.6259],[24.183,-29.6348],[24.2483,-29.6211],[24.2697,-29.6356],[24.3407,-29.6491],[24.3645,-29.7134],[24.4088,-29.7646],[24.4419,-29.7852],[24.4744,-29.7857],[24.488,-29.813],[24.5293,-29.8164],[24.5753,-29.8661],[24.6044,-29.882],[24.646,-29.8881],[24.6574,-29.8957],[24.6703,-29.9501],[24.679,-29.9609],[24.7309,-29.9792]]]}},{"type":"Feature","properties":{"name":"Caledon","scalerank":7},"geometry":{"type":"LineString","coordinates":[[28.1311,-28.7292],[28.1005,-28.7708],[28.0182,-28.8568],[28.0131,-28.8784],[27.977,-28.8807],[27.9446,-28.8554],[27.9258,-28.8534],[27.9111,-28.8607],[27.8875,-28.9048],[27.8607,-28.9154],[27.747,-28.9086],[27.7543,-28.9255],[27.7197,-28.9458],[27.711,-28.9909],[27.6986,-28.9906],[27.667,-29.0265],[27.6388,-29.0353],[27.6645,-29.0656],[27.6439,-29.0724],[27.6371,-29.0656],[27.6303,-29.0724],[27.635,-29.0965],[27.6124,-29.1338],[27.5552,-29.1953],[27.521,-29.2163],[27.5284,-29.2608],[27.4527,-29.2915],[27.4453,-29.332],[27.4057,-29.3639],[27.4186,-29.3837],[27.4172,-29.3965],[27.3651,-29.4466],[27.3496,-29.4802],[27.3155,-29.487],[27.3019,-29.518],[27.2627,-29.541],[27.1277,-29.5784],[27.0854,-29.6143],[27.0714,-29.5998],[27.0617,-29.6],[27.0419,-29.628],[27.0323,-29.616],[27.022,-29.616],[26.9921,-29.6864],[26.9784,-29.7044],[26.9594,-29.7161],[26.9594,-29.7236],[26.9776,-29.7309],[26.9741,-29.7408],[26.9189,-29.772],[26.9255,-29.8344],[26.9177,-29.8477],[26.9029,-29.85],[26.8805,-29.8354],[26.859,-29.8554],[26.8499,-30.006],[26.8104,-30.024],[26.7936,-30.0464],[26.8072,-30.0557],[26.8049,-30.072],[26.791,-30.0873],[26.7703,-30.0942],[26.7328,-30.1563],[26.6899,-30.1947],[26.6837,-30.2075],[26.7515,-30.2327],[26.7457,-30.258],[26.7286,-30.2671],[26.7043,-30.2689],[26.6536,-30.2601],[26.6465,-30.2622],[26.64,-30.2862],[26.6317,-30.293],[26.5466,-30.3049],[26.5396,-30.3236],[26.4722,-30.3679],[26.4242,-30.3679],[26.4073,-30.4159],[26.3932,-30.4232],[26.2833,-30.4157],[26.2502,-30.4509],[26.2203,-30.4357],[26.1909,-30.4497],[26.1033,-30.4496],[26.1083,-30.4709],[26.0645,-30.4916],[26.0597,-30.5138]]}},{"type":"Feature","properties":{"name":"Orange","scalerank":4},"geometry":{"type":"LineString","coordinates":[[23.6276,-29.0741],[23.6179,-29.0761],[23.6156,-29.0838],[23.6187,-29.1143],[23.5598,-29.1961],[23.4978,-29.2139],[23.4773,-29.2308],[23.4578,-29.2162],[23.4171,-29.2043],[23.3761,-29.1834],[23.3613,-29.1995],[23.3385,-29.2659],[23.3158,-29.2718],[23.2939,-29.2678],[23.2632,-29.2861],[23.2036,-29.306],[23.1945,-29.3379],[23.1787,-29.351],[23.1452,-29.3469],[23.1045,-29.3543],[23.0988,-29.3603],[23.1142,-29.3953],[23.1042,-29.4087],[23.0842,-29.4177],[23.0613,-29.4196],[23.0204,-29.4027],[23.0116,-29.4189],[23.0106,-29.4427],[23.0186,-29.4704],[22.9963,-29.514],[22.9822,-29.5251],[22.953,-29.5082],[22.9331,-29.5054],[22.9105,-29.5597],[22.895,-29.5734],[22.8466,-29.5249],[22.8457,-29.5409],[22.8747,-29.5871],[22.8734,-29.6133],[22.8603,-29.6423],[22.869,-29.6574],[22.8542,-29.668],[22.8091,-29.6764],[22.7473,-29.6524],[22.7155,-29.6289],[22.6985,-29.5973],[22.693,-29.5593],[22.6597,-29.5493],[22.6157,-29.4616],[22.5858,-29.4326],[22.532,-29.4362],[22.4736,-29.3879],[22.4407,-29.3852],[22.4304,-29.3999],[22.4191,-29.3979],[22.385,-29.3736],[22.3501,-29.3295],[22.3296,-29.3207],[22.2882,-29.3259],[22.2712,-29.3127],[22.2682,-29.2923],[22.277,-29.2426],[22.2627,-29.2071],[22.2523,-29.1323],[22.2283,-29.0996],[22.2068,-29.0892],[22.2007,-29.0419],[22.1819,-29.0179],[22.1606,-28.954],[22.0994,-28.8813],[22.0785,-28.8469],[22.0673,-28.8374],[22.0515,-28.8398],[22.0128,-28.8749],[21.9901,-28.874],[21.956,-28.8193],[21.8809,-28.8094],[21.8481,-28.7272],[21.8247,-28.7035],[21.8108,-28.6664],[21.7727,-28.6447],[21.7642,-28.6309],[21.7521,-28.5688],[21.758,-28.5524],[21.7226,-28.4994],[21.7021,-28.4855],[21.6992,-28.4561],[21.5879,-28.4023],[21.5482,-28.3918],[21.47,-28.3887],[21.4508,-28.3937],[21.4336,-28.4163],[21.4126,-28.4216],[21.3213,-28.4208],[21.3,-28.4261],[21.2817,-28.4515],[21.2161,-28.4766],[21.1995,-28.4896],[21.1889,-28.5063],[21.1757,-28.5662],[21.1076,-28.6445],[21.0421,-28.6966],[20.9846,-28.7219],[20.9005,-28.7267],[20.8393,-28.751],[20.7549,-28.7657],[20.6674,-28.7641],[20.5339,-28.7336],[20.4893,-28.6821],[20.4431,-28.6504],[20.3732,-28.62],[20.3047,-28.575],[20.2951,-28.5673],[20.286,-28.5441],[20.2489,-28.5381],[20.1308,-28.4693],[20.0024,-28.4234],[19.981,-28.4222],[19.9397,-28.4301],[19.8961,-28.4277],[19.8698,-28.4408],[19.825,-28.4766],[19.7476,-28.487],[19.6877,-28.5159],[19.5874,-28.5226],[19.5683,-28.5312],[19.5332,-28.5824],[19.5111,-28.5978],[19.4823,-28.6782],[19.4545,-28.7051],[19.3385,-28.7373],[19.3039,-28.7186],[19.2896,-28.7196],[19.2654,-28.7426],[19.248,-28.7714],[19.2444,-28.7924],[19.251,-28.8141],[19.2883,-28.8709],[19.2878,-28.883],[19.2431,-28.8918],[19.218,-28.9188],[19.1196,-28.9574],[19.0812,-28.9592],[19.0596,-28.9356],[19.0063,-28.9262],[18.954,-28.8665],[18.7451,-28.8398],[18.5535,-28.8646],[18.4956,-28.8881],[18.4745,-28.874],[18.397,-28.8989],[18.3081,-28.8799],[18.166,-28.9018],[18.0435,-28.8583],[17.9827,-28.8135],[17.9127,-28.7812],[17.7458,-28.7485],[17.7136,-28.751],[17.6731,-28.7714],[17.6282,-28.7641],[17.6066,-28.7555],[17.5976,-28.6895],[17.5825,-28.6801],[17.4404,-28.7094],[17.4031,-28.7041],[17.4011,-28.6742],[17.4199,-28.5933],[17.4089,-28.5713],[17.3726,-28.5593],[17.3589,-28.5197],[17.3237,-28.4705],[17.3276,-28.4561],[17.3407,-28.4427],[17.3908,-28.4188],[17.3992,-28.395],[17.3994,-28.3462],[17.3716,-28.306],[17.3452,-28.2275],[17.308,-28.2241],[17.2446,-28.2372],[17.2126,-28.232],[17.1913,-28.2088],[17.1895,-28.1167],[17.1804,-28.0994],[17.1359,-28.0846],[17.0972,-28.0311],[17.0759,-28.0267],[17.0448,-28.0363],[17.0115,-28.0583],[16.9849,-28.0521],[16.947,-28.0726],[16.9191,-28.0583],[16.8923,-28.0825],[16.8849,-28.1619],[16.8777,-28.1719],[16.8432,-28.1638],[16.8372,-28.1681],[16.8351,-28.174],[16.8559,-28.2066],[16.8192,-28.2096],[16.8098,-28.2228],[16.8261,-28.2519],[16.8241,-28.2643],[16.8147,-28.2707],[16.7859,-28.2575],[16.7681,-28.2653],[16.7639,-28.2831],[16.7678,-28.3036],[16.8034,-28.366],[16.7781,-28.3828],[16.7688,-28.4426],[16.7399,-28.4809],[16.72,-28.4959],[16.7034,-28.4943],[16.6919,-28.4611],[16.6829,-28.4561],[16.6726,-28.4596],[16.5968,-28.5262],[16.5586,-28.537],[16.4871,-28.5729]]}},{"type":"Feature","properties":{"name":"Vaal","scalerank":4},"geometry":{"type":"MultiLineString","coordinates":[[[30.1348,-26.3833],[30.186,-26.4163],[30.1987,-26.4526],[30.2346,-26.5103],[30.2201,-26.564],[30.2136,-26.5785],[30.1711,-26.6021],[30.1651,-26.6264],[30.0491,-26.7089],[30.0157,-26.7425],[30.0007,-26.7505],[29.9452,-26.757],[29.8932,-26.7851],[29.8635,-26.7847],[29.8393,-26.8076],[29.8266,-26.8116],[29.8095,-26.7983],[29.7815,-26.8393],[29.7695,-26.8451],[29.7671,-26.827],[29.7617,-26.8188],[29.7521,-26.8178],[29.7475,-26.8325],[29.7276,-26.8325],[29.6445,-26.854],[29.5805,-26.8503],[29.5364,-26.8615],[29.5215,-26.8604],[29.4962,-26.846],[29.4799,-26.8461],[29.4949,-26.8732],[29.4542,-26.9305],[29.4253,-26.9144],[29.3954,-26.9201],[29.3755,-26.9106],[29.3364,-26.9261],[29.3266,-26.9238],[29.318,-26.9032],[29.2966,-26.9042],[29.2721,-26.9193],[29.2249,-26.9872],[29.1875,-27.0184],[29.1587,-27.0284],[29.1016,-27.028],[29.0918,-27.0438],[29.0623,-27.0441]],[[26.0908,-27.6034],[26.1013,-27.5865],[26.1909,-27.5109],[26.2182,-27.5034],[26.2267,-27.495],[26.2322,-27.4466],[26.2494,-27.4261],[26.2735,-27.4126],[26.3008,-27.4079],[26.3246,-27.4214],[26.3386,-27.3979],[26.3619,-27.3869],[26.4093,-27.3929],[26.5131,-27.3907],[26.5025,-27.378],[26.4571,-27.3677],[26.45,-27.353],[26.469,-27.3156],[26.485,-27.311],[26.4857,-27.2538],[26.4108,-27.1769],[26.4311,-27.154],[26.4895,-27.1386],[26.5316,-27.0986],[26.5676,-27.1061],[26.5823,-27.0948],[26.5813,-27.0516],[26.615,-27.014],[26.6446,-26.9994],[26.6943,-27.017],[26.7083,-26.9792],[26.7372,-26.9556],[26.7936,-26.9281],[26.8173,-26.9434],[26.8574,-26.913],[26.9177,-26.9554],[26.914,-26.8901],[26.9177,-26.874],[26.9324,-26.8649],[26.9661,-26.9075],[26.9994,-26.9233],[27.0437,-26.9289],[27.1777,-26.9245],[27.171,-26.952],[27.1804,-26.9605],[27.2413,-26.9256],[27.3072,-26.8625],[27.3359,-26.8586],[27.3939,-26.8955],[27.4692,-26.8801],[27.4801,-26.874],[27.5106,-26.8325],[27.5192,-26.7808],[27.5328,-26.7697],[27.5756,-26.7641],[27.5693,-26.7436],[27.5823,-26.7377],[27.6005,-26.7373],[27.616,-26.7274],[27.6433,-26.7641],[27.7292,-26.7568],[27.749,-26.7763],[27.76,-26.7779],[27.7691,-26.7729],[27.7737,-26.7505],[27.8135,-26.7354],[27.8821,-26.7244],[27.9252,-26.681],[27.9586,-26.6667],[27.9956,-26.6974],[27.981,-26.7128],[28.0313,-26.8032],[28.0437,-26.818],[28.0913,-26.8394],[28.1236,-26.8666]],[[28.519,-26.9966],[28.5465,-27.014],[28.5497,-27.0223],[28.5347,-27.0584],[28.6059,-27.0114],[28.6575,-27.0059],[28.6377,-26.9826],[28.6199,-26.9795],[28.6234,-26.9697],[28.6516,-26.9559],[28.6969,-26.9714],[28.8225,-27.0392],[28.8534,-27.0305],[28.8736,-27.0444],[28.884,-27.0441],[28.912,-27.0174],[28.9705,-26.9943],[28.9902,-26.9963],[29.0348,-27.0236],[29.0526,-27.0267],[29.0561,-27.0441]],[[23.6281,-29.0731],[23.6355,-29.0542],[23.6555,-29.0464],[23.7001,-29.0458],[23.7305,-29.0595],[23.7646,-29.039],[23.7895,-29.0453],[23.8203,-29.0389],[23.8677,-29.0117],[23.885,-28.9601],[23.8969,-28.9567],[23.9365,-28.9701],[23.9675,-28.9615],[23.97,-28.9433],[23.9607,-28.9196],[23.9592,-28.8796],[23.9644,-28.8726],[23.9954,-28.8813],[23.9998,-28.8602],[23.9843,-28.8472],[23.9931,-28.8314],[24.0327,-28.8056],[24.0208,-28.7797],[24.0192,-28.7476],[24.0236,-28.7316],[24.0595,-28.7162],[24.0658,-28.7035],[24.0595,-28.6582],[24.0642,-28.6441],[24.0941,-28.607],[24.1426,-28.5763],[24.183,-28.5182],[24.2294,-28.4843],[24.2498,-28.4606],[24.2451,-28.4364],[24.2664,-28.4163],[24.2753,-28.4118],[24.2922,-28.4221],[24.3271,-28.4561],[24.3903,-28.4787],[24.3975,-28.5002],[24.4004,-28.5563],[24.4088,-28.5731],[24.4362,-28.6001],[24.4536,-28.592],[24.488,-28.5492],[24.5432,-28.5388],[24.5613,-28.5425],[24.5654,-28.5524],[24.5604,-28.5828],[24.5667,-28.5969],[24.5806,-28.6005],[24.5944,-28.5954],[24.6007,-28.5828],[24.5955,-28.5197],[24.6027,-28.4932],[24.6287,-28.4841],[24.6655,-28.5047],[24.7007,-28.4968],[24.6989,-28.4873],[24.6765,-28.4637],[24.7101,-28.4527],[24.7106,-28.4221],[24.6975,-28.3845],[24.7231,-28.3359],[24.6901,-28.306],[24.692,-28.2824],[24.7317,-28.2302],[24.7344,-28.1874],[24.7521,-28.175],[24.7812,-28.1255],[24.8014,-28.104],[24.8686,-28.0829],[24.9234,-28.0999],[24.9487,-28.0983],[24.9849,-28.0726],[25.0147,-28.068],[25.0233,-28.0554],[25.0532,-28.0583],[25.0811,-28.0302],[25.1016,-27.9975],[25.0977,-27.978],[25.1289,-27.9292],[25.1736,-27.9224],[25.2083,-27.8941],[25.2456,-27.8466],[25.2403,-27.8231],[25.2799,-27.7875],[25.3266,-27.7816],[25.4211,-27.7105],[25.4853,-27.6952],[25.4962,-27.6836],[25.5338,-27.6868],[25.5626,-27.6724],[25.5808,-27.6548],[25.6223,-27.6685]]]}},{"type":"Feature","properties":{"name":"Marico","scalerank":7},"geometry":{"type":"LineString","coordinates":[[26.4311,-24.9823],[26.4426,-24.9705],[26.4447,-24.8962],[26.4574,-24.832],[26.4473,-24.8185],[26.4384,-24.7861],[26.4102,-24.7416],[26.4038,-24.7147],[26.4038,-24.6327],[26.469,-24.5712],[26.5056,-24.4887],[26.5308,-24.4585],[26.6229,-24.3993],[26.6924,-24.3265],[26.8018,-24.2896],[26.8386,-24.2656],[26.8492,-24.248],[26.8684,-24.1603],[26.8704,-24.1158],[26.9405,-23.8501],[26.9446,-23.8232],[26.9376,-23.8029],[26.9661,-23.7551],[26.9615,-23.7373]]}},{"type":"Feature","properties":{"name":"Okavango","scalerank":6},"geometry":{"type":"MultiLineString","coordinates":[[[23.2722,-19.4056],[23.2834,-19.4565],[23.3188,-19.5021],[23.3401,-19.5554],[23.3632,-19.5768],[23.3816,-19.6059],[23.4749,-19.6553],[23.5945,-19.6709]],[[23.5945,-19.6709],[23.5906,-19.6174],[23.5742,-19.5825],[23.5285,-19.5224]],[[23.3445,-19.5611],[23.2493,-19.5648],[23.1555,-19.55],[23.1222,-19.5334],[23.0505,-19.5394],[23.0166,-19.5278],[23.0112,-19.5152],[22.9667,-19.4833],[22.9343,-19.5012],[22.9026,-19.4956],[22.8738,-19.4696],[22.839,-19.4515],[22.7768,-19.3593],[22.7681,-19.3239],[22.7345,-19.3019],[22.6945,-19.2889],[22.6777,-19.2111],[22.6655,-19.1948],[22.5667,-19.1166],[22.5515,-19.0528],[22.5547,-19.0283],[22.5216,-18.9705],[22.5222,-18.9223]],[[24.739,-21.2648],[24.7377,-21.2057],[24.6736,-21.1579],[24.6208,-21.1396],[24.5989,-21.1122],[24.5149,-21.0908],[24.4198,-21.0478],[24.3827,-21.0207],[24.3669,-20.9958],[24.3632,-20.9804],[24.376,-20.9482],[24.3534,-20.9063],[24.3513,-20.8875],[24.3665,-20.788],[24.3861,-20.7441],[24.396,-20.673],[24.411,-20.6248],[24.5,-20.4571],[24.5051,-20.413],[24.4784,-20.3893],[24.4019,-20.4029],[24.3781,-20.3942],[24.3345,-20.3376],[24.281,-20.2939],[24.2541,-20.2424],[24.2283,-20.2497],[24.2086,-20.2426],[24.1825,-20.2152],[24.1569,-20.1988],[24.0863,-20.2161],[24.0586,-20.2367],[24.0264,-20.2479],[23.9956,-20.2797],[23.9953,-20.3001],[23.9221,-20.3166],[23.8804,-20.295],[23.876,-20.312],[23.849,-20.2538],[23.7887,-20.2098],[23.7582,-20.1778],[23.7307,-20.1855],[23.7155,-20.1834],[23.6445,-20.1601],[23.5493,-20.1143],[23.5166,-20.1086],[23.4582,-20.1093],[23.3945,-20.1315],[23.3634,-20.1357],[23.3279,-20.1242],[23.3818,-20.0417],[23.5642,-19.8522],[23.6174,-19.8062],[23.6235,-19.7842],[23.6179,-19.7622],[23.5879,-19.7036],[23.5945,-19.6709]],[[23.5256,-19.5207],[23.5155,-19.5054],[23.4083,-19.4142],[23.3974,-19.41],[23.3264,-19.4177],[23.3101,-19.3962],[23.2957,-19.404],[23.2837,-19.4009],[23.2538,-19.3783],[23.2514,-19.342],[23.1898,-19.293],[23.1718,-19.2702],[23.1415,-19.1981],[23.1008,-19.1562],[23.0868,-19.1278],[23.0688,-19.12],[23.0254,-19.116],[23.0009,-19.104],[22.9333,-19.0999],[22.9087,-19.0825],[22.8296,-19.0615],[22.8088,-19.0659],[22.7797,-19.0866],[22.7556,-19.0912],[22.6465,-19.099],[22.6072,-19.0894],[22.5872,-19.0615],[22.6002,-19.0235],[22.5959,-19.013],[22.5771,-18.9929],[22.5684,-18.9638],[22.525,-18.9248],[22.5005,-18.8932],[22.4152,-18.8697],[22.3832,-18.8173],[22.2781,-18.8132],[22.2556,-18.7988],[22.2507,-18.77],[22.2275,-18.7498],[22.1819,-18.6846],[22.1708,-18.6372],[22.152,-18.6349],[22.1405,-18.6122],[22.1052,-18.59],[22.0932,-18.5747],[22.0976,-18.5644],[22.0793,-18.527],[22.0793,-18.4963],[22.0597,-18.4555],[22.0325,-18.4452],[22.0316,-18.424],[21.9836,-18.4271],[21.9354,-18.4172],[21.9282,-18.4251],[21.9058,-18.4154],[21.8567,-18.3516],[21.8405,-18.2936],[21.7853,-18.2425],[21.7476,-18.1708],[21.7129,-18.1397],[21.6885,-18.1291],[21.6816,-18.1087],[21.6338,-18.0944],[21.5928,-18.1045],[21.5736,-18.1032],[21.5566,-18.0772],[21.5155,-18.0683],[21.5034,-18.0602]]]}},{"type":"Feature","properties":{"name":"Linyanti","scalerank":7},"geometry":{"type":"LineString","coordinates":[[23.5916,-18.4781],[23.6448,-18.4659],[23.6796,-18.4315],[23.7153,-18.419],[23.8093,-18.3216],[23.8251,-18.3169],[23.8546,-18.28],[23.9124,-18.2355],[23.9155,-18.2011],[23.9502,-18.1776],[23.9707,-18.1838],[23.979,-18.1718],[24.0198,-18.1515],[24.0564,-18.1188],[24.101,-18.1087],[24.1345,-18.0853],[24.1825,-18.0292],[24.2178,-18.0124],[24.2375,-18.0098],[24.2959,-18.0262],[24.3501,-17.9559],[24.3646,-17.9507],[24.3989,-17.9522]]}},{"type":"Feature","properties":{"name":"Chobe","scalerank":7},"geometry":{"type":"LineString","coordinates":[[25.2593,-17.794],[25.1936,-17.7823],[25.1534,-17.7817],[25.1204,-17.8134],[25.0874,-17.8267],[25.0564,-17.8277],[25.047,-17.8071],[25.0191,-17.8237],[25.0064,-17.8256],[24.9979,-17.8139],[24.9827,-17.8203],[24.9575,-17.8008],[24.9638,-17.7866],[24.9527,-17.7883],[24.9306,-17.8105],[24.8202,-17.8392],[24.7968,-17.8579],[24.77,-17.8654],[24.7639,-17.8796],[24.7302,-17.8918],[24.698,-17.9287],[24.6487,-17.9627],[24.574,-18.0503],[24.5639,-18.0528],[24.5051,-18.0602],[24.4709,-18.0298],[24.4692,-18.0143],[24.4506,-17.9989],[24.4333,-17.9672],[24.4209,-17.9564],[24.3989,-17.9522]]}},{"type":"Feature","properties":{"name":"Cuando","scalerank":7},"geometry":{"type":"MultiLineString","coordinates":[[[19.2047,-13.0445],[19.2271,-13.0483],[19.2896,-13.0786],[19.3651,-13.1029],[19.3716,-13.1144],[19.4142,-13.1469],[19.4446,-13.208],[19.4687,-13.2254],[19.475,-13.2909],[19.5031,-13.3188],[19.536,-13.3936],[19.5303,-13.4286],[19.5093,-13.4594],[19.5371,-13.5007],[19.516,-13.5489],[19.5303,-13.5584],[19.522,-13.5811],[19.6066,-13.741],[19.6677,-13.9022],[19.729,-14.2027],[19.7426,-14.2327],[19.7899,-14.2978],[19.9299,-14.414],[20.0517,-14.4647],[20.0818,-14.4881],[20.1414,-14.5713],[20.152,-14.6082],[20.1882,-14.6546],[20.1951,-14.7507],[20.2135,-14.7791],[20.2156,-14.7954],[20.2437,-14.8276],[20.2702,-14.8743],[20.2951,-14.8964],[20.3075,-14.926],[20.3296,-14.9473],[20.3545,-14.9604],[20.3732,-14.9562],[20.3859,-14.9621],[20.3931,-14.9711],[20.3936,-14.991]],[[23.5916,-18.4781],[23.5785,-18.4677],[23.5708,-18.426],[23.5461,-18.3693],[23.5602,-18.3485],[23.5509,-18.3275],[23.5182,-18.2936],[23.5268,-18.2777],[23.5211,-18.268],[23.5107,-18.2602],[23.501,-18.2373],[23.4636,-18.2254],[23.4289,-18.1884],[23.4182,-18.1983],[23.3953,-18.1912],[23.3953,-18.1633],[23.359,-18.1191],[23.3333,-18.0739],[23.3333,-18.0431],[23.3154,-18.037],[23.3108,-18.0097],[23.2922,-17.9989],[23.2932,-17.9839],[23.3122,-17.9584],[23.3013,-17.9261],[23.3059,-17.9101],[23.3333,-17.8902],[23.3264,-17.8622],[23.33,-17.8156],[23.3645,-17.7397],[23.3674,-17.704],[23.3804,-17.6657],[23.3747,-17.6153],[23.3816,-17.6009],[23.3401,-17.5606],[23.3048,-17.5395],[23.2578,-17.5326],[23.2064,-17.541],[23.1892,-17.5365],[23.1771,-17.524],[23.1755,-17.4781],[23.1653,-17.4673],[23.121,-17.4507],[23.0972,-17.4321],[23.0535,-17.3752],[23.0398,-17.3369],[22.998,-17.2938],[22.8756,-17.248],[22.7648,-17.1696],[22.7554,-17.1547],[22.7441,-17.1081],[22.71,-17.0554],[22.6511,-16.9987],[22.5729,-16.971],[22.5667,-16.9368],[22.554,-16.9242],[22.5081,-16.9061],[22.4885,-16.8653],[22.4162,-16.7543],[22.3991,-16.7403],[22.3773,-16.7348],[22.333,-16.6735],[22.3064,-16.6691],[22.2903,-16.6563],[22.2584,-16.6691],[22.2372,-16.6654],[22.1511,-16.5976],[22.1377,-16.5526],[22.1077,-16.5439],[22.1035,-16.5366],[22.1068,-16.5122],[22.0793,-16.4577],[22.0854,-16.4222],[22.105,-16.3792],[22.0552,-16.3646],[22.0515,-16.3266],[22.0316,-16.3062],[22.0217,-16.2663],[22.0112,-16.2521],[22.0447,-16.2521],[22.0098,-16.1981],[21.9668,-16.1457],[21.9391,-16.1235],[21.8405,-16.0734],[21.8059,-15.9955],[21.7794,-15.9642],[21.7551,-15.9038],[21.7471,-15.8953],[21.7234,-15.8919],[21.7197,-15.8698],[21.7095,-15.8543],[21.6816,-15.8456],[21.6221,-15.8454],[21.5959,-15.8195],[21.5724,-15.7513],[21.5395,-15.7137],[21.5178,-15.653],[21.4797,-15.5938],[21.436,-15.5798],[21.4215,-15.5594],[21.4109,-15.4814],[21.3908,-15.4364],[21.3772,-15.4229],[21.36,-15.42],[21.339,-15.4257],[21.3345,-15.4059],[21.323,-15.3952],[21.2912,-15.3814],[21.2644,-15.3609],[21.2603,-15.3517],[21.2644,-15.3329],[21.2346,-15.2743],[21.2106,-15.2497],[21.167,-15.2614],[21.1553,-15.2495],[21.1381,-15.2128],[21.1216,-15.2085],[21.1062,-15.2162],[21.0524,-15.1397],[20.9691,-15.0524],[20.9563,-15.0514],[20.9275,-15.0046],[20.9071,-15.0187],[20.8905,-15.0156],[20.8599,-14.991],[20.8374,-14.982],[20.82,-14.9987],[20.7868,-15.0033],[20.73,-14.9876],[20.6674,-14.9562],[20.6367,-14.9704],[20.5903,-14.9658],[20.554,-14.987],[20.4619,-14.9841],[20.4185,-14.9956],[20.3999,-14.991]]]}},{"type":"Feature","properties":{"name":"Cubango","scalerank":6},"geometry":{"type":"LineString","coordinates":[[16.145,-12.6541],[16.1519,-12.6336],[16.1758,-12.6398],[16.1836,-12.6478],[16.1992,-12.6283],[16.2179,-12.634],[16.2532,-12.7098],[16.2812,-12.7265],[16.2959,-12.7572],[16.3152,-12.758],[16.3269,-12.7851],[16.3583,-12.9096],[16.3511,-12.9284],[16.364,-12.9672],[16.3651,-13.0641],[16.3573,-13.0828],[16.3716,-13.1029],[16.371,-13.1752],[16.3748,-13.1884],[16.3898,-13.2004],[16.392,-13.2275],[16.3778,-13.2779],[16.3916,-13.2878],[16.4045,-13.3144],[16.4194,-13.3188],[16.4175,-13.3315],[16.4296,-13.3741],[16.4196,-13.3823],[16.4194,-13.4387],[16.411,-13.4521],[16.4176,-13.4693],[16.4304,-13.4717],[16.433,-13.4802],[16.4214,-13.4862],[16.4207,-13.4958],[16.4374,-13.5514],[16.4538,-13.5673],[16.4535,-13.5783],[16.4211,-13.6053],[16.4194,-13.6273],[16.4326,-13.6442],[16.4229,-13.6621],[16.433,-13.6882],[16.4053,-13.7209],[16.4058,-13.7502],[16.3915,-13.7365],[16.3864,-13.7874],[16.3915,-13.8054],[16.3732,-13.8193],[16.3651,-13.8856],[16.3437,-13.9079],[16.3646,-13.9644],[16.3596,-13.9909],[16.3368,-14.0041],[16.3434,-14.0278],[16.3366,-14.0344],[16.3231,-14.0319],[16.3137,-14.083],[16.2959,-14.1099],[16.3039,-14.1418],[16.2874,-14.1633],[16.2868,-14.1922],[16.2754,-14.2232],[16.2778,-14.2392],[16.3027,-14.2648],[16.3119,-14.2894],[16.3049,-14.3305],[16.3096,-14.3466],[16.2891,-14.3534],[16.3027,-14.3603],[16.2816,-14.3842],[16.2947,-14.4032],[16.2642,-14.436],[16.2639,-14.4539],[16.3088,-14.5217],[16.3393,-14.5279],[16.3511,-14.5391],[16.3425,-14.5627],[16.3586,-14.5673],[16.3682,-14.5832],[16.3915,-14.6005],[16.3843,-14.6122],[16.4394,-14.6401],[16.4525,-14.624],[16.5007,-14.6279],[16.5329,-14.6696],[16.5574,-14.6843],[16.5833,-14.6887],[16.5696,-14.7098],[16.6013,-14.7137],[16.6296,-14.7284],[16.6323,-14.7346],[16.6211,-14.7371],[16.6035,-14.777],[16.6555,-14.8539],[16.6596,-14.8778],[16.6521,-14.9562],[16.7036,-15.0305],[16.7148,-15.0561],[16.6931,-15.0803],[16.6958,-15.0973],[16.7489,-15.1629],[16.7814,-15.1733],[16.775,-15.2064],[16.78,-15.218],[16.8068,-15.2402],[16.8394,-15.2481],[16.8472,-15.258],[16.8515,-15.2852],[16.8451,-15.3034],[16.9265,-15.354],[16.9128,-15.374],[16.9324,-15.3827],[16.9792,-15.4221],[17.02,-15.4271],[17.0358,-15.4571],[17.0698,-15.4496],[17.105,-15.4702],[17.1223,-15.465],[17.1865,-15.4701],[17.2949,-15.494],[17.3306,-15.5179],[17.3716,-15.5253],[17.3774,-15.5414],[17.3627,-15.5639],[17.4001,-15.6447],[17.4199,-15.6631],[17.4507,-15.6762],[17.4602,-15.7109],[17.4999,-15.7214],[17.5492,-15.7909],[17.5907,-15.8195],[17.6045,-15.8376],[17.6225,-15.8862],[17.6476,-15.9224],[17.6658,-15.9847],[17.6579,-15.9999],[17.6658,-16.0635],[17.6863,-16.0816],[17.675,-16.1078],[17.7121,-16.3086],[17.7208,-16.3307],[17.75,-16.35],[17.7892,-16.408],[17.8035,-16.4433],[17.8281,-16.4594],[17.8328,-16.4965],[17.8721,-16.6231],[17.8855,-16.6475],[17.8896,-16.6718],[17.9062,-16.6884],[17.9312,-16.7468],[17.9456,-16.7648],[17.9644,-16.7723],[17.9851,-16.8162],[18.0089,-16.8276],[18.1101,-16.9162],[18.1387,-16.9505],[18.1614,-16.9888],[18.1798,-17.0461],[18.228,-17.0944],[18.2827,-17.1733],[18.3115,-17.1854],[18.3305,-17.2316],[18.3606,-17.2726],[18.3688,-17.3139],[18.3799,-17.3301],[18.4478,-17.3757],[18.458,-17.4052],[18.4712,-17.4142],[18.4894,-17.4623],[18.5161,-17.4712],[18.5536,-17.5463],[18.6191,-17.5948],[18.6328,-17.6288],[18.6703,-17.6532],[18.7614,-17.7476],[18.8003,-17.7565],[18.8896,-17.7992],[19.0199,-17.8222],[19.1046,-17.818],[19.1603,-17.8008],[19.2013,-17.8071],[19.246,-17.8039],[19.2619,-17.8139],[19.4209,-17.8593],[19.5923,-17.8573],[19.6721,-17.8426],[19.6926,-17.8476],[19.7107,-17.8729],[19.7705,-17.8902],[19.7935,-17.8622],[19.9514,-17.8622],[19.989,-17.8827],[20.0337,-17.8958],[20.1194,-17.8907],[20.1466,-17.8827],[20.1541,-17.8902],[20.1686,-17.878],[20.1925,-17.872],[20.2194,-17.8732],[20.2428,-17.8827],[20.2776,-17.8548],[20.2883,-17.8615],[20.3357,-17.8548],[20.3862,-17.8902],[20.4121,-17.8841],[20.4369,-17.8944],[20.4889,-17.9419],[20.5649,-17.9852],[20.5902,-17.9787],[20.6658,-17.98],[20.6891,-17.9969],[20.7219,-18.0063],[20.737,-17.9933],[20.7841,-18.0124],[20.8057,-18.0313],[20.8939,-18.0124],[20.9079,-17.986],[21.0925,-17.9379],[21.1089,-17.9449],[21.1608,-17.9306],[21.2161,-17.9306],[21.3643,-17.9919],[21.3805,-18.0124],[21.4333,-18.0303],[21.4717,-18.0612],[21.4865,-18.0668],[21.5034,-18.0602]]}},{"type":"Feature","properties":{"name":"Kafue","scalerank":6},"geometry":{"type":"LineString","coordinates":[[27.1567,-11.6262],[27.1362,-11.6979],[27.1391,-11.7895],[27.1792,-11.809],[27.2262,-11.8521],[27.2392,-11.8937],[27.2628,-11.9091],[27.3007,-11.9825],[27.3423,-12.1196],[27.3725,-12.1536],[27.3829,-12.1924],[27.4115,-12.2138],[27.4233,-12.2406],[27.4657,-12.2704],[27.4672,-12.2889],[27.4952,-12.2935],[27.5278,-12.3115],[27.5125,-12.3486],[27.563,-12.3683],[27.6099,-12.4207],[27.6349,-12.4369],[27.6296,-12.4411],[27.6438,-12.4383],[27.678,-12.4058],[27.6948,-12.4312],[27.7055,-12.4368],[27.7172,-12.4199],[27.7123,-12.4071],[27.7313,-12.3928],[27.7481,-12.4015],[27.7771,-12.438],[27.787,-12.4421],[27.8015,-12.4276],[27.8139,-12.4326],[27.8282,-12.4548],[27.8474,-12.4608],[27.8894,-12.4638],[27.9229,-12.4751],[27.9617,-12.4696],[27.9797,-12.4827],[27.9937,-12.4742],[28.0152,-12.4751],[28.0757,-12.4878],[28.1401,-12.5575],[28.1504,-12.5747],[28.1643,-12.6326],[28.2124,-12.6813],[28.2333,-12.7162],[28.2397,-12.7602],[28.2644,-12.8146],[28.2671,-12.839],[28.2434,-12.9007],[28.2312,-12.9655],[28.1935,-13.037],[28.1914,-13.0991],[28.1653,-13.1748],[28.1723,-13.195],[28.1553,-13.2367],[28.1572,-13.2568],[28.1168,-13.2983],[28.1052,-13.2845],[28.0821,-13.3188],[28.0803,-13.3316],[28.0653,-13.3475],[28.0274,-13.3666],[27.9902,-13.3422],[27.9729,-13.3604],[27.9569,-13.3394],[27.9482,-13.3384],[27.9252,-13.3666],[27.9176,-13.353],[27.9252,-13.3325],[27.843,-13.3639],[27.8289,-13.3674],[27.8153,-13.3604],[27.813,-13.3891],[27.8015,-13.3946],[27.7871,-13.378],[27.7737,-13.3734],[27.7675,-13.3837],[27.7802,-13.4108],[27.7607,-13.4206],[27.7527,-13.434],[27.7532,-13.4628],[27.7258,-13.4839],[27.7039,-13.4843],[27.698,-13.497],[27.719,-13.5106],[27.6576,-13.5305],[27.6234,-13.5044],[27.6057,-13.5156],[27.5956,-13.5305],[27.6031,-13.5474],[27.5956,-13.596],[27.5999,-13.6169],[27.6365,-13.6478],[27.6217,-13.6631],[27.6234,-13.7025],[27.5956,-13.7093],[27.5956,-13.7365],[27.5546,-13.7918],[27.5541,-13.8134],[27.5483,-13.8185],[27.5347,-13.8122],[27.5229,-13.7891],[27.5117,-13.7863],[27.4897,-13.7949],[27.4844,-13.807],[27.4932,-13.843],[27.4838,-13.868],[27.4612,-13.8928],[27.4105,-13.9222],[27.373,-13.97],[27.373,-14.0117],[27.3969,-14.0729],[27.3702,-14.0791],[27.4192,-14.1186],[27.4248,-14.1371],[27.4146,-14.1569],[27.4076,-14.1616],[27.4001,-14.1496],[27.3833,-14.1753],[27.3656,-14.1839],[27.3656,-14.2049],[27.3772,-14.223],[27.3732,-14.2333],[27.3646,-14.2472],[27.3457,-14.2504],[27.3154,-14.2825],[27.2495,-14.3019],[27.2071,-14.3532],[27.1743,-14.3748],[27.0948,-14.3766],[27.0303,-14.4095],[27.0077,-14.4147],[26.9587,-14.4087],[26.8044,-14.415],[26.7358,-14.4492],[26.6533,-14.4429],[26.6292,-14.4565],[26.5881,-14.4429],[26.5552,-14.4507],[26.5334,-14.4701],[26.4919,-14.5317],[26.4282,-14.58],[26.3872,-14.627],[26.3759,-14.6476],[26.3696,-14.6992],[26.3347,-14.714],[26.3144,-14.7133],[26.2939,-14.6887],[26.2493,-14.6681],[26.1978,-14.6546],[26.1748,-14.6213],[26.1636,-14.6204],[26.1248,-14.6908],[26.1142,-14.7275],[26.1295,-14.7507],[26.1796,-14.7629],[26.1939,-14.8256],[26.1933,-14.8451],[26.1772,-14.8674],[26.1567,-14.8538],[26.1392,-14.8627],[26.122,-14.9015],[26.1047,-14.9084],[26.0503,-14.8947],[26.0176,-14.9019],[25.9762,-14.929],[25.9177,-14.9207],[25.9104,-14.9364],[25.9119,-14.9585],[25.9237,-14.9684],[25.9612,-14.9704],[25.9958,-14.9811],[26.0259,-15.0041],[26.0349,-15.0256],[26.0059,-15.0319],[26.0112,-15.0575],[25.9915,-15.0824],[25.9722,-15.1298],[25.957,-15.1397],[25.978,-15.1623],[25.9816,-15.3193],[25.9955,-15.3529],[26.0001,-15.4091],[25.9922,-15.4223],[25.9618,-15.4224],[25.9581,-15.4325],[25.9643,-15.4577],[26.0059,-15.5049],[25.9984,-15.5458],[26.0196,-15.5905],[25.9854,-15.6865],[25.9963,-15.7339],[26.0265,-15.765],[26.093,-15.7726],[26.1101,-15.783],[26.125,-15.7785],[26.1567,-15.7923],[26.1636,-15.8127],[26.2016,-15.818],[26.2364,-15.7941],[26.2523,-15.765],[26.273,-15.7728],[26.2866,-15.7655],[26.3076,-15.7376],[26.3243,-15.7298],[26.4062,-15.7177],[26.4236,-15.6894],[26.5369,-15.6503],[26.5583,-15.6454],[26.5745,-15.6489],[26.571,-15.6865],[26.5806,-15.6944],[26.6155,-15.686],[26.6358,-15.6694],[26.6465,-15.7035],[26.6612,-15.7032],[26.6881,-15.6771],[26.698,-15.683],[26.698,-15.6631],[26.7188,-15.6742],[26.8222,-15.658],[26.8286,-15.645],[26.8147,-15.6079],[26.8345,-15.6092],[26.9246,-15.5669],[27.0071,-15.5595],[27.0747,-15.5732],[27.1021,-15.6148],[27.1642,-15.6352],[27.171,-15.6694],[27.1982,-15.6899],[27.2258,-15.7265],[27.2907,-15.7298],[27.3007,-15.7445],[27.35,-15.725],[27.4143,-15.7241],[27.4278,-15.7376],[27.4447,-15.7241],[27.4801,-15.7241],[27.5103,-15.706],[27.5489,-15.6963],[27.5731,-15.6613],[27.5894,-15.6489],[27.6073,-15.6779],[27.6365,-15.6973],[27.6449,-15.6634],[27.6638,-15.642],[27.6752,-15.6455],[27.6917,-15.6694],[27.7079,-15.6563],[27.7429,-15.6631],[27.7566,-15.6489],[27.8228,-15.6518],[27.8419,-15.6631],[27.8414,-15.6789],[27.8562,-15.6899],[27.8893,-15.6738],[27.9294,-15.6644],[27.9705,-15.6659],[28.0069,-15.683],[28.0404,-15.7319],[28.08,-15.7404],[28.178,-15.7779],[28.2359,-15.8187],[28.2913,-15.7907],[28.391,-15.7844],[28.4105,-15.7888],[28.4537,-15.8137],[28.5063,-15.8238],[28.5834,-15.8903],[28.6035,-15.8942],[28.6631,-15.8896],[28.6768,-15.8953],[28.7537,-15.952],[28.8083,-15.9567],[28.8246,-15.9438],[28.8363,-15.9505],[28.8484,-15.9366],[28.8704,-15.943],[28.8871,-15.9264],[28.9099,-15.9306],[28.9462,-15.9567]]}},{"type":"Feature","properties":{"name":"Kabompo","scalerank":7},"geometry":{"type":"LineString","coordinates":[[25.2593,-11.5096],[25.2593,-11.5505],[25.2729,-11.5821],[25.2805,-11.5936],[25.335,-11.633],[25.3595,-11.67],[25.3721,-11.7116],[25.3694,-11.7552],[25.348,-11.7982],[25.2732,-11.8866],[25.1972,-12.0132],[25.1924,-12.0529],[25.1841,-12.0744],[25.1699,-12.0855],[25.1891,-12.132],[25.1879,-12.1558],[25.1772,-12.1742],[25.1953,-12.1947],[25.176,-12.2355],[25.1221,-12.3046],[25.0863,-12.3637],[25.0595,-12.39],[25.0121,-12.4064],[24.978,-12.4411],[24.9313,-12.4606],[24.8955,-12.4896],[24.8887,-12.5095],[24.875,-12.5169],[24.8818,-12.5715],[24.875,-12.5783],[24.8613,-12.5715],[24.8588,-12.5938],[24.8518,-12.5971],[24.8408,-12.592],[24.8282,-12.6312],[24.8323,-12.6504],[24.8539,-12.6745],[24.8718,-12.6527],[24.875,-12.6575],[24.875,-12.695],[24.8858,-12.715],[24.9297,-12.7497],[24.9219,-12.7734],[24.9448,-12.7884],[24.9434,-12.8083],[24.9519,-12.832],[24.9894,-12.8369],[24.9979,-12.8493],[24.9954,-12.8618],[24.978,-12.8805],[24.9771,-12.8918],[25.0005,-12.9267],[24.9976,-12.9352],[24.9638,-12.9489],[24.9984,-12.9811],[25.0029,-12.9995],[24.9917,-13.0165],[24.9501,-13.024],[24.927,-13.0467],[24.916,-13.037],[24.9028,-13.04],[24.8738,-13.0326],[24.8638,-13.0568],[24.8272,-13.0513],[24.7982,-13.0752],[24.7533,-13.0856],[24.7451,-13.0961],[24.7453,-13.1127],[24.7106,-13.1097],[24.7051,-13.0915],[24.6901,-13.0786],[24.6777,-13.0947],[24.6287,-13.1264],[24.5977,-13.1577],[24.5945,-13.1748],[24.574,-13.1748],[24.5605,-13.1869],[24.5438,-13.2075],[24.5404,-13.2226],[24.5085,-13.2163],[24.4709,-13.2505],[24.4438,-13.23],[24.434,-13.2708],[24.4126,-13.2983],[24.3998,-13.3456],[24.3816,-13.3604],[24.3718,-13.3818],[24.3748,-13.4387],[24.3523,-13.4553],[24.3466,-13.4816],[24.2754,-13.5428],[24.2551,-13.5866],[24.208,-13.6099],[24.1679,-13.618],[24.1347,-13.6474],[24.1284,-13.682],[24.1426,-13.6955],[24.1047,-13.7541],[24.0664,-13.7519],[24.0553,-13.7996],[24.0669,-13.8086],[24.0645,-13.8227],[24.0347,-13.8233],[24.0307,-13.8455],[24.0117,-13.8464],[23.9987,-13.8737],[23.9868,-13.8683],[23.9661,-13.9146],[23.9258,-13.9649],[23.9185,-13.9654],[23.9093,-13.9419],[23.8959,-13.9511],[23.8744,-13.9904],[23.8555,-13.9909],[23.8408,-13.9867],[23.8329,-13.9758],[23.8335,-13.9562],[23.7995,-13.9836],[23.7659,-13.9927],[23.7331,-14.0124],[23.6833,-13.9904],[23.6327,-14.0135],[23.5919,-14.0233],[23.5393,-14.0593],[23.4365,-14.0856],[23.4083,-14.0996],[23.3674,-14.1337],[23.3056,-14.1382],[23.2644,-14.1685],[23.2234,-14.1685],[23.228,-14.1529],[23.2234,-14.1406],[23.1824,-14.155]]}},{"type":"Feature","properties":{"name":"Cunene","scalerank":7},"geometry":{"type":"MultiLineString","coordinates":[[[16.0216,-13.7198],[15.9999,-13.7857],[15.9773,-13.8315],[15.9355,-13.8729],[15.9281,-13.8903],[15.8979,-13.9011],[15.8886,-13.9149],[15.8684,-13.9585],[15.8604,-13.9935],[15.8297,-14.0375],[15.8025,-14.0961],[15.7804,-14.1099],[15.7581,-14.1371],[15.7136,-14.1611],[15.6898,-14.2026],[15.6736,-14.2129],[15.6658,-14.2367],[15.5728,-14.2883],[15.5407,-14.3353],[15.5024,-14.3465],[15.446,-14.3876],[15.4177,-14.3909],[15.3705,-14.4224],[15.2953,-14.4224],[15.2598,-14.4491],[15.2476,-14.4429],[15.2333,-14.4492],[15.2382,-14.4891],[15.2133,-14.5163],[15.1104,-14.559],[15.1035,-14.5715],[15.1078,-14.6128],[15.0862,-14.6279],[15.0756,-14.6681],[15.049,-14.6887],[15.0422,-14.7979],[15.049,-14.8197],[15.0793,-14.8603],[15.088,-14.89],[15.113,-14.9152],[15.1428,-14.9289],[15.251,-14.9426],[15.2544,-14.9841],[15.2953,-15.0353],[15.3164,-15.1076],[15.3124,-15.1511],[15.3042,-15.1688],[15.277,-15.1838],[15.2963,-15.2715],[15.283,-15.2967],[15.309,-15.3193],[15.3085,-15.342],[15.2817,-15.3773],[15.255,-15.4736],[15.2506,-15.5148],[15.2681,-15.5458],[15.2616,-15.5611],[15.2333,-15.5669],[15.2271,-15.5874],[15.2065,-15.5937],[15.1951,-15.6158],[15.2206,-15.6541],[15.2271,-15.683],[15.2065,-15.7171],[15.2216,-15.7803],[15.2065,-15.8674],[15.2128,-15.8674],[15.1947,-15.9375],[15.1929,-16.0189],[15.2197,-16.1468],[15.2128,-16.1764],[15.2467,-16.2593],[15.2681,-16.3478],[15.2667,-16.4449],[15.2625,-16.4523],[15.2441,-16.4577],[15.2035,-16.506],[15.1311,-16.5224],[15.1188,-16.5419],[15.0744,-16.5749],[15.0415,-16.6113],[14.9731,-16.7487],[14.9552,-16.7726],[14.8906,-16.8276],[14.8354,-16.8481],[14.81,-16.8679],[14.7917,-16.8947],[14.7336,-17.0809]],[[14.5071,-17.2733],[14.404,-17.3042],[14.3376,-17.3138],[14.2881,-17.342],[14.2339,-17.3538],[14.2094,-17.3745],[14.1965,-17.4129],[14.1745,-17.4162],[14.1304,-17.4091],[14.0849,-17.4235],[14.0173,-17.4091],[13.98,-17.4234],[13.9567,-17.4191],[13.8838,-17.3383],[13.6936,-17.2365],[13.606,-17.1672],[13.5208,-17.1218],[13.5304,-17.0932],[13.5073,-17.0634],[13.494,-17.0239],[13.4792,-17.0102],[13.4167,-16.9937],[13.3632,-16.9642],[13.3209,-16.9748],[13.3079,-16.97],[13.2668,-16.9852],[13.2668,-16.9777],[13.2223,-16.9777],[13.1975,-16.9572],[13.1843,-16.9642],[13.1657,-16.951],[13.0137,-16.9777],[12.9611,-17.0073],[12.8866,-17.0297],[12.876,-17.0596],[12.8417,-17.0741],[12.8179,-17.1047],[12.7393,-17.1354],[12.6853,-17.1734],[12.6356,-17.185],[12.5908,-17.2225],[12.5667,-17.2346],[12.46,-17.223],[12.4174,-17.2034],[12.3789,-17.2202],[12.3142,-17.218],[12.2422,-17.2248],[12.2311,-17.2017],[12.1843,-17.1769],[12.1702,-17.1491],[12.1609,-17.1462],[12.1394,-17.1559],[12.0875,-17.139],[11.9824,-17.1618],[11.9417,-17.1805],[11.8944,-17.2145],[11.835,-17.2453],[11.8218,-17.2643],[11.7963,-17.2637],[11.7661,-17.2528]]]}},{"type":"Feature","properties":{"name":"Cuanza","scalerank":7},"geometry":{"type":"MultiLineString","coordinates":[[[17.351,-13.5379],[17.425,-13.4676],[17.4336,-13.4457],[17.4336,-13.3837],[17.4404,-13.3495],[17.4446,-13.3413],[17.4635,-13.3372],[17.4677,-13.329],[17.4646,-13.2516],[17.4418,-13.2048]],[[17.4418,-13.2048],[17.4404,-13.2021],[17.4404,-13.2089],[17.4418,-13.2048]],[[17.4418,-13.2048],[17.458,-13.0976],[17.4958,-13.0513],[17.533,-12.9867],[17.5497,-12.9725],[17.5632,-12.9352],[17.6051,-12.8704],[17.6145,-12.8374],[17.6421,-12.8223],[17.6658,-12.7775],[17.6569,-12.7237],[17.642,-12.7048],[17.642,-12.4556],[17.6527,-12.397],[17.6868,-12.332],[17.6958,-12.2914],[17.692,-12.2719],[17.6763,-12.2636],[17.6248,-12.1948],[17.6104,-12.158],[17.6111,-12.123],[17.6257,-12.1026],[17.6118,-12.082],[17.6138,-12.0414],[17.6391,-11.9825],[17.6663,-11.9569],[17.6781,-11.934],[17.6658,-11.9204],[17.6521,-11.8669],[17.6527,-11.8459],[17.6654,-11.8301],[17.6589,-11.8187],[17.6248,-11.8112],[17.6316,-11.7982],[17.5993,-11.7889],[17.5837,-11.7634],[17.5903,-11.7388],[17.572,-11.7188],[17.5004,-11.6841],[17.511,-11.6326],[17.4813,-11.5628],[17.4778,-11.539],[17.4883,-11.5163],[17.5298,-11.4951],[17.5283,-11.4787],[17.516,-11.4765],[17.4883,-11.4891],[17.4883,-11.4518],[17.5127,-11.4299],[17.5189,-11.3959],[17.5148,-11.3786],[17.4584,-11.289],[17.4602,-11.2563],[17.4528,-11.2387],[17.4199,-11.2358],[17.3984,-11.2255],[17.3918,-11.2094],[17.4009,-11.1909],[17.4262,-11.1738],[17.4336,-11.1812],[17.4464,-11.1708],[17.4541,-11.1225],[17.4487,-11.1026],[17.4253,-11.0697],[17.4148,-11.0365],[17.3784,-10.9955],[17.3716,-10.9273],[17.3004,-10.8802],[17.2896,-10.8618],[17.281,-10.8578],[17.2275,-10.8652],[17.1848,-10.8483],[17.1724,-10.8516],[17.1606,-10.8168],[17.1501,-10.8089],[17.1318,-10.8174],[17.1135,-10.8107],[17.0924,-10.8333],[17.0312,-10.7963],[16.8882,-10.75],[16.8474,-10.7653],[16.8303,-10.7621],[16.8086,-10.7712],[16.7861,-10.769],[16.7545,-10.7492],[16.7148,-10.6945],[16.6652,-10.6877],[16.6384,-10.6462],[16.6133,-10.6332],[16.6135,-10.6112],[16.6384,-10.5915],[16.5963,-10.5622],[16.5847,-10.5366],[16.5613,-10.5186],[16.4945,-10.4338],[16.442,-10.4025],[16.446,-10.3446],[16.4023,-10.2899],[16.3852,-10.2784],[16.3547,-10.2738],[16.3359,-10.2493],[16.33,-10.1903],[16.3362,-10.1686],[16.3778,-10.139],[16.3402,-9.9888],[16.3254,-9.9814],[16.3169,-9.9632],[16.3046,-9.893],[16.2959,-9.8852],[16.2664,-9.8787],[16.2324,-9.8433],[16.2182,-9.7879],[16.1997,-9.7617],[16.1632,-9.7433],[16.0684,-9.7306],[16.0557,-9.7411],[16.0278,-9.7206],[15.9836,-9.7275],[15.9657,-9.7123],[15.9401,-9.7292],[15.918,-9.7349],[15.8472,-9.7275],[15.8196,-9.7139],[15.8088,-9.7161],[15.8025,-9.7411],[15.7859,-9.7681],[15.7581,-9.7827],[15.6643,-9.7909],[15.611,-9.7814],[15.5807,-9.7971],[15.5207,-9.7896],[15.5076,-9.8033],[15.4766,-9.7964],[15.3999,-9.8051],[15.3637,-9.8168],[15.3183,-9.8097],[15.3027,-9.8168],[15.2697,-9.8],[15.2029,-9.7964],[15.1786,-9.7691],[15.1445,-9.7617],[15.1299,-9.7436],[15.1112,-9.738],[15.1091,-9.7238],[14.956,-9.6734],[14.9482,-9.6735],[14.9453,-9.6831],[14.9459,-9.7126],[14.9316,-9.7206],[14.853,-9.7139],[14.7998,-9.7318],[14.7677,-9.7275],[14.7399,-9.7588],[14.6339,-9.7753],[14.5586,-9.7691],[14.5381,-9.7818],[14.4812,-9.7417],[14.4456,-9.707],[14.4111,-9.6875],[14.3665,-9.6797],[14.3252,-9.69],[14.2846,-9.6797],[14.2682,-9.6426],[14.2395,-9.625],[14.2026,-9.6335],[14.1614,-9.6283],[14.1461,-9.6092],[14.1235,-9.55],[14.0917,-9.5226],[14.0114,-9.5383],[13.9727,-9.522],[13.959,-9.488],[13.9248,-9.4709],[13.8468,-9.3535],[13.8124,-9.3319],[13.7986,-9.3024],[13.7282,-9.2819],[13.7135,-9.2695],[13.7188,-9.2477],[13.6474,-9.2341],[13.6383,-9.2116],[13.579,-9.1865],[13.4931,-9.1774],[13.4105,-9.1562],[13.3594,-9.1659],[13.3051,-9.1618],[13.2805,-9.1727],[13.245,-9.2034],[13.1843,-9.3097],[13.1435,-9.3303]]]}},{"type":"Feature","properties":{"name":"Kwango","scalerank":6},"geometry":{"type":"LineString","coordinates":[[18.7966,-11.2563],[18.7754,-11.2328],[18.7753,-11.2145],[18.7898,-11.1675],[18.7834,-11.1414],[18.7551,-11.091],[18.7483,-11.0639],[18.7637,-10.9888],[18.7625,-10.9615],[18.741,-10.9138],[18.6706,-10.8465],[18.6396,-10.8037],[18.6227,-10.7499],[18.6191,-10.6945],[18.6066,-10.6817],[18.6152,-10.6667],[18.6328,-10.6742],[18.6514,-10.665],[18.6396,-10.6462],[18.6601,-10.64],[18.658,-10.6221],[18.6737,-10.612],[18.6532,-10.5983],[18.6669,-10.5846],[18.644,-10.5749],[18.6396,-10.5505],[18.626,-10.5643],[18.5844,-10.5363],[18.5781,-10.5436],[18.5536,-10.5152],[18.5474,-10.4853],[18.5298,-10.4544],[18.4819,-10.4476],[18.4956,-10.4264],[18.4727,-10.4103],[18.4563,-10.3687],[18.4403,-10.352],[18.4539,-10.3418],[18.4683,-10.3446],[18.4745,-10.3309],[18.4948,-10.3452],[18.5026,-10.3344],[18.5024,-10.2967],[18.5229,-10.2899],[18.5164,-10.2802],[18.5024,-10.2762],[18.5093,-10.2687],[18.4745,-10.2631],[18.4895,-10.2475],[18.5093,-10.2421],[18.5103,-10.2175],[18.5332,-10.2067],[18.5439,-10.1595],[18.5667,-10.1616],[18.557,-10.139],[18.5722,-10.1431],[18.5834,-10.1374],[18.6396,-10.0776],[18.6583,-10.0824],[18.6669,-10.0776],[18.6806,-10.0503],[18.6808,-10.0192],[18.6669,-9.995],[18.6762,-9.9872],[18.6863,-9.9604],[18.688,-9.894],[18.6743,-9.8709],[18.6669,-9.8373],[18.6558,-9.8179],[18.6328,-9.8033],[18.6342,-9.7793],[18.6243,-9.7514],[18.5918,-9.707],[18.5132,-9.6763],[18.5024,-9.6592],[18.4575,-9.6533],[18.4087,-9.6045],[18.3379,-9.4954],[18.3202,-9.4584],[18.3107,-9.4476],[18.267,-9.425],[18.2899,-9.3781],[18.2852,-9.3481],[18.2664,-9.3203],[18.2195,-9.2749],[18.194,-9.262],[18.1513,-9.2696],[18.1353,-9.2586],[18.1145,-9.2352],[18.0979,-9.19],[18.0827,-9.1974],[18.0642,-9.2204],[18.0293,-9.2206],[18.0158,-9.1934],[18.0215,-9.161],[18.0482,-9.139],[18.0568,-9.0796],[18.017,-8.9938],[18.0089,-8.933],[18.0142,-8.9028],[18.0054,-8.8802],[18.0089,-8.8368],[17.9993,-8.8071],[17.9604,-8.7953],[17.9407,-8.7747],[17.9105,-8.7106],[17.9196,-8.6662],[17.8774,-8.617],[17.8787,-8.5767],[17.8342,-8.5386],[17.8247,-8.5344],[17.8097,-8.5489],[17.7966,-8.5283],[17.7594,-8.5103],[17.7493,-8.4849],[17.7577,-8.4554],[17.7551,-8.4396],[17.7354,-8.4243],[17.6821,-8.4077],[17.6731,-8.3849],[17.6501,-8.3866],[17.6038,-8.3711],[17.5661,-8.3373],[17.5508,-8.2873],[17.5531,-8.1621],[17.5219,-8.1332],[17.5349,-8.099],[17.536,-8.0759],[17.5278,-8.0605],[17.5396,-8.0319],[17.536,-8.0151],[17.4958,-7.9871],[17.4814,-7.9455],[17.4677,-7.9598],[17.4624,-7.9496],[17.4677,-7.9393],[17.4373,-7.9223],[17.4336,-7.9157],[17.4519,-7.884],[17.4404,-7.871],[17.4259,-7.8754],[17.4199,-7.8437],[17.3901,-7.839],[17.3994,-7.8233],[17.3806,-7.8231],[17.375,-7.7922],[17.3419,-7.7839],[17.3156,-7.7536],[17.3101,-7.7407],[17.32,-7.7136],[17.3032,-7.7066],[17.3076,-7.7023],[17.3032,-7.6923],[17.2883,-7.6992],[17.2822,-7.6439],[17.2859,-7.625],[17.2173,-7.5859],[17.1724,-7.4937],[17.1481,-7.4725],[17.1509,-7.4511],[17.1743,-7.4414],[17.1797,-7.4354],[17.176,-7.4281],[17.1317,-7.4094],[17.1177,-7.4253],[17.1034,-7.4159],[17.0928,-7.3521],[17.0224,-7.306],[16.9956,-7.2978],[16.9885,-7.2547],[16.9451,-7.2045],[16.947,-7.1511],[16.9265,-7.0856],[16.9286,-7.0606],[16.9607,-7.069],[16.9727,-7.0146],[16.9547,-6.9814],[16.9282,-6.9686],[16.934,-6.9456],[16.9264,-6.8884],[16.9145,-6.8639],[16.8901,-6.8471],[16.8549,-6.8421],[16.8324,-6.8277],[16.8225,-6.785],[16.7598,-6.6918],[16.7483,-6.6195],[16.7302,-6.5697],[16.7468,-6.5218],[16.7212,-6.4916],[16.7273,-6.4658],[16.7056,-6.4649],[16.7205,-6.4283],[16.7183,-6.4152],[16.7,-6.4112],[16.6925,-6.3984],[16.6969,-6.3496],[16.7205,-6.3423],[16.7143,-6.2314],[16.7262,-6.1891],[16.6953,-6.1408],[16.6596,-6.1239],[16.6304,-6.0916],[16.6106,-6.0897],[16.6317,-6.0651],[16.6277,-6.0554],[16.6038,-6.0617],[16.5947,-5.9784],[16.5802,-5.9553],[16.5969,-5.9245],[16.5771,-5.8905],[16.6012,-5.86],[16.5491,-5.8221],[16.5785,-5.81],[16.5833,-5.8011],[16.5662,-5.7825],[16.5491,-5.743],[16.5627,-5.6981],[16.5348,-5.3765],[16.5011,-5.2678],[16.4941,-5.1811],[16.5044,-5.1499],[16.5082,-5.068],[16.5361,-4.9784],[16.5495,-4.956],[16.5364,-4.9325],[16.5422,-4.9103],[16.5337,-4.8887],[16.5347,-4.8643],[16.5422,-4.8178],[16.5393,-4.7807],[16.5286,-4.7459],[16.5422,-4.7011],[16.5286,-4.6496],[16.5422,-4.605],[16.5247,-4.5547],[16.512,-4.5496],[16.5082,-4.5131],[16.4945,-4.4964],[16.5195,-4.4287],[16.5422,-4.3964],[16.5383,-4.3798],[16.5479,-4.3494],[16.5347,-4.3229],[16.54,-4.2779],[16.5007,-4.2109],[16.515,-4.1804],[16.5771,-4.1499],[16.6138,-4.142],[16.6897,-4.1425],[16.7148,-4.1221],[16.772,-4.0948],[16.8131,-4.0961],[16.844,-4.0879],[16.9022,-4.0367],[16.9297,-3.9917],[16.947,-3.9855],[17.0038,-3.9889],[17.0505,-4.0161],[17.0835,-4.0264],[17.1178,-4.0213],[17.1322,-4.0092],[17.1431,-3.9751],[17.2104,-3.9108],[17.2417,-3.7829],[17.2617,-3.7658],[17.2722,-3.7354],[17.3032,-3.7147],[17.3101,-3.6839],[17.3374,-3.6529],[17.3333,-3.6326],[17.2913,-3.5495],[17.276,-3.4819],[17.2959,-3.4481],[17.3242,-3.4335],[17.3361,-3.4014],[17.3596,-3.3857],[17.3646,-3.3686]]}},{"type":"Feature","properties":{"name":"Lualaba","scalerank":2},"geometry":{"type":"LineString","coordinates":[[26.2493,-11.7429],[26.225,-11.7377],[26.2085,-11.7246],[26.1739,-11.6828],[26.1636,-11.6603],[26.1472,-11.6508],[26.1227,-11.6485],[26.0605,-11.6883],[26.0461,-11.6745],[26.0265,-11.6672],[26.0081,-11.6721],[25.9567,-11.6612],[25.9032,-11.6364],[25.8762,-11.605],[25.8688,-11.6125],[25.8552,-11.5402],[25.832,-11.5223],[25.8117,-11.4837],[25.821,-11.4611],[25.7858,-11.4225],[25.7778,-11.399],[25.7589,-11.3859],[25.7533,-11.3513],[25.7452,-11.3513],[25.7398,-11.3648],[25.7344,-11.3643],[25.7247,-11.3587],[25.7322,-11.3513],[25.6982,-11.3329],[25.677,-11.3034],[25.6622,-11.3096],[25.6531,-11.2805],[25.6304,-11.2697],[25.6223,-11.2563],[25.608,-11.2719],[25.5967,-11.2616],[25.6054,-11.1772],[25.5951,-11.1675],[25.5889,-11.1812],[25.5746,-11.1601],[25.5671,-11.1601],[25.5533,-11.1738],[25.5447,-11.1446],[25.5591,-11.0397],[25.5934,-11.0113],[25.6148,-11.0031],[25.6435,-11.0031],[25.6565,-10.9819],[25.7212,-10.9515],[25.7242,-10.898],[25.7322,-10.872],[25.727,-10.8597],[25.7452,-10.8448],[25.7353,-10.77],[25.7644,-10.7367],[25.7664,-10.7219],[25.7346,-10.67],[25.7398,-10.6573],[25.7343,-10.6502],[25.677,-10.6188],[25.6907,-10.612],[25.677,-10.6058],[25.6907,-10.5643],[25.6845,-10.5542],[25.6565,-10.5436],[25.636,-10.5021],[25.5889,-10.5021],[25.5663,-10.4572],[25.5425,-10.4795],[25.5125,-10.4816],[25.4647,-10.4959],[25.4013,-10.4507],[25.4026,-10.4264],[25.4384,-10.416],[25.4435,-10.4032],[25.4348,-10.3779],[25.4163,-10.3649],[25.4219,-10.3535],[25.4163,-10.3239],[25.4467,-10.2933],[25.4539,-10.2757],[25.4501,-10.2569],[25.4306,-10.2279],[25.4026,-10.214],[25.401,-10.2027],[25.4175,-10.1522],[25.3951,-10.1117],[25.4283,-10.008],[25.5671,-9.8715],[25.5432,-9.7972],[25.5466,-9.7411],[25.5192,-9.707],[25.5377,-9.6955],[25.5291,-9.6723],[25.4853,-9.6313],[25.4853,-9.625],[25.5192,-9.6313],[25.4947,-9.5842],[25.4927,-9.5048],[25.5192,-9.3992],[25.5284,-9.4035],[25.5298,-9.3985],[25.5261,-9.3856],[25.5323,-9.3514],[25.5466,-9.3377],[25.5323,-9.3234],[25.5533,-9.2995],[25.5327,-9.2795],[25.5364,-9.2719],[25.5708,-9.2377],[25.5845,-9.2026],[25.6086,-9.2279],[25.6292,-9.2204],[25.6707,-9.2477],[25.677,-9.2825],[25.7002,-9.3033],[25.7285,-9.2757],[25.7744,-9.2525],[25.8142,-9.193],[25.8251,-9.2004],[25.8857,-9.1926],[25.9302,-9.2075],[25.9382,-9.169],[25.9581,-9.1385],[25.9438,-9.1242],[25.9888,-9.0907],[26.0048,-9.0683],[25.9984,-9.0492],[26.0206,-9.0287],[26.0469,-8.9541],[26.0634,-8.9452],[26.072,-8.9248],[26.0742,-8.9089],[26.04,-8.8784],[26.0144,-8.8218],[26.0089,-8.7907],[26.0171,-8.7475],[26.0337,-8.7294],[26.0747,-8.7144],[26.0946,-8.6922],[26.1135,-8.6984],[26.1313,-8.6878],[26.1567,-8.6587],[26.1909,-8.645],[26.1975,-8.6152],[26.241,-8.6065],[26.2916,-8.5785],[26.2939,-8.5454],[26.3144,-8.5215],[26.2996,-8.5054],[26.2583,-8.4868],[26.2462,-8.4737],[26.2597,-8.4388],[26.2865,-8.4129],[26.2981,-8.4101],[26.3228,-8.3784],[26.3354,-8.3849],[26.3479,-8.3642],[26.3354,-8.3073],[26.3386,-8.2956],[26.3901,-8.2751],[26.4413,-8.272]]}},{"type":"Feature","properties":{"name":"Kasai","scalerank":3},"geometry":{"type":"MultiLineString","coordinates":[[[22.2371,-11.2494],[22.2515,-11.2085],[22.255,-11.1664],[22.2433,-11.0782],[22.2167,-11.0126],[22.1956,-10.9921],[22.1956,-10.954],[22.165,-10.8686],[22.165,-10.8522],[22.1821,-10.8303],[22.2235,-10.7969],[22.3091,-10.7696],[22.319,-10.7612],[22.319,-10.7036],[22.3259,-10.6945],[22.3096,-10.6686],[22.3054,-10.5505],[22.2734,-10.5029],[22.2712,-10.4816],[22.3005,-10.4247],[22.3129,-10.3683],[22.2023,-10.1305],[22.2092,-10.0981],[22.1594,-9.9313],[22.0905,-9.877],[22.0793,-9.8715],[22.0652,-9.881],[22.0552,-9.8752],[21.9978,-9.809],[21.9857,-9.7809],[21.9839,-9.7486],[21.956,-9.7617],[21.9419,-9.7227],[21.8784,-9.6571],[21.8535,-9.6176],[21.8317,-9.4883],[21.8193,-9.4476],[21.7915,-9.4059],[21.8097,-9.3381],[21.8405,-9.2757],[21.851,-9.2336],[21.8393,-9.0922],[21.8535,-8.9777],[21.8512,-8.9257],[21.8593,-8.8462],[21.8772,-8.7891],[21.8843,-8.7822],[21.9064,-8.6453],[21.9354,-8.5829],[21.9155,-8.5767],[21.9395,-8.4998],[21.9434,-8.4559],[21.9354,-8.4129],[21.8994,-8.3487],[21.9048,-8.3372],[21.9199,-8.3288],[21.8727,-8.264],[21.8567,-8.1568],[21.8146,-8.0966],[21.799,-8.0409],[21.758,-8.0151],[21.7533,-7.9972],[21.7505,-7.9291],[21.7716,-7.8881],[21.7642,-7.8505],[21.77,-7.8067],[21.8324,-7.6141],[21.8535,-7.5859],[21.8461,-7.5141],[21.8604,-7.4698],[21.8461,-7.4489],[21.8535,-7.4287],[21.851,-7.4164],[21.8324,-7.3906],[21.8419,-7.3697],[21.8083,-7.3063],[21.7842,-7.2868],[21.797,-7.2507],[21.7544,-7.2316],[21.7251,-7.1847],[21.7112,-7.1349],[21.7026,-7.1243],[21.6882,-7.1266],[21.6772,-7.1108],[21.6613,-7.054],[21.6064,-7.0282],[21.5788,-7.006],[21.5177,-6.9251],[21.4221,-6.8426],[21.3625,-6.8135],[21.3452,-6.7868],[21.2843,-6.7538],[21.2273,-6.7],[21.1848,-6.6857],[21.1082,-6.6262],[21.0503,-6.5717],[21.0338,-6.5746],[21.007,-6.555],[20.9827,-6.5477],[20.9411,-6.5551],[20.9335,-6.5314],[20.9152,-6.5235],[20.911,-6.4999],[20.877,-6.497],[20.85,-6.4824],[20.8083,-6.4351],[20.7947,-6.3937],[20.7575,-6.3492],[20.7124,-6.2637],[20.6848,-6.2365],[20.6748,-6.1921],[20.6531,-6.1548],[20.6237,-6.1239],[20.5803,-6.0176],[20.5786,-5.9178],[20.5916,-5.9041],[20.6316,-5.8831],[20.6457,-5.8593],[20.6958,-5.8301],[20.7201,-5.7956],[20.7427,-5.7897],[20.7636,-5.7493],[20.8052,-5.7601],[20.8144,-5.7509],[20.8293,-5.7138],[20.8468,-5.6996],[20.8639,-5.6674],[20.8635,-5.6103],[20.872,-5.5993],[20.9165,-5.5864],[20.9076,-5.5204],[20.9177,-5.4995],[20.9795,-5.4329],[20.9827,-5.3765],[20.9958,-5.3573],[21.0304,-5.3368],[21.0457,-5.3061],[21.0803,-5.2805],[21.0852,-5.253],[21.0722,-5.2188],[21.0852,-5.1739],[21.0852,-5.089],[21.0994,-5.0168],[21.0961,-4.9971],[21.0722,-4.9582],[21.0425,-4.7333],[21.0463,-4.6594],[21.0393,-4.6392],[21.0273,-4.6258],[20.9257,-4.6131],[20.8796,-4.5874],[20.8679,-4.5916],[20.8209,-4.5482],[20.8162,-4.5378],[20.8188,-4.5063],[20.7725,-4.5136],[20.7294,-4.5],[20.7211,-4.4579],[20.6964,-4.4462],[20.6711,-4.4169],[20.6208,-4.4103],[20.605,-4.3952],[20.5886,-4.3382],[20.5644,-4.3199],[20.5371,-4.3167],[20.5178,-4.335],[20.4739,-4.3099],[20.4443,-4.3041],[20.3937,-4.2784],[20.3652,-4.3125],[20.3564,-4.3658],[20.3422,-4.3895],[20.3152,-4.3827],[20.266,-4.3908],[20.2214,-4.3329],[20.2019,-4.3207],[20.1845,-4.3293],[20.1335,-4.2803],[20.1084,-4.2734],[20.0305,-4.2729],[19.9958,-4.2461],[19.9811,-4.2204],[19.9685,-4.2183],[19.8381,-4.1363],[19.7829,-4.0861],[19.7568,-4.0811],[19.7705,-4.101],[19.7249,-4.0771],[19.6416,-4.075],[19.6191,-4.0668],[19.4482,-3.9621],[19.4083,-3.9457],[19.3726,-3.9098],[18.8406,-3.6747],[18.7812,-3.6349],[18.7141,-3.6292],[18.6339,-3.6128],[18.6157,-3.6014],[18.4749,-3.598],[18.4047,-3.5471],[18.3384,-3.5127],[18.2902,-3.471],[18.2588,-3.4545],[18.2306,-3.4101],[18.207,-3.4101],[18.1729,-3.4374],[18.1506,-3.4408],[18.1156,-3.431],[18.071,-3.3897],[18.0266,-3.3803],[17.9059,-3.4163],[17.8271,-3.4163],[17.8134,-3.3897],[17.7434,-3.3582],[17.7277,-3.347],[17.704,-3.3139],[17.689,-3.3254],[17.6752,-3.3261],[17.6179,-3.2934],[17.5828,-3.3086],[17.5224,-3.2593],[17.4404,-3.2382],[17.4262,-3.204],[17.3101,-3.1835],[17.2302,-3.1581],[17.1123,-3.0729],[17.0647,-3.0505],[17.0285,-3.041],[16.9912,-3.0176],[16.9604,-3.0117]],[[16.1997,-3.1904],[16.2151,-3.1348],[16.2235,-3.1185],[16.2396,-3.1082],[16.3669,-3.0829],[16.4055,-3.0616],[16.4247,-3.0632],[16.446,-3.0805],[16.4578,-3.0791],[16.4875,-3.0497],[16.5901,-3.0669],[16.6533,-3.049],[16.6977,-3.0478],[16.8208,-3.0712],[16.8403,-3.0889],[16.8582,-3.0942],[16.8681,-3.0877],[16.8712,-3.0601],[16.8866,-3.0396],[16.9093,-3.0258],[16.9662,-3.0086]]]}},{"type":"Feature","properties":{"name":"Congo","scalerank":2},"geometry":{"type":"LineString","coordinates":[[26.9304,-5.6103],[26.9146,-5.6582],[26.9177,-5.7154],[26.9116,-5.8011],[26.8897,-5.887],[26.9034,-5.9661],[26.9177,-6.1307],[26.9345,-6.1989],[26.9184,-6.2272],[26.9116,-6.2678],[26.9232,-6.2866],[26.9587,-6.3138],[26.9766,-6.3466],[26.9729,-6.3975],[26.9897,-6.4732],[26.9729,-6.5551],[26.9519,-6.7271],[26.9607,-6.7739],[27.0121,-6.8364],[27.0208,-6.8835],[27.0133,-6.9282],[27.0338,-6.9491],[27.081,-7.0794],[27.0611,-7.0895],[27.0747,-7.11],[27.0679,-7.1449],[27.027,-7.1616],[27.04,-7.1944],[27.0308,-7.2129],[27.027,-7.2472],[26.9587,-7.3485],[26.9519,-7.3674],[26.9509,-7.43],[26.9451,-7.4458],[26.9317,-7.458],[26.8972,-7.4458],[26.8637,-7.461],[26.8589,-7.4974],[26.8629,-7.5389],[26.855,-7.5694],[26.8123,-7.6132],[26.7936,-7.6786],[26.8279,-7.7353],[26.8412,-7.7442],[26.8788,-7.7525],[26.9117,-7.8138],[26.9736,-7.8455],[26.9753,-7.8657],[26.9663,-7.8847],[26.9451,-7.8915],[26.9724,-7.9184],[26.9591,-7.9372],[26.9106,-7.9465],[26.8972,-7.9598],[26.8972,-7.9735],[26.8835,-7.9735],[26.8643,-7.9898],[26.8489,-8.0151],[26.8325,-8.0099],[26.8123,-8.0373],[26.7936,-8.0417],[26.801,-8.0554],[26.7737,-8.0697],[26.7861,-8.0825],[26.7737,-8.1141],[26.794,-8.1379],[26.7936,-8.1515],[26.7842,-8.1608],[26.7633,-8.163],[26.7544,-8.1838],[26.7313,-8.1934],[26.7253,-8.2069],[26.7,-8.2085],[26.6405,-8.2461],[26.6155,-8.2334],[26.6054,-8.2486],[26.5598,-8.2719],[26.5396,-8.2751],[26.4652,-8.2611],[26.4413,-8.272]]}},{"type":"Feature","properties":{"name":"Lomami","scalerank":7},"geometry":{"type":"MultiLineString","coordinates":[[[24.7249,-8.7407],[24.665,-8.6861],[24.5896,-8.6719],[24.5802,-8.6587],[24.5876,-8.6245],[24.5802,-8.5867],[24.5872,-8.5688],[24.6354,-8.5147],[24.696,-8.4004],[24.7749,-8.3457],[24.7812,-8.3046],[24.7705,-8.2746],[24.7864,-8.2477],[24.7882,-8.1825],[24.8186,-8.1409],[24.8212,-8.12],[24.8142,-8.0759],[24.8186,-8.0513],[24.8716,-7.9974],[24.9211,-7.9925],[24.9434,-7.9797],[24.9752,-7.9343],[24.9595,-7.9142],[24.9849,-7.8437],[25.0444,-7.7933],[25.0592,-7.7465],[25.0742,-7.7304],[25.1152,-7.7066],[25.1777,-7.6464],[25.215,-7.6297],[25.2581,-7.5843],[25.2661,-7.5585],[25.2656,-7.5279],[25.2519,-7.5004],[25.2229,-7.4777],[25.2109,-7.3747],[25.2251,-7.3434],[25.2253,-7.3293],[25.2378,-7.3134],[25.2809,-7.2871],[25.3066,-7.2484],[25.3213,-7.1927],[25.3512,-7.1817],[25.3638,-7.1675],[25.4031,-7.144],[25.4573,-7.1243],[25.4709,-7.11],[25.4818,-7.1243],[25.5015,-7.1213],[25.5404,-7.0964],[25.6045,-7.0727],[25.6194,-7.0503],[25.63,-7.045],[25.6705,-7.0361],[25.667,-7.0254],[25.6497,-7.0145],[25.6435,-6.9525],[25.5608,-6.8295],[25.5004,-6.7744],[25.4839,-6.7458],[25.4511,-6.7206],[25.4435,-6.7026],[25.4647,-6.644],[25.4687,-6.6123],[25.4536,-6.5794],[25.4248,-6.5546],[25.4026,-6.5477],[25.395,-6.537],[25.3604,-6.5252],[25.2871,-6.4452],[25.2593,-6.4037],[25.1995,-6.3593],[25.1669,-6.3426],[25.1494,-6.3293],[25.1432,-6.3081],[25.1221,-6.3013],[25.0985,-6.2824],[25.1238,-6.2575],[25.1909,-6.2337],[25.2063,-6.2175],[25.2177,-6.22],[25.2325,-6.2391],[25.2633,-6.2237],[25.3275,-6.2119],[25.3456,-6.2017],[25.4089,-6.1356],[25.4921,-6.1044],[25.5537,-6.1142],[25.8386,-5.9946],[25.8803,-5.9831],[25.9172,-5.986],[25.9507,-6.0065],[25.9526,-5.9909],[25.9433,-5.966],[25.9581,-5.9518],[25.9452,-5.9369],[25.941,-5.9211],[25.9614,-5.9052],[25.9683,-5.8797],[25.9497,-5.8522],[25.941,-5.8252],[25.9104,-5.8146],[25.8966,-5.8011],[25.8831,-5.8011],[25.8583,-5.7807],[25.8535,-5.7656],[25.8632,-5.7464],[25.8491,-5.7217],[25.8489,-5.6679],[25.842,-5.6611],[25.8551,-5.6434],[25.8466,-5.6117],[25.8179,-5.586],[25.8121,-5.5959],[25.8005,-5.5751],[25.7812,-5.5853],[25.7542,-5.5623],[25.7294,-5.5518],[25.711,-5.5341],[25.7066,-5.5072],[25.6975,-5.4993],[25.6672,-5.497],[25.656,-5.4687],[25.624,-5.4555],[25.636,-5.4311],[25.6545,-5.4174],[25.6497,-5.4037],[25.6252,-5.4017],[25.5571,-5.3182],[25.5405,-5.3081],[25.4913,-5.3075],[25.4784,-5.2871],[25.4502,-5.2835],[25.4241,-5.268],[25.3888,-5.2647],[25.3544,-5.2469],[25.3002,-5.253],[25.2853,-5.245],[25.2555,-5.2114],[25.2175,-5.2013],[25.212,-5.1885],[25.2251,-5.1704],[25.1221,-5.0475],[25.0637,-5.0065],[25.0137,-4.8969],[25.0024,-4.8469],[24.9814,-4.8315],[24.9638,-4.7936],[24.9024,-4.751],[24.8818,-4.6981],[24.8613,-4.6838],[24.8678,-4.6755],[24.8539,-4.6496],[24.8557,-4.6372],[24.8752,-4.5933],[24.892,-4.5747],[24.9265,-4.5547],[24.9265,-4.5453],[24.9638,-4.4926],[25.0122,-4.4449],[24.9846,-4.3968],[24.9746,-4.3902],[24.9917,-4.3071],[25.0122,-4.266],[25.0001,-4.2377],[24.9968,-4.2067],[25.0105,-4.1756],[24.9849,-4.1425],[24.996,-4.1047],[24.9796,-4.0932],[24.9713,-4.0551],[24.9596,-4.0331],[24.9501,-4.0264],[24.9297,-4.0407],[24.8955,-4.0097],[24.8955,-3.9684],[24.8613,-3.9378],[24.8477,-3.903],[24.8341,-3.9172],[24.8047,-3.871],[24.8,-3.8552],[24.8119,-3.8481],[24.8139,-3.839],[24.7589,-3.828],[24.7726,-3.8141],[24.7433,-3.7982],[24.7317,-3.7658],[24.7472,-3.7568],[24.7959,-3.686],[24.772,-3.551],[24.7771,-3.5407],[24.7975,-3.536],[24.8015,-3.515],[24.7802,-3.4584],[24.8235,-3.4471],[24.8335,-3.4364],[24.8357,-3.4123],[24.8477,-3.4101],[24.8642,-3.3766],[24.8773,-3.3658],[24.8989,-3.3617],[24.9063,-3.3517],[24.9001,-3.2715],[24.9233,-3.2637],[24.9486,-3.2643],[24.9607,-3.2555],[24.9667,-3.2138],[24.9849,-3.1973],[25.0073,-3.155],[25.0128,-3.1338],[25.0085,-3.111],[25.017,-3.0913],[24.9977,-3.0697],[25.0054,-3.0601],[25.0253,-3.0745],[25.0333,-3.0669],[25.0352,-3.0551],[25.019,-3.036],[25.0245,-2.9799],[25.0631,-2.912],[25.0704,-2.8708],[25.1109,-2.7734],[25.0906,-2.6903],[25.0772,-2.5879],[25.0906,-2.5361],[25.0984,-2.4532],[25.1207,-2.3752],[25.1357,-2.3475],[25.1562,-2.3265],[25.156,-2.2913],[25.1854,-2.2798],[25.1909,-2.2241],[25.1759,-2.2128],[25.165,-2.1937],[25.1531,-2.1463],[25.1124,-2.1385],[25.1078,-2.1079],[25.0987,-2.0964],[25.0811,-2.0937],[25.0562,-2.0752],[25.0532,-2.0633],[25.0736,-2.022],[25.0712,-1.9914],[25.0095,-1.9451],[25.0362,-1.9098],[25.0333,-1.8814],[25.0167,-1.8636],[25.0113,-1.8416],[25.0227,-1.7909],[25.047,-1.7448],[25.054,-1.7002],[25.052,-1.6762],[25.0113,-1.5898],[25.047,-1.5661],[25.0396,-1.5462],[25.0455,-1.5098],[25.0161,-1.4964],[25.0077,-1.4763],[25.0027,-1.4086],[24.978,-1.3641],[24.9979,-1.3364],[24.9973,-1.3202],[24.9739,-1.2621],[24.9589,-1.2403],[24.9306,-1.2265],[24.9126,-1.203],[24.8682,-1.203],[24.8613,-1.1894],[24.8699,-1.1722],[24.8272,-1.145],[24.8242,-1.1193],[24.8159,-1.1166],[24.7864,-1.1284],[24.7742,-1.1203],[24.7365,-1.0739],[24.7521,-1.0422],[24.7501,-1.027],[24.7249,-1.0186],[24.6703,-0.9804],[24.6631,-0.9647],[24.615,-0.9355],[24.5697,-0.8744],[24.546,-0.857],[24.5324,-0.8125],[24.4673,-0.7884],[24.4573,-0.7747],[24.4473,-0.7281],[24.4225,-0.6896],[24.4519,-0.6706],[24.4534,-0.6576],[24.4362,-0.6413],[24.3865,-0.6242],[24.3816,-0.6034],[24.392,-0.5897],[24.4272,-0.5865],[24.4194,-0.5693],[24.3967,-0.5572],[24.3734,-0.5659],[24.3339,-0.5996],[24.3239,-0.5835],[24.3191,-0.5551],[24.3207,-0.5109],[24.3508,-0.4948],[24.3542,-0.4799],[24.3472,-0.4745],[24.3312,-0.4802],[24.3064,-0.4972],[24.3126,-0.4638],[24.309,-0.4487],[24.2891,-0.4321],[24.2825,-0.4119],[24.3203,-0.3935],[24.3271,-0.3737],[24.3171,-0.3647],[24.2373,-0.353],[24.2417,-0.3431],[24.2786,-0.3185],[24.2834,-0.3002],[24.2712,-0.2876],[24.2349,-0.2782],[24.2219,-0.2686],[24.2246,-0.2031],[24.1904,-0.1683],[24.1859,-0.148],[24.1958,-0.1309],[24.1663,-0.1137],[24.0353,-0.1138],[24.0082,-0.0985],[24.0192,-0.0653],[24.0464,-0.0379],[24.0419,-0.0248],[24.0117,-0.0379],[23.9931,-0.0258],[23.9924,-0.011],[24.0192,0.0167],[24.0016,0.0369],[24.0132,0.0499],[24.0532,0.0638],[24.022,0.1234],[24.0464,0.1846],[24.0254,0.2084],[24.0332,0.2337],[24.0548,0.2508],[24.0771,0.2562],[24.0901,0.2386],[24.1113,0.2464],[24.119,0.2634],[24.1284,0.3456],[24.1426,0.3556],[24.1557,0.4419],[24.1738,0.501],[24.2006,0.538],[24.2516,0.5262],[24.2485,0.5482],[24.2314,0.575],[24.2453,0.605],[24.2655,0.6262],[24.2511,0.6476],[24.1973,0.6331],[24.1877,0.653],[24.1924,0.678],[24.208,0.6927],[24.2314,0.6815],[24.237,0.6927],[24.2314,0.7329],[24.238,0.747],[24.2844,0.7768]],[[24.2844,0.7768],[24.2851,0.7774],[24.2844,0.7788],[24.2843,0.7782],[24.2844,0.7768]],[[24.2844,0.7768],[24.2844,0.7767]]]}},{"type":"Feature","properties":{"name":"Rusizi","scalerank":7},"geometry":{"type":"LineString","coordinates":[[29.2062,-3.3344],[29.2126,-3.2918],[29.2403,-3.2661],[29.2232,-3.2525],[29.2163,-3.2331],[29.2136,-3.1663],[29.2246,-3.1292],[29.2372,-3.1221],[29.2418,-3.1105],[29.2341,-3.0464],[29.211,-3.0209],[29.1562,-3.0047],[29.1379,-2.9502],[29.0893,-2.926],[29.0813,-2.8939],[29.0486,-2.8273],[28.9944,-2.8135],[28.9864,-2.7966],[28.995,-2.7582],[29.0078,-2.7474],[29.0281,-2.7448],[29.0149,-2.7205],[28.9998,-2.7035],[28.9359,-2.685],[28.8909,-2.6527],[28.8976,-2.5762],[28.8909,-2.5529],[28.8604,-2.5311],[28.8568,-2.5182],[28.8603,-2.5051],[28.8777,-2.4896],[28.8741,-2.4775]]}},{"type":"Feature","properties":{"name":"Lualaba","scalerank":2},"geometry":{"type":"MultiLineString","coordinates":[[[25.8762,-2.7448],[25.9438,-2.8239],[25.9382,-2.9366],[25.9253,-2.9971],[25.926,-3.0268],[25.9504,-3.0887],[25.9497,-3.1068],[25.9272,-3.1219],[25.9263,-3.1384],[25.9382,-3.17],[25.9072,-3.2353],[25.8831,-3.3207],[25.8817,-3.4106],[25.8888,-3.4538],[25.9036,-3.4915],[25.9333,-3.5325],[25.9976,-3.6008],[26.05,-3.6924],[26.0537,-3.7147],[25.9928,-4.0064],[25.9982,-4.0396],[26.0126,-4.068],[26.0587,-4.1221],[26.1304,-4.1815],[26.2354,-4.2493],[26.266,-4.3207],[26.3035,-4.3488],[26.4379,-4.3964],[26.4746,-4.419],[26.5471,-4.5063],[26.575,-4.5267],[26.7178,-4.59],[26.7808,-4.6266],[26.8079,-4.6496],[26.8497,-4.7341],[26.8692,-4.7526],[26.9116,-4.7663],[26.927,-4.8016],[26.919,-4.8867],[26.9246,-4.924],[26.9546,-4.9618],[26.9587,-4.9826],[26.9376,-5.0134],[26.9379,-5.0257],[26.958,-5.054],[26.9773,-5.1204],[26.9937,-5.1535],[26.9934,-5.1773],[26.9746,-5.2414],[27.027,-5.3007],[27.0166,-5.3144],[27.0133,-5.3765],[26.9661,-5.4653],[26.9661,-5.5546],[26.9304,-5.6103]],[[25.8762,-2.7523],[25.8547,-2.7067],[25.8168,-2.6499],[25.8142,-2.5803],[25.7969,-2.5192],[25.7852,-2.4403],[25.7589,-2.3581],[25.7709,-2.2289],[25.7589,-2.1011],[25.7613,-2.0533],[25.8005,-1.9496],[25.812,-1.852],[25.842,-1.7995],[25.842,-1.7138],[25.8632,-1.6281],[25.8568,-1.5623],[25.8563,-1.4345],[25.8632,-1.3778],[25.8585,-1.3538],[25.8012,-1.271],[25.7831,-1.2266],[25.711,-1.1347],[25.6963,-1.0977],[25.6815,-1.0124],[25.6632,-0.977],[25.6086,-0.9071],[25.5808,-0.8535],[25.504,-0.7829],[25.4853,-0.7505],[25.4609,-0.6668],[25.4367,-0.6201],[25.4026,-0.4767],[25.4058,-0.4057],[25.4573,-0.3397],[25.4709,-0.3123],[25.4954,-0.2936],[25.5045,-0.2736],[25.5404,-0.2372],[25.561,-0.1598],[25.5662,-0.1138],[25.5608,-0.0727],[25.5241,-0.0131],[25.5192,0.0136],[25.5161,0.1988],[25.4741,0.2727],[25.4326,0.3247],[25.3822,0.3625],[25.3518,0.3729],[25.3328,0.4145],[25.2932,0.4282],[25.2341,0.4735],[25.2185,0.478],[25.204,0.4971],[25.137,0.5091],[25.0786,0.5441],[25.0333,0.5585],[24.9979,0.5589],[24.9513,0.5389],[24.9336,0.5386],[24.8867,0.5478],[24.8408,0.5716],[24.7726,0.5784],[24.7432,0.5895],[24.7,0.6254],[24.6308,0.6545],[24.5314,0.7432],[24.3207,0.7445],[24.3034,0.7543],[24.2922,0.7817]]]}},{"type":"Feature","properties":{"name":"Congo","scalerank":2},"geometry":{"type":"LineString","coordinates":[[24.2922,0.7817],[24.226,0.8676],[24.2112,0.9134],[24.1401,0.9711],[23.9099,1.0745],[23.8406,1.085],[23.7719,1.0862],[23.7415,1.1096],[23.6767,1.1223],[23.6333,1.1558],[23.5991,1.1732],[23.5454,1.2385],[23.5124,1.2999],[23.4816,1.3282],[23.4379,1.3913],[23.3579,1.4647],[23.3235,1.4878],[23.1843,1.643],[23.1348,1.7112],[23.1264,1.7318],[23.0894,1.7672],[23.0454,1.8477],[23.0043,1.8683],[22.9534,1.9047],[22.8419,1.9147],[22.8188,1.9206],[22.7692,1.948],[22.7349,1.95],[22.7146,1.9589],[22.6255,2.0437],[22.6011,2.0822],[22.5148,2.1456],[22.4977,2.1516],[22.4647,2.1507],[22.2833,2.1818],[22.2344,2.1714],[22.1914,2.1834],[22.0928,2.1874],[21.5967,2.1481],[21.5178,2.1168],[21.3444,2.0915],[21.2411,2.0336],[21.2068,2.0058],[21.1005,1.9955],[20.9807,2.0031],[20.9075,2.0169],[20.6431,1.9905],[20.4473,1.9928],[20.3854,1.9805],[20.3383,1.9635],[20.3125,1.9624],[20.3032,1.9542],[20.267,1.9652],[20.1549,1.9614],[19.9184,1.8933],[19.8469,1.86],[19.7559,1.8298],[19.6953,1.789],[19.5457,1.7489],[19.4944,1.7242],[19.4702,1.7211],[19.4343,1.6991],[19.341,1.67],[19.1233,1.563],[19.0067,1.4672],[18.9924,1.4434],[18.9594,1.4256],[18.9098,1.3758],[18.7778,1.2911],[18.7644,1.2687],[18.7169,1.2373],[18.6396,1.1485],[18.5712,1.1065],[18.5283,1.0589],[18.4677,1.0052],[18.4633,0.9861],[18.4325,0.9353],[18.3909,0.8894],[18.3491,0.7685],[18.3295,0.619],[18.3102,0.551],[18.3054,0.4924],[18.2825,0.4202],[18.2522,0.1971],[18.1952,0.0895],[18.1929,0.0527],[18.1677,-0.0096],[18.1492,-0.0895],[18.0783,-0.1987],[18.0244,-0.2442],[17.9697,-0.3107],[17.8629,-0.4027],[17.7275,-0.5529],[17.6637,-0.6126],[17.6504,-0.6462],[17.6017,-0.6885],[17.3644,-0.9671],[17.33,-0.9864],[17.2971,-1.0209],[17.175,-1.048],[17.1083,-1.0755],[17.022,-1.097],[17.0055,-1.1066],[16.9087,-1.211],[16.8325,-1.269],[16.725,-1.4798],[16.6921,-1.5228],[16.6357,-1.6206],[16.6233,-1.6537],[16.6166,-1.7285],[16.6037,-1.7538],[16.522,-1.8615],[16.5134,-1.8872],[16.4604,-1.9207],[16.3821,-2.002],[16.2307,-2.1288],[16.2063,-2.1607],[16.1869,-2.2044],[16.1895,-2.2416],[16.1743,-2.3029],[16.1912,-2.3467],[16.1918,-2.395],[16.2251,-2.6351],[16.204,-2.7825],[16.1765,-2.8823],[16.1877,-2.9763],[16.1852,-3.1363],[16.1986,-3.1717],[16.1929,-3.2382],[16.1981,-3.2593],[16.227,-3.2897],[16.2251,-3.313],[16.207,-3.3617],[16.1579,-3.4471],[16.115,-3.5441],[16.0527,-3.62],[16.0048,-3.7246],[15.9906,-3.7388],[15.9738,-3.7863],[15.9298,-3.8584],[15.9118,-3.9172],[15.8825,-3.9452],[15.8437,-3.9654],[15.7996,-3.9785],[15.7107,-3.9921],[15.5662,-4.0379],[15.5332,-4.0578],[15.5205,-4.0767],[15.4899,-4.175],[15.4584,-4.2137],[15.3861,-4.2441],[15.2034,-4.3388],[15.1875,-4.372],[15.0974,-4.4998],[15.0756,-4.52],[15.0222,-4.5468],[15.0077,-4.5708],[14.9304,-4.6467],[14.8408,-4.8],[14.8149,-4.8278],[14.7681,-4.8481],[14.7018,-4.8895],[14.6723,-4.8997],[14.6339,-4.9035],[14.5746,-4.8735],[14.5618,-4.8558],[14.5319,-4.856],[14.5193,-4.8411],[14.501,-4.8405],[14.4695,-4.852],[14.4491,-4.8739],[14.4176,-4.8831],[14.3725,-4.9084],[14.3181,-4.9177],[14.2094,-4.9165],[14.1728,-4.9223],[14.1465,-4.9377],[14.0784,-5.0109],[14.0541,-5.0279],[14.0312,-5.0317],[14.0143,-5.0134],[13.9844,-5.0496],[13.98,-5.0649],[13.9875,-5.1115],[13.9755,-5.1679],[13.9579,-5.1957],[13.9314,-5.2129],[13.8936,-5.2188],[13.8757,-5.2339],[13.853,-5.3],[13.8252,-5.315],[13.8064,-5.3078],[13.7799,-5.2751],[13.7603,-5.2666],[13.7395,-5.2699],[13.7253,-5.2809],[13.7202,-5.2969],[13.7262,-5.315],[13.6881,-5.307],[13.6228,-5.2797],[13.5891,-5.2946],[13.5344,-5.3457],[13.5276,-5.3798],[13.5316,-5.3914],[13.5618,-5.4106],[13.6172,-5.5155],[13.5479,-5.5366],[13.5732,-5.5879],[13.5823,-5.6434],[13.5798,-5.6735],[13.5688,-5.6944],[13.531,-5.729],[13.4877,-5.7826],[13.4247,-5.8037],[13.4137,-5.8456],[13.3799,-5.8563],[13.342,-5.8905],[13.3104,-5.874],[13.2688,-5.8635],[13.1843,-5.8563]]}},{"type":"Feature","properties":{"name":"Tshuapa","scalerank":6},"geometry":{"type":"LineString","coordinates":[[24.5945,-3.1768],[24.6354,-3.0498],[24.6218,-3.0054],[24.6248,-2.9338],[24.5667,-2.8825],[24.4821,-2.8291],[24.4573,-2.8068],[24.4365,-2.7505],[24.4026,-2.6992],[24.3884,-2.6561],[24.3625,-2.4178],[24.2277,-2.2485],[24.1908,-2.227],[24.1557,-2.1557],[24.1426,-2.1148],[24.1304,-2.1117],[24.1103,-2.1183],[24.0976,-2.1114],[24.0327,-2.0533],[24.0111,-2.0223],[23.996,-1.9833],[23.9775,-1.9018],[23.9731,-1.8379],[23.9503,-1.7878],[23.9502,-1.7516],[23.9639,-1.6794],[23.9434,-1.6009],[23.9269,-1.4426],[23.9155,-1.3913],[23.8953,-1.3636],[23.8608,-1.3464],[23.7271,-1.3605],[23.6991,-1.3177],[23.6631,-1.2913],[23.6492,-1.244],[23.6349,-1.249],[23.4535,-1.2216],[23.4397,-1.2271],[23.3708,-1.203],[23.3438,-1.2104],[23.3196,-1.1961],[23.2709,-1.1878],[23.2576,-1.1763],[23.196,-1.1626],[23.15,-1.1312],[23.1347,-1.1415],[23.1232,-1.125],[23.1056,-1.1171],[23.0049,-1.1136],[23.0103,-1.0967],[23.0029,-1.0863],[22.9731,-1.0795],[22.9165,-1.0379],[22.9119,-1.0049],[22.8984,-0.9975],[22.8672,-0.946],[22.8262,-0.915],[22.7446,-0.9123],[22.7362,-0.9075],[22.7466,-0.8881],[22.7389,-0.8857],[22.7231,-0.8876],[22.7026,-0.9051],[22.6685,-0.9013],[22.6616,-0.8808],[22.6405,-0.8852],[22.6169,-0.8688],[22.6064,-0.8745],[22.5872,-0.8535],[22.5593,-0.8501],[22.5549,-0.8382],[22.525,-0.8125],[22.4953,-0.8154],[22.4345,-0.7752],[22.4083,-0.7784],[22.4016,-0.7368],[22.3674,-0.727],[22.3639,-0.6813],[22.3334,-0.6958],[22.3191,-0.6761],[22.301,-0.6828],[22.2824,-0.679],[22.2739,-0.641],[22.2625,-0.6336],[22.2235,-0.6338],[22.1819,-0.6201],[22.1261,-0.5943],[22.1179,-0.5708],[22.1103,-0.5656],[22.0949,-0.5776],[22.0907,-0.5925],[22.0447,-0.5518],[22.001,-0.5586],[21.9232,-0.5507],[21.9058,-0.5378],[21.8979,-0.5456],[21.8909,-0.5439],[21.8678,-0.5321],[21.8642,-0.5009],[21.8324,-0.4699],[21.8158,-0.488],[21.803,-0.4914],[21.7516,-0.471],[21.758,-0.4564],[21.7399,-0.4357],[21.7322,-0.4378],[21.727,-0.4617],[21.7125,-0.4622],[21.7102,-0.4341],[21.6406,-0.4154],[21.6406,-0.4222],[21.6117,-0.4058],[21.5946,-0.3642],[21.5581,-0.3949],[21.5444,-0.3895],[21.5156,-0.3911],[21.5073,-0.3657],[21.4761,-0.3669],[21.4631,-0.3465],[21.4262,-0.3519],[21.401,-0.3321],[21.3837,-0.3431],[21.3669,-0.3397],[21.3521,-0.2929],[21.3104,-0.291],[21.2912,-0.2987],[21.2502,-0.2912],[21.2434,-0.3123],[21.2229,-0.2987],[21.2023,-0.3052],[21.1813,-0.2912],[21.1685,-0.3049],[21.1548,-0.3031],[21.1335,-0.2782],[21.1135,-0.2876],[21.0994,-0.2713],[21.0858,-0.2784],[21.08,-0.2748],[21.0722,-0.2576],[21.0447,-0.2304],[21.0364,-0.2363],[21.0243,-0.2713],[20.9895,-0.2304],[20.9658,-0.214],[20.9612,-0.2044],[20.9691,-0.1888],[20.9623,-0.1825],[20.9481,-0.1913],[20.911,-0.1888],[20.8883,-0.2018],[20.8735,-0.1956],[20.8735,-0.2093],[20.8573,-0.2167],[20.842,-0.2002],[20.8446,-0.1806],[20.8393,-0.1683],[20.8142,-0.2012],[20.7978,-0.1956],[20.8052,-0.2167],[20.749,-0.2367],[20.7537,-0.2816]]}},{"type":"Feature","properties":{"name":"Busira","scalerank":6},"geometry":{"type":"LineString","coordinates":[[18.9512,-0.2192],[19.0112,-0.2668],[19.047,-0.2713],[19.0627,-0.2606],[19.0586,-0.2137],[19.0679,-0.2031],[19.1159,-0.2236],[19.1262,-0.2167],[19.1103,-0.1812],[19.1156,-0.1751],[19.1729,-0.1597],[19.2429,-0.1546],[19.3059,-0.1395],[19.3361,-0.1232],[19.4377,-0.1068],[19.4701,-0.1205],[19.5093,-0.0932],[19.5434,-0.1342],[19.5649,-0.145],[19.6299,-0.1403],[19.6624,-0.1561],[19.6729,-0.1543],[19.6743,-0.1274],[19.7016,-0.1478],[19.729,-0.1403],[19.7451,-0.1668],[19.7568,-0.162],[19.7812,-0.169],[19.812,-0.1601],[19.8322,-0.1453],[19.8245,-0.1342],[19.8337,-0.122],[19.8917,-0.0837],[19.9275,-0.1068],[19.9863,-0.0991],[20.0027,-0.1216],[20.0728,-0.1678],[20.0895,-0.1644],[20.0681,-0.1441],[20.068,-0.1303],[20.0906,-0.1237],[20.1841,-0.1172],[20.1972,-0.1263],[20.2019,-0.1512],[20.1882,-0.1956],[20.2156,-0.2304],[20.2217,-0.2606],[20.2329,-0.2638],[20.2534,-0.2304],[20.2907,-0.2576],[20.3186,-0.2235],[20.3424,-0.2576],[20.3936,-0.2502],[20.4517,-0.2713],[20.463,-0.2673],[20.4727,-0.2489],[20.4946,-0.2463],[20.5146,-0.2637],[20.5178,-0.2747],[20.5649,-0.2987],[20.5813,-0.2936],[20.5968,-0.2753],[20.6093,-0.2713],[20.6461,-0.2853],[20.6611,-0.2782],[20.6649,-0.2918],[20.6723,-0.2952],[20.741,-0.2888],[20.7537,-0.2816]]}},{"type":"Feature","properties":{"name":"Sangha","scalerank":6},"geometry":{"type":"LineString","coordinates":[[16.8486,-1.2513],[16.8616,-1.1522],[16.934,-1.0528],[17.0457,-0.9188],[17.0835,-0.9087],[17.1108,-0.8876],[17.1593,-0.8762],[17.1804,-0.8263],[17.1703,-0.7788],[17.1724,-0.7573],[17.1877,-0.738],[17.231,-0.7573],[17.2409,-0.7454],[17.2405,-0.7095],[17.2275,-0.6958],[17.208,-0.6879],[17.2034,-0.6515],[17.2153,-0.6206],[17.2014,-0.5595],[17.225,-0.4922],[17.2173,-0.4733],[17.1819,-0.4452],[17.1631,-0.443],[17.1519,-0.4638],[17.1394,-0.4408],[17.1466,-0.4139],[17.1797,-0.3669],[17.1349,-0.3392],[17.1708,-0.2973],[17.1704,-0.2888],[17.1521,-0.2796],[17.1533,-0.2025],[17.1602,-0.188],[17.1873,-0.1728],[17.1682,-0.095],[17.1662,-0.0277],[17.1457,0.0576],[17.1513,0.0703],[17.1914,0.0996],[17.1724,0.1737],[17.178,0.1852],[17.2002,0.188],[17.2051,0.2059],[17.1928,0.214],[17.1223,0.2185],[17.1061,0.2259],[17.0984,0.2386],[17.0924,0.3462],[17.0495,0.3655],[17.0321,0.3959],[17.0167,0.4096],[16.9804,0.3918],[16.9652,0.3922],[16.934,0.4071],[16.9153,0.403],[16.9162,0.4269],[16.934,0.4381],[16.9595,0.4885],[16.9607,0.5033],[16.9477,0.5134],[16.8674,0.4991],[16.8508,0.4887],[16.8303,0.4617],[16.7108,0.5293],[16.696,0.5445],[16.6841,0.6108],[16.6576,0.6716],[16.6652,0.719],[16.6416,0.8613],[16.6384,0.8732],[16.62,0.8853],[16.6171,0.9121],[16.5854,0.9627],[16.5867,1.1109],[16.5771,1.1333],[16.5515,1.155],[16.5491,1.1712],[16.5483,1.2014],[16.5541,1.2149],[16.5696,1.2227],[16.5696,1.2296],[16.5461,1.2361],[16.4909,1.2158],[16.4788,1.2182],[16.4626,1.2346],[16.4565,1.2542],[16.4263,1.2569],[16.4096,1.2684],[16.3989,1.2847],[16.3869,1.3392],[16.375,1.3591],[16.3159,1.4155],[16.2786,1.4281],[16.1997,1.4213],[16.177,1.4294],[16.1782,1.4608],[16.1689,1.4797],[16.1055,1.5819],[16.0697,1.6246],[16.0693,1.6615]]}},{"type":"Feature","properties":{"name":"Ivindo","scalerank":7},"geometry":{"type":"LineString","coordinates":[[13.1292,1.1783],[13.1193,1.1146],[13.0819,1.0725],[13.0614,1.065],[13.0547,1.0377],[13.0168,1.036],[12.9795,1.0445],[13.0026,0.9352],[12.9857,0.9074],[13.0049,0.9007],[13.0042,0.8911],[12.9481,0.8593],[12.9434,0.8482],[12.9516,0.8255],[12.9682,0.8347],[12.9726,0.8076],[12.9673,0.7679],[12.955,0.7394],[12.9219,0.7068],[12.903,0.6549],[12.9038,0.6199],[12.876,0.6063],[12.876,0.5648],[12.8566,0.5518],[12.8369,0.4988],[12.8342,0.4674],[12.8181,0.4456],[12.8118,0.4155],[12.7939,0.4282],[12.7415,0.3985],[12.6946,0.3556],[12.6394,0.332],[12.547,0.2501],[12.5293,0.2455],[12.4365,0.258],[12.4206,0.2464],[12.415,0.2313],[12.4171,0.1737],[12.4026,0.1478],[12.321,0.074],[12.2612,-0.0673],[12.1794,-0.118],[12.1554,-0.1248]]}},{"type":"Feature","properties":{"name":"Ubangi","scalerank":3},"geometry":{"type":"LineString","coordinates":[[18.5967,3.6787],[18.626,3.4633],[18.626,3.477],[18.634,3.4494],[18.6418,3.324],[18.6306,3.1791],[18.6191,3.145],[18.6125,3.1283],[18.5409,3.083],[18.528,3.065],[18.4669,2.899],[18.4247,2.8223],[18.4179,2.7819],[18.3927,2.7138],[18.3132,2.5761],[18.303,2.5727],[18.2326,2.5028],[18.1985,2.3892],[18.1632,2.3212],[18.1461,2.3161],[18.1106,2.2654],[18.0719,2.1602],[18.0802,2.0843],[18.0754,1.9886],[18.0811,1.9426],[18.0656,1.8591],[18.0708,1.5516],[18.0117,1.4221],[18.0015,1.3659],[17.9665,1.2539],[17.9629,1.1916],[17.9557,1.1717],[17.9143,1.1021],[17.892,1.0776],[17.866,1.0167],[17.8777,0.9473],[17.8773,0.868],[17.9071,0.7405],[17.8927,0.6078],[17.9179,0.5353],[17.9326,0.5273],[17.9495,0.4917],[17.945,0.3775],[17.9395,0.3614],[17.8535,0.2413],[17.7749,0.0265],[17.7566,-0.0093],[17.7158,-0.1957],[17.7157,-0.246],[17.7402,-0.346],[17.749,-0.5233]]}},{"type":"Feature","properties":{"name":"Mbini","scalerank":7},"geometry":{"type":"LineString","coordinates":[[11.908,1.5767],[11.7829,1.5098],[11.728,1.4643],[11.6582,1.4559],[11.5099,1.4843],[11.4335,1.4808],[11.3883,1.4644],[11.3491,1.4783],[11.2878,1.4781],[11.2428,1.4997],[11.1484,1.5291],[11.1228,1.5336],[11.0662,1.5225],[11.0366,1.526],[10.9972,1.5506],[10.9846,1.5678],[10.9624,1.5655],[10.8958,1.5786],[10.8822,1.6003],[10.8405,1.5729],[10.8273,1.5968],[10.8027,1.5829],[10.7543,1.5882],[10.6926,1.5626],[10.6387,1.5631],[10.5747,1.5872],[10.5734,1.6036],[10.5849,1.6242],[10.5902,1.6523],[10.572,1.6957],[10.6084,1.7667],[10.6156,1.8137],[10.6103,1.8302],[10.543,1.8838],[10.5117,1.9214],[10.4937,1.9257],[10.4513,1.9221],[10.3779,1.937],[10.3205,1.9115],[10.2573,1.8581],[10.2438,1.8388],[10.2378,1.8041],[10.2292,1.7917],[10.1074,1.6783],[9.9048,1.5159],[9.8847,1.5072],[9.8642,1.5132],[9.8297,1.5625],[9.7445,1.6]]}},{"type":"Feature","properties":{"name":"A\u00efna","scalerank":7},"geometry":{"type":"LineString","coordinates":[[12.5338,2.0451],[12.5337,2.064],[12.5015,2.1561],[12.4992,2.1959],[12.5117,2.2449],[12.5202,2.2573],[12.5438,2.2706],[12.5742,2.2779],[12.6142,2.2571],[12.7493,2.2369],[12.7695,2.2408],[12.8076,2.2642],[12.8672,2.2451],[12.876,2.2573],[12.9026,2.2506],[12.9243,2.2642],[12.9716,2.2506],[12.9963,2.2602],[13.0404,2.2443],[13.0924,2.2536],[13.1328,2.2847],[13.1632,2.2833],[13.1912,2.2779],[13.2117,2.2642],[13.2424,2.2717],[13.269,2.2559],[13.2936,2.2307],[13.2979,2.2159],[13.2908,2.0691],[13.2805,2.0451],[13.245,2.0255],[13.2063,1.9937],[13.2097,1.9564],[13.1775,1.9079],[13.1616,1.9],[13.1877,1.8567],[13.1906,1.8289],[13.1725,1.777],[13.1497,1.7565],[13.157,1.7393],[13.1435,1.682],[13.1494,1.6364],[13.1462,1.6124],[13.1292,1.5926],[13.1638,1.538],[13.1707,1.5454],[13.182,1.5367],[13.1903,1.5112],[13.1843,1.497],[13.2048,1.4865],[13.2229,1.4381],[13.239,1.4281],[13.239,1.3566],[13.2507,1.3378],[13.2331,1.309],[13.1877,1.2916],[13.1686,1.2587],[13.1497,1.2569],[13.1814,1.2366],[13.1843,1.2227],[13.1355,1.1955],[13.1292,1.1783]]}},{"type":"Feature","properties":{"name":"Kad\u00e9\u00ef","scalerank":6},"geometry":{"type":"LineString","coordinates":[[14.6169,5.8651],[14.6235,5.7585],[14.6306,5.7382],[14.5896,5.6085],[14.591,5.5911],[14.6184,5.5256],[14.6169,5.4955],[14.5958,5.4403],[14.5969,5.4116],[14.5922,5.4002],[14.5791,5.3956],[14.5554,5.3515],[14.539,5.3037],[14.5275,5.2932],[14.4797,5.2727],[14.4682,5.2592],[14.4519,5.2181],[14.4866,5.1771],[14.4789,5.1656],[14.4814,5.1532],[14.5002,5.1361],[14.5002,5.0843],[14.4235,4.9803],[14.3474,4.9589],[14.3078,4.9028],[14.26,4.8959],[14.2672,4.8818],[14.2463,4.8441],[14.2431,4.7565],[14.2222,4.6632],[14.2128,4.5664],[14.2463,4.539],[14.2354,4.5135],[14.2463,4.4844],[14.2838,4.4699],[14.2938,4.4427],[14.3319,4.413],[14.322,4.3472],[14.3532,4.3504],[14.3699,4.3336],[14.3769,4.3494],[14.3904,4.3547],[14.3961,4.3465],[14.3972,4.3206],[14.4105,4.3078],[14.4519,4.2926],[14.4661,4.2374],[14.4774,4.2231],[14.4917,4.2302],[14.5071,4.2237],[14.529,4.2478],[14.5463,4.2542],[14.5618,4.2517],[14.5759,4.1964],[14.5622,4.1541],[14.5691,4.1418],[14.5859,4.1387],[14.6249,4.1539],[14.6858,4.2107],[14.7175,4.2265],[14.8012,4.2345],[14.8381,4.2159],[14.851,4.2154],[14.8633,4.2311],[14.8701,4.1933],[14.9036,4.1193],[14.933,4.1083],[14.9526,4.1113],[14.9595,4.132],[15.0039,4.1179],[15.0276,4.1324],[15.0452,4.1263],[15.0756,4.094],[15.1122,4.1027],[15.1172,4.1144],[15.1323,4.1087],[15.1479,4.0741],[15.1772,4.0716],[15.1892,4.0633],[15.1929,4.0456],[15.2068,4.0318],[15.2361,4.0195],[15.3059,4.0046],[15.3637,4.0189],[15.3922,4.0611],[15.4268,4.0653],[15.435,4.0578],[15.4387,4.0288],[15.446,4.0209],[15.4866,4.0154],[15.542,3.9757],[15.5562,3.9746],[15.5713,3.9841],[15.6033,3.9152],[15.606,3.8854],[15.584,3.7917],[15.5999,3.7725],[15.6454,3.7822],[15.6762,3.7791],[15.6985,3.7687],[15.7555,3.7224],[15.7819,3.7098],[15.8062,3.7073],[15.9707,3.5689],[15.9844,3.5475],[16.0177,3.5493],[16.0488,3.5179],[16.1072,3.477],[16.1052,3.3795],[16.0898,3.3367],[16.0941,3.325],[16.1177,3.3094],[16.1108,3.2647],[16.133,3.2371],[16.1315,3.2163],[16.1118,3.1829],[16.1108,3.1691],[16.1282,3.1363],[16.2235,3.0695],[16.2245,3.017],[16.2304,3.0009],[16.2472,2.9796],[16.2858,2.9689],[16.2846,2.928],[16.2993,2.905],[16.2766,2.8832],[16.2554,2.8797],[16.2412,2.8948],[16.2017,2.8779],[16.1997,2.8532],[16.1909,2.8384],[16.142,2.7936],[16.1177,2.7098],[16.0898,2.6621],[16.1108,2.5863],[16.0907,2.5329],[16.0898,2.5106],[16.1108,2.456],[16.1125,2.4106],[16.133,2.365],[16.1587,2.3331],[16.1655,2.2949],[16.186,2.2779],[16.1792,2.2471],[16.207,2.2232],[16.1587,2.1822],[16.1401,2.2],[16.1199,2.2035],[16.1039,2.1937],[16.0852,2.1494],[16.0919,2.107],[16.0898,2.0929],[16.0762,2.0861],[16.0812,2.0469],[16.0632,2.0161],[16.0644,1.9791],[16.083,1.9632],[16.1008,1.9329],[16.1345,1.8455],[16.1586,1.7349],[16.1553,1.7193],[16.1444,1.7145],[16.1143,1.7193],[16.0693,1.6547]]}},{"type":"Feature","properties":{"name":"Sanaga","scalerank":6},"geometry":{"type":"LineString","coordinates":[[13.126,4.9335],[13.1055,4.9232],[13.0824,4.9277],[13.0063,4.9642],[12.9845,4.9877],[12.9501,5.0008],[12.9329,4.9859],[12.8696,4.9915],[12.8322,4.9716],[12.7523,4.9716],[12.7163,4.9531],[12.6879,4.9266],[12.6685,4.9199],[12.6022,4.93],[12.5537,4.8959],[12.5408,4.8754],[12.5127,4.8618],[12.4814,4.8021],[12.4472,4.7822],[12.4203,4.7353],[12.3933,4.7246],[12.2685,4.7219],[12.2732,4.7007],[12.2693,4.6942],[12.2079,4.6648],[12.1995,4.6182],[12.1633,4.5943],[12.146,4.5664],[12.1272,4.5618],[12.0807,4.5253],[12.0535,4.5601],[12.0125,4.5768],[11.9895,4.6016],[11.9653,4.5664],[11.9312,4.5465],[11.9207,4.5225],[11.8317,4.4562],[11.7708,4.4388],[11.6791,4.3718],[11.6599,4.3641],[11.6323,4.3615],[11.5601,4.3882],[11.5281,4.4186],[11.4721,4.4886],[11.4297,4.5049],[11.3843,4.4979],[11.2394,4.3602],[11.2317,4.3509],[11.2287,4.3273],[11.2095,4.2972],[11.0666,4.1765],[10.9961,4.1551],[10.9711,4.135],[10.9541,4.1388],[10.8134,4.0865],[10.7792,4.0865],[10.7131,4.0526],[10.6904,4.0803],[10.6693,4.0673],[10.6564,4.0741],[10.6249,4.0741],[10.602,4.0563],[10.5244,4.026],[10.5116,4.0257],[10.4741,4.0456],[10.4475,4.0992],[10.4367,4.1082],[10.3949,4.0456],[10.3535,3.9542],[10.321,3.924],[10.3092,3.8973],[10.2683,3.8763],[10.2593,3.8563],[10.2454,3.8606],[10.2373,3.8402],[10.2189,3.8544],[10.1807,3.8477],[10.1623,3.868],[10.1,3.7918],[10.0607,3.7776],[10.0339,3.7575],[9.9978,3.7036],[9.9882,3.6612],[9.9773,3.6483],[9.8461,3.6237],[9.8196,3.6279]]}},{"type":"Feature","properties":{"name":"Mbam","scalerank":7},"geometry":{"type":"LineString","coordinates":[[11.9853,7.1025],[11.986,6.8843],[12.0038,6.8154],[12.0039,6.7628],[12.0125,6.732],[12.0051,6.725],[12.026,6.647],[12.1016,6.5638],[12.1454,6.5405],[12.1415,6.5058],[12.1196,6.4557],[12.1089,6.4383],[12.0783,6.4233],[12.0664,6.405],[12.0612,6.3436],[12.018,6.3196],[12.0056,6.2769],[11.9953,6.266],[11.9374,6.2528],[11.9374,6.2316],[11.929,6.2294],[11.9135,6.2391],[11.8917,6.216],[11.8661,6.2101],[11.8486,6.1975],[11.7883,6.193],[11.7116,6.1394],[11.6631,6.0951],[11.6159,6.0695],[11.3893,6.0194],[11.3339,5.9962],[11.3079,6.0012],[11.2751,5.9813],[11.2658,5.971],[11.2777,5.9643],[11.2799,5.9494],[11.2734,5.9334],[11.259,5.9238],[11.2658,5.8828],[11.2782,5.8648],[11.2738,5.8194],[11.28,5.8071],[11.3103,5.8042],[11.3142,5.79],[11.2969,5.7775],[11.2726,5.732],[11.2487,5.7227],[11.2417,5.7044],[11.2106,5.6836],[11.2188,5.6702],[11.1901,5.6221],[11.2106,5.5644],[11.2043,5.4955],[11.1779,5.4492],[11.1977,5.4303],[11.1882,5.4227],[11.1764,5.3956],[11.1465,5.3783],[11.1339,5.348],[11.094,5.3323],[11.081,5.3204],[11.0761,5.216],[11.1082,5.1361],[11.1267,5.1107],[11.1355,5.0635],[11.102,5.0144],[11.1067,4.9997],[11.1287,4.9884],[11.1074,4.9383],[11.1151,4.9029],[11.1322,4.8872],[11.1408,4.8586],[11.1681,4.8629],[11.1952,4.8809],[11.2024,4.8748],[11.2043,4.8543],[11.1908,4.8242],[11.2043,4.8133],[11.2153,4.826],[11.2317,4.8208],[11.2249,4.7929],[11.2522,4.8065],[11.29,4.7929],[11.3093,4.797],[11.3205,4.7929],[11.3339,4.7688],[11.3649,4.7608],[11.3864,4.7307],[11.3893,4.711],[11.3825,4.6731],[11.385,4.6624],[11.4036,4.6489],[11.4074,4.6308],[11.3834,4.5869],[11.345,4.5427],[11.2982,4.4697],[11.2798,4.4272],[11.28,4.4025]]}},{"type":"Feature","properties":{"name":"Lom","scalerank":6},"geometry":{"type":"LineString","coordinates":[[14.6653,6.6984],[14.7008,6.6973],[14.7177,6.6711],[14.7179,6.6485],[14.6452,6.5693],[14.604,6.4514],[14.5958,6.3933],[14.5885,6.382],[14.5417,6.3558],[14.5044,6.3076],[14.4298,6.2719],[14.4041,6.2149],[14.4059,6.2009],[14.4285,6.1876],[14.4367,6.1617],[14.4381,6.1292],[14.425,6.1056],[14.433,6.074],[14.4176,6.0473],[14.3972,6.0541],[14.3867,6.0392],[14.3972,6.0194],[14.3765,6.0127],[14.363,5.9989],[14.3835,5.9678],[14.3699,5.9443],[14.3078,5.8964],[14.2771,5.8964],[14.1924,5.8617],[14.166,5.8732],[14.1452,5.8718],[14.1582,5.848],[14.1139,5.7971],[14.1008,5.7702],[14.1169,5.7196],[14.1154,5.7111],[14.0967,5.7183],[14.0967,5.6972],[14.1095,5.6832],[14.1023,5.6622],[14.0688,5.6284],[14.0483,5.65],[14.0342,5.6359],[14.0105,5.6358],[14.0068,5.5948],[13.9993,5.5867],[13.9692,5.5948],[13.9653,5.5908],[13.98,5.5681],[13.9699,5.5565],[13.9248,5.5464],[13.9374,5.5354],[13.9316,5.5197],[13.9133,5.5353],[13.8926,5.5399],[13.8794,5.5327],[13.8832,5.5129],[13.856,5.5333],[13.8438,5.5308],[13.8491,5.5129],[13.8401,5.475],[13.8455,5.4662],[13.8628,5.4781],[13.8628,5.403],[13.8325,5.4107],[13.8215,5.378],[13.7883,5.371],[13.7871,5.3409],[13.7603,5.35],[13.7062,5.3183],[13.6808,5.3148],[13.6566,5.3204],[13.652,5.3052],[13.6247,5.2942],[13.6169,5.2801],[13.6095,5.2801],[13.6095,5.2932],[13.5754,5.2801],[13.5583,5.3059],[13.5559,5.3194],[13.5618,5.3341],[13.5399,5.3433],[13.5034,5.3925],[13.4853,5.3993],[13.4628,5.382],[13.4451,5.3893],[13.4289,5.3801],[13.4067,5.3542],[13.3975,5.3246],[13.3557,5.2801],[13.349,5.2607],[13.3457,5.2331],[13.3502,5.2083],[13.3662,5.1976],[13.3694,5.1287],[13.3886,5.1048],[13.3898,5.0945],[13.3822,5.0849],[13.3455,5.0703],[13.3095,5.0411],[13.2683,4.9395],[13.2139,4.9119],[13.126,4.9335]]}},{"type":"Feature","properties":{"name":"Volta","scalerank":5},"geometry":{"type":"LineString","coordinates":[[0.6718,5.7605],[0.6501,5.8397],[0.6553,5.8738],[0.6284,5.9422],[0.5154,6.0474],[0.4326,6.0782],[0.4077,6.0714],[0.3664,6.0402],[0.3347,6.0405],[0.2482,6.0964],[0.1621,6.097],[0.1443,6.1024],[0.0972,6.1381],[0.0898,6.1653],[0.1054,6.2089],[0.1033,6.2264],[0.0781,6.2949],[0.0813,6.3085],[0.1033,6.3382]]}},{"type":"Feature","properties":{"name":"Vina","scalerank":7},"geometry":{"type":"LineString","coordinates":[[13.5034,7.4417],[13.5005,7.4317],[13.52,7.4135],[13.5546,7.4115],[13.6438,7.4388],[13.6804,7.4605],[13.7461,7.4724],[13.7738,7.4904],[13.8179,7.4873],[13.8305,7.5018],[13.897,7.4997],[13.9551,7.5435],[14.0205,7.5612],[14.0546,7.568],[14.0872,7.5645],[14.1575,7.5909],[14.1924,7.5816],[14.2498,7.6164],[14.4146,7.6164],[14.4509,7.5873],[14.4729,7.5816],[14.5149,7.5855],[14.6069,7.6123],[14.6442,7.6301],[14.6858,7.6636],[14.7917,7.7051],[14.7951,7.7263],[14.8327,7.7344],[14.894,7.7706],[14.9109,7.7742],[14.9868,7.7706],[14.9979,7.7814],[15.0242,7.786],[15.0756,7.7809],[15.0929,7.7706],[15.1029,7.7542],[15.1172,7.7542],[15.1172,7.7399],[15.1377,7.7194],[15.165,7.7467],[15.1812,7.7454],[15.2202,7.7263],[15.2521,7.7442],[15.2681,7.7467],[15.2953,7.7331],[15.3195,7.7467],[15.3735,7.7399],[15.4145,7.7572],[15.4961,7.7695]]}},{"type":"Feature","properties":{"name":"Bandama","scalerank":7},"geometry":{"type":"MultiLineString","coordinates":[[[-5.2147,6.3688],[-5.2351,6.3727],[-5.2701,6.3607],[-5.2867,6.3657],[-5.3037,6.3826],[-5.3111,6.3985],[-5.3109,6.4445],[-5.3246,6.461],[-5.3058,6.5072],[-5.337,6.5189],[-5.3142,6.5516],[-5.3178,6.5675],[-5.3087,6.5891],[-5.321,6.602],[-5.3438,6.608],[-5.3983,6.607],[-5.4095,6.614],[-5.4139,6.6332],[-5.41,6.6914],[-5.4373,6.7667],[-5.4959,6.8247],[-5.5017,6.8465],[-5.5375,6.8964],[-5.5357,6.9147],[-5.5148,6.9313],[-5.5079,6.9644],[-5.4861,7.0133]],[[-4.969,5.1424],[-4.9529,5.165],[-4.9509,5.1873],[-4.9666,5.2559],[-4.9615,5.2801],[-4.9336,5.3],[-4.9142,5.3414],[-4.8418,5.4034],[-4.8181,5.4167],[-4.8367,5.4301],[-4.8582,5.506],[-4.8937,5.5535],[-4.8774,5.6137],[-4.838,5.6085],[-4.7948,5.6566],[-4.7955,5.6717],[-4.8243,5.7115],[-4.8243,5.79],[-4.8448,5.8344],[-4.8438,5.856],[-4.8212,5.9162],[-4.8199,5.9359],[-4.8458,5.9473],[-4.8653,5.9927],[-4.8814,5.9918],[-4.9059,6.001],[-4.9615,6.1292],[-5.0091,6.1851],[-5.0241,6.2128],[-5.0802,6.2142]]]}},{"type":"Feature","properties":{"name":"Sassandra","scalerank":6},"geometry":{"type":"MultiLineString","coordinates":[[[-7.1675,9.7137],[-7.1773,9.6864],[-7.2091,9.6472],[-7.2301,9.5691],[-7.2288,9.5433],[-7.2078,9.4984],[-7.2083,9.422],[-7.201,9.3905],[-7.2071,9.366],[-7.2301,9.3363],[-7.2225,9.325],[-7.2363,9.3052],[-7.2227,9.2791],[-7.2301,9.2674],[-7.2158,9.2299],[-7.2227,9.2134],[-7.2083,9.206],[-7.1954,9.1451],[-7.2126,9.1509],[-7.2301,9.1451],[-7.2227,9.1166],[-7.2422,9.1072],[-7.2606,9.0694],[-7.2632,9.0319],[-7.2581,9.0135],[-7.2473,8.9973],[-7.2301,8.9869],[-7.2423,8.9691],[-7.2363,8.9521]],[[-7.2363,8.9453],[-7.2312,8.9344],[-7.2097,8.9291],[-7.2181,8.8878],[-7.2301,8.8702],[-7.2075,8.8529],[-7.2021,8.819],[-7.1892,8.7883],[-7.2002,8.7726],[-7.2158,8.6988],[-7.2205,8.6422],[-7.2301,8.6238],[-7.2092,8.6195],[-7.2227,8.6101],[-7.2098,8.6005],[-7.1919,8.5612],[-7.1866,8.5236],[-7.1675,8.473],[-7.1576,8.3705],[-7.1475,8.3508],[-7.1128,8.3228],[-7.1274,8.3094],[-7.1265,8.2591],[-7.137,8.2427],[-7.1306,8.2178],[-7.106,8.1781],[-7.1123,8.1592],[-7.0929,8.116],[-7.106,8.0862],[-7.106,8.0515],[-7.0718,7.9584],[-7.0719,7.9379],[-7.0991,7.9038],[-7.106,7.8737],[-7.0929,7.8457],[-7.0892,7.7804],[-7.0718,7.7194],[-7.0715,7.6971],[-7.0793,7.6778],[-7.0551,7.609],[-7.022,7.6157],[-7.0128,7.5981],[-6.9831,7.5891],[-6.9828,7.5692],[-7.0154,7.5506],[-7.024,7.5375],[-7.0172,7.5034],[-7.024,7.4898],[-7.0036,7.4724],[-7.0061,7.4454],[-7.0427,7.4279],[-7.0551,7.4029],[-7.0855,7.3659],[-7.0694,7.2744],[-7.0807,7.2464],[-7.0718,7.2154],[-7.0793,7.1707],[-7.0409,7.079],[-7.0423,7.0418]],[[-7.0445,6.2528],[-7.0469,6.2228],[-7.0138,6.218],[-6.9551,6.177],[-6.921,6.1702],[-6.8939,6.1464],[-6.8665,6.1356],[-6.8391,6.0808],[-6.8147,6.0554],[-6.7156,6.0131],[-6.6861,5.9874],[-6.6799,5.9717],[-6.7431,5.9403],[-6.746,5.9309],[-6.7301,5.8825],[-6.7181,5.8768],[-6.7019,5.8828],[-6.6883,5.8344],[-6.6957,5.8167],[-6.6676,5.8004],[-6.6268,5.8009],[-6.6174,5.7902],[-6.6091,5.7607],[-6.5511,5.6563],[-6.5213,5.6386],[-6.5108,5.5882],[-6.5176,5.5743],[-6.4295,5.5035],[-6.4146,5.4713],[-6.3729,5.4303],[-6.3787,5.4175],[-6.3697,5.3931],[-6.3599,5.3819],[-6.3463,5.3925],[-6.332,5.3819],[-6.3375,5.3593],[-6.3286,5.3447],[-6.287,5.3236],[-6.2699,5.2801],[-6.2408,5.2828],[-6.2364,5.2727],[-6.2684,5.2279],[-6.2555,5.2138],[-6.2242,5.2065],[-6.207,5.0541],[-6.1439,5.0282],[-6.1265,5.0136],[-6.1121,4.9794],[-6.0776,4.97],[-6.0645,4.9573]]]}},{"type":"Feature","properties":{"name":"Komo\u00e9","scalerank":7},"geometry":{"type":"LineString","coordinates":[[-5.4072,10.6931],[-5.4208,10.672],[-5.4561,10.6542],[-5.4711,10.6358],[-5.4792,10.6044],[-5.4687,10.588],[-5.4823,10.5355],[-5.5096,10.4911],[-5.5232,10.4256],[-5.5057,10.4157],[-5.4881,10.3931],[-5.4759,10.3679],[-5.4749,10.3505],[-5.4384,10.3402],[-5.4168,10.3077],[-5.3863,10.2967],[-5.3662,10.2959],[-5.3539,10.3084],[-5.3392,10.3024],[-5.3162,10.3054],[-5.2973,10.3232],[-5.2342,10.3159],[-5.2181,10.3201],[-5.169,10.2915],[-5.1602,10.2925],[-5.1526,10.3058],[-5.1362,10.3045],[-5.1198,10.2938],[-5.1123,10.2788],[-5.1123,10.2239],[-5.1177,10.2083],[-5.0984,10.2094],[-5.085,10.2276],[-5.0822,10.2071],[-5.0913,10.1781],[-5.0646,10.1792],[-5.0713,10.1612],[-5.04,10.1345],[-5.0383,10.1267],[-5.0707,10.1103],[-5.0435,10.1035],[-5.0571,10.0973],[-5.0489,10.0855],[-5.0378,10.0839],[-5.0162,10.0973],[-5.0112,10.0792],[-4.9751,10.0557],[-4.964,10.0405],[-4.957,10.0222],[-4.9608,10.0087],[-4.982,10.0079],[-4.9535,9.9536],[-4.9667,9.9012],[-4.9373,9.8741],[-4.9287,9.8712],[-4.91,9.8912],[-4.8986,9.8891],[-4.8906,9.8797],[-4.8391,9.8696],[-4.8248,9.8571],[-4.8181,9.8366],[-4.7991,9.8427],[-4.7766,9.7882],[-4.8106,9.782],[-4.797,9.7547],[-4.7838,9.7586],[-4.7705,9.7376],[-4.7554,9.7404],[-4.7627,9.7501],[-4.7592,9.7535],[-4.7389,9.7533],[-4.7134,9.727],[-4.7061,9.7023],[-4.6872,9.6926],[-4.6817,9.6822],[-4.6655,9.691],[-4.6564,9.7062],[-4.6294,9.7079],[-4.6046,9.7274],[-4.579,9.6967],[-4.5674,9.6926],[-4.5528,9.6966],[-4.5397,9.7449],[-4.5105,9.7452],[-4.5022,9.7373],[-4.5165,9.6758],[-4.5023,9.6552],[-4.4097,9.6479],[-4.3921,9.6005],[-4.3718,9.5831],[-4.3656,9.6243],[-4.3104,9.6038],[-4.266,9.5449],[-4.2446,9.5289],[-4.238,9.492],[-4.1966,9.4445],[-4.1916,9.4118],[-4.18,9.3881],[-4.1937,9.3363],[-4.18,9.3159],[-4.1773,9.2988],[-4.1875,9.2612],[-4.1773,9.2373],[-4.1621,9.2289],[-4.1528,9.2469],[-4.0907,9.2674],[-4.0367,9.2264],[-3.9957,9.218],[-3.9566,9.2014],[-3.9473,9.1718],[-3.9098,9.1718],[-3.8938,9.1654],[-3.9061,9.132],[-3.8921,9.1166],[-3.8995,9.1104],[-3.8509,9.1191],[-3.8442,9.1036],[-3.8438,9.0779],[-3.8516,9.0764],[-3.8722,9.1036],[-3.8855,9.0583],[-3.878,9.0418],[-3.8259,9.0271],[-3.8033,9.0074],[-3.8055,8.9937],[-3.8442,8.9869],[-3.8901,8.9637],[-3.8979,8.9462],[-3.8821,8.922],[-3.8169,8.8571],[-3.8169,8.8497],[-3.8294,8.8465],[-3.8375,8.8361],[-3.8313,8.8292],[-3.8048,8.8234],[-3.7937,8.8115],[-3.7914,8.7763],[-3.7979,8.7725],[-3.8204,8.7808],[-3.8517,8.7337],[-3.8706,8.7189],[-3.8738,8.7103],[-3.8579,8.7057],[-3.8663,8.697],[-3.9268,8.6871],[-3.9368,8.6734],[-3.9473,8.6375],[-3.9272,8.6087],[-3.9231,8.5726],[-3.9509,8.5517],[-3.9583,8.5384],[-3.9814,8.5276],[-3.9789,8.5097],[-3.9422,8.4893],[-3.933,8.4695],[-3.9439,8.4382],[-3.9814,8.432],[-3.988,8.4189],[-3.9746,8.3972],[-3.961,8.391],[-3.9748,8.3613],[-3.9593,8.3389],[-3.9601,8.3188],[-3.9678,8.3085],[-3.9824,8.3058],[-4.0429,8.3048],[-4.0367,8.2709],[-4.002,8.2402],[-4.0195,8.2076],[-4.0201,8.1837],[-3.992,8.1747],[-3.9405,8.116],[-3.9548,8.0955],[-3.9773,8.1028],[-3.9945,8.0897],[-4.0055,8.0651],[-4.0162,7.9832],[-4.0101,7.9667],[-3.9784,7.972],[-3.9545,7.9689],[-3.9344,7.9777],[-3.9268,7.9584],[-3.9292,7.9492],[-3.9768,7.9129],[-3.9063,7.8833],[-3.8932,7.8944],[-3.8801,7.885],[-3.8647,7.8492],[-3.8767,7.8315],[-3.8599,7.7927],[-3.8722,7.774],[-3.8342,7.7703],[-3.8237,7.7601],[-3.8169,7.7399],[-3.7965,7.7446],[-3.7822,7.7331],[-3.7402,7.7327],[-3.7273,7.722],[-3.7351,7.6989],[-3.7261,7.666],[-3.7149,7.6549],[-3.6783,7.644],[-3.6698,7.609],[-3.6581,7.6051],[-3.6382,7.5816],[-3.5985,7.5917],[-3.5789,7.587],[-3.5706,7.5574],[-3.5957,7.5264],[-3.5941,7.5168],[-3.5416,7.4956],[-3.5091,7.4488],[-3.5059,7.392],[-3.5221,7.3836],[-3.5205,7.3607],[-3.5448,7.3231],[-3.5426,7.3011],[-3.5283,7.3079],[-3.5221,7.3011],[-3.5285,7.2858],[-3.5825,7.2747],[-3.5801,7.2181],[-3.5933,7.1866],[-3.6115,7.1776],[-3.6147,7.1944],[-3.6251,7.1977],[-3.6456,7.1776],[-3.6362,7.1329],[-3.6233,7.1126],[-3.5836,7.1025],[-3.5677,7.1115],[-3.5637,7.1062],[-3.5674,7.094],[-3.5774,7.0882],[-3.5701,7.0718],[-3.6189,7.082],[-3.6215,7.0604],[-3.6345,7.0511],[-3.6844,7.0396],[-3.7145,7.0063],[-3.7518,7.0001],[-3.7754,6.9789],[-3.7779,6.954],[-3.7715,6.9372],[-3.7618,6.9363],[-3.7555,6.9591],[-3.7415,6.9488],[-3.7298,6.9119],[-3.7728,6.8653],[-3.7754,6.8492],[-3.7403,6.815],[-3.7965,6.7598],[-3.7706,6.7058],[-3.7723,6.6842],[-3.8033,6.6711],[-3.7891,6.6598],[-3.7691,6.6158],[-3.7145,6.6227],[-3.6906,6.6446],[-3.6804,6.6363],[-3.6866,6.5817],[-3.6661,6.5612],[-3.6516,6.5205],[-3.6456,6.4753],[-3.6599,6.4548],[-3.6562,6.4414],[-3.6221,6.4042],[-3.6115,6.3558],[-3.5903,6.3591],[-3.5555,6.3534],[-3.5426,6.3762],[-3.5009,6.3297],[-3.4781,6.2964],[-3.457,6.2463],[-3.4583,6.2408],[-3.4837,6.2352],[-3.4607,6.1907],[-3.4494,6.1893],[-3.4443,6.2058],[-3.4333,6.2117],[-3.4205,6.2053],[-3.3958,6.1627],[-3.3924,6.1121],[-3.3987,6.0999],[-3.4244,6.0803],[-3.4271,6.061],[-3.4054,6.0677],[-3.4129,6.0473],[-3.3967,6.0383],[-3.3862,6.0217],[-3.3848,6.0017],[-3.3958,5.9818],[-3.4238,5.9712],[-3.4305,5.9373],[-3.467,5.8577],[-3.4654,5.8068],[-3.4333,5.7792],[-3.4607,5.7599],[-3.4855,5.7176],[-3.5221,5.691],[-3.5562,5.65],[-3.5834,5.6371],[-3.5918,5.6261],[-3.5836,5.6085],[-3.6082,5.5842],[-3.6152,5.5572],[-3.6599,5.5129],[-3.6619,5.4608],[-3.6205,5.2775],[-3.6242,5.2572],[-3.6456,5.2665],[-3.6887,5.2403],[-3.7171,5.2125]]}},{"type":"Feature","properties":{"name":"Ouham","scalerank":6},"geometry":{"type":"LineString","coordinates":[[15.3227,6.4619],[15.3314,6.4221],[15.3498,6.4016],[15.35,6.3824],[15.4011,6.3173],[15.4238,6.3018],[15.4804,6.3278],[15.5407,6.3113],[15.5688,6.3369],[15.6305,6.3688],[15.7136,6.3933],[15.7946,6.4694],[15.8366,6.4923],[15.9172,6.4849],[15.939,6.4923],[15.9431,6.477],[15.9699,6.4686],[15.98,6.4514],[15.9812,6.4086],[15.9738,6.3688],[16.0002,6.2914],[16.0216,6.2726],[16.0412,6.2857],[16.0693,6.2528],[16.1108,6.2664],[16.1388,6.2574],[16.1643,6.2714],[16.2167,6.259],[16.2577,6.268],[16.2773,6.2791],[16.2891,6.2943],[16.2816,6.3006],[16.3915,6.4309],[16.3989,6.4234],[16.4189,6.4825],[16.404,6.5015],[16.4187,6.522],[16.4535,6.5544],[16.4945,6.5675],[16.5207,6.5916],[16.5435,6.6009],[16.6074,6.6621],[16.6396,6.6753],[16.6765,6.6795],[16.7148,6.6711],[16.7326,6.6572],[16.758,6.6227],[16.7849,6.6129],[16.7908,6.5707],[16.8401,6.5362],[16.8568,6.4888],[16.8787,6.4825],[16.8986,6.4656],[16.947,6.4582],[16.9607,6.4923],[17.0016,6.4849],[17.0358,6.4923],[17.1006,6.4582],[17.1096,6.4409],[17.1316,6.4393],[17.1709,6.4591],[17.2207,6.4234],[17.2964,6.4309],[17.3682,6.4514],[17.4609,6.5221],[17.502,6.5128],[17.5365,6.5306],[17.5544,6.5331],[17.5941,6.5147],[17.6244,6.527],[17.6527,6.5128],[17.6658,6.5544],[17.7104,6.5712],[17.7979,6.6649],[17.8097,6.6711],[17.8397,6.6651],[17.8503,6.6883],[17.8767,6.6952],[17.8781,6.7375],[17.8928,6.7598],[17.8787,6.7735],[17.8855,6.7902],[17.9333,6.8281],[17.9579,6.8399],[17.9609,6.8474],[17.955,6.8629],[17.9368,6.8741],[17.9333,6.8834],[17.9475,6.9039],[17.9711,7.003],[17.9885,7.0267],[18.0027,7.0063],[18.0349,7.0283],[18.0453,7.054],[18.0929,7.082],[18.1137,7.1252],[18.1508,7.1795],[18.1637,7.2235],[18.2311,7.3118],[18.252,7.3182],[18.2759,7.3079],[18.3032,7.3148],[18.2727,7.3671],[18.2659,7.4091],[18.2578,7.4238],[18.2349,7.4451],[18.1921,7.5043],[18.1767,7.5034],[18.112,7.4451],[18.0784,7.4662],[18.0042,7.4454],[17.9749,7.4656],[17.9465,7.5233],[17.925,7.5414],[17.8855,7.5537],[17.762,7.5506],[17.7346,7.568],[17.7304,7.6],[17.783,7.6989],[17.7925,7.7415],[17.7881,7.7612],[17.7688,7.774],[17.7727,7.8054],[17.7288,7.9086],[17.7278,7.9522],[17.7075,7.9881],[17.7136,7.9993],[17.7004,8.0347],[17.6936,8.0791],[17.7144,8.2726],[17.7278,8.3085],[17.7637,8.3654],[17.7756,8.4059],[17.7969,8.4227],[17.7966,8.4518],[17.807,8.4612],[17.8486,8.4744],[17.875,8.551],[17.9162,8.6183],[17.9229,8.642],[17.9374,8.6563],[17.9379,8.6814],[17.9196,8.7057],[17.9216,8.7294],[17.9482,8.7648],[17.955,8.7845],[17.9508,8.8142],[17.9629,8.8362],[17.9407,8.8497],[17.9375,8.8597],[17.9475,8.8776],[17.9612,8.8845],[17.955,8.9012],[17.9674,9.0074],[17.9778,9.0179],[17.9839,9.0166],[17.999,8.9974],[18.0334,9.021],[18.0642,9.021],[18.0915,9.0412],[18.1205,9.0762],[18.1418,9.1147],[18.1461,9.1451],[18.1729,9.1651],[18.1974,9.1616],[18.2224,9.2465],[18.2417,9.2538],[18.2349,9.3159]]}},{"type":"Feature","properties":{"name":"Ou\u00e9m\u00e9","scalerank":7},"geometry":{"type":"MultiLineString","coordinates":[[[2.5504,6.3543],[2.5507,6.3648]],[[2.5507,6.3648],[2.552,6.4315]],[[2.5663,10.1103],[2.5288,10.109],[2.5192,10.1013],[2.4896,10.0476],[2.476,9.9846],[2.4465,9.926],[2.4416,9.867],[2.425,9.8366],[2.4328,9.8055],[2.4055,9.7683],[2.3926,9.7075],[2.3739,9.6909],[2.2905,9.3979],[2.282,9.3121],[2.2664,9.2576],[2.2478,9.2264],[2.261,9.2221],[2.2859,9.2335],[2.3024,9.2264],[2.2875,9.2146],[2.2683,9.2134],[2.2766,9.194],[2.2692,9.1568],[2.282,9.1383],[2.2712,9.1253],[2.2686,9.091],[2.2746,9.0756],[2.2974,9.0848],[2.3005,9.0683],[2.29,9.0496],[2.2568,9.0557],[2.2392,9.0477],[2.2248,9.0324],[2.2209,9.0177]],[[2.2209,9.0177],[2.22,9.0142]],[[2.22,9.021],[2.2209,9.0177]],[[2.2209,9.0177],[2.2282,8.994],[2.22,8.98],[2.2026,8.9752],[2.1925,8.9391],[2.22,8.9254],[2.208,8.9168],[2.2062,8.8981],[2.2268,8.9117],[2.2343,8.9043],[2.2478,8.9117],[2.2443,8.8826],[2.2138,8.8446],[2.2062,8.8258],[2.187,8.7456],[2.2035,8.7199],[2.22,8.6306],[2.2065,8.5449],[2.2194,8.515],[2.2404,8.5071],[2.2714,8.476],[2.3267,8.4375],[2.3367,8.4177],[2.3381,8.3749],[2.3289,8.2872],[2.3367,8.2464],[2.3693,8.1818],[2.3441,8.116],[2.3713,8.0682],[2.3577,8.045],[2.3713,8.0174],[2.3923,7.8538],[2.4123,7.8218],[2.4583,7.7877],[2.4675,7.774],[2.4738,7.7263],[2.5017,7.6915],[2.5004,7.6652],[2.4829,7.6174],[2.485,7.5521],[2.4607,7.5409],[2.4175,7.4747],[2.4328,7.4072],[2.4328,7.3625],[2.4464,7.3365],[2.4465,7.3209],[2.437,7.3107],[2.4197,7.2663],[2.4736,7.2291],[2.4806,7.2055],[2.4573,7.2032],[2.4351,7.1751],[2.4253,7.1398],[2.4397,7.1099],[2.423,7.1032],[2.4242,7.0869],[2.4465,7.0609],[2.4207,7.0501],[2.4123,7.0233],[2.4148,6.9935],[2.4259,6.9721],[2.4197,6.9175],[2.4397,6.9243],[2.457,6.8946],[2.4802,6.7899],[2.488,6.6264],[2.5349,6.5695],[2.5441,6.5097],[2.5632,6.4719],[2.552,6.4315]],[[2.5454,6.4042],[2.5507,6.3648]],[[2.5507,6.3648],[2.5543,6.355]]]}},{"type":"Feature","properties":{"name":"Benue","scalerank":4},"geometry":{"type":"LineString","coordinates":[[11.9241,9.4905],[11.873,9.5054],[11.8197,9.5091],[11.7367,9.4986],[11.6667,9.4654],[11.6016,9.4182],[11.4263,9.3315],[11.3756,9.2947],[11.3341,9.2538],[11.2864,9.2369],[11.2633,9.1989],[11.1498,9.1718],[11.0862,9.1407],[11.0286,9.0939],[10.98,9.0364],[10.9158,8.9161],[10.893,8.8206],[10.87,8.7923],[10.8411,8.7696],[10.7526,8.7194],[10.7332,8.7148],[10.6836,8.7194],[10.6501,8.7108],[10.5864,8.6754],[10.5532,8.671],[10.4987,8.6988],[10.4628,8.6908],[10.4329,8.6678],[10.4219,8.6667],[10.3745,8.6852],[10.3422,8.682],[10.3137,8.671],[10.2843,8.6716],[10.2578,8.6014],[10.2383,8.5828],[10.2212,8.5787],[10.2104,8.5686],[10.178,8.5148],[10.1133,8.4968],[10.1123,8.4566],[10.1064,8.4453],[10.0681,8.4339],[10.048,8.4199],[10.0197,8.3456],[9.9904,8.335],[9.915,8.3234],[9.8809,8.3087],[9.8594,8.2899],[9.8271,8.2437],[9.8041,8.2268],[9.7175,8.2186],[9.6777,8.186],[9.6318,8.1641],[9.6001,8.1398],[9.5551,8.1236],[9.539,8.1013],[9.4243,8.0701],[9.3882,8.0416],[9.3603,7.9932],[9.333,7.9801],[9.3193,7.9522],[9.3079,7.9447],[9.2709,7.9385],[9.1356,7.8901],[9.0258,7.8834],[8.9895,7.8745],[8.9489,7.8326],[8.9179,7.8116],[8.7993,7.799],[8.6401,7.7358],[8.5205,7.7396],[8.4921,7.7472],[8.4556,7.7685],[8.3986,7.7804],[8.3162,7.8311],[8.2934,7.8556],[8.2003,7.8766],[8.1195,7.9142],[8.0353,7.9285],[7.9683,7.9644],[7.9338,7.9737],[7.8632,7.982],[7.7812,8.006],[7.7168,8.0131],[7.6533,8.0289],[7.4951,8.0164],[7.3192,8.0317],[7.2858,8.0281],[7.084,7.9602],[6.9705,7.8822],[6.86,7.8362],[6.8012,7.8239],[6.7712,7.8007],[6.7672,7.7857]]}},{"type":"Feature","properties":{"name":"B\u00e9nou\u00e9","scalerank":4},"geometry":{"type":"LineString","coordinates":[[13.5242,7.7775],[13.5696,7.8002],[13.616,7.8422],[13.6994,7.8646],[13.7233,7.8802],[13.7324,7.918],[13.6933,8.0131],[13.6982,8.0484],[13.7086,8.062],[13.7529,8.0825],[13.8117,8.1311],[13.8905,8.1414],[13.9091,8.1488],[13.9248,8.1645],[13.9521,8.2259],[13.9965,8.2744],[13.9896,8.3429],[14.0076,8.3791],[14.0005,8.4264],[13.9728,8.4874],[13.9556,8.5108],[13.9211,8.5216],[13.9066,8.5328],[13.9521,8.6027],[13.9521,8.6375],[13.9865,8.6916],[13.9795,8.7486],[13.9931,8.7814],[13.9862,8.791],[13.9385,8.8155],[13.8925,8.8565],[13.8459,8.9312],[13.7393,8.9595],[13.7295,8.974],[13.7262,9.021],[13.7018,9.0682],[13.6892,9.1108],[13.6232,9.1793],[13.5751,9.2139],[13.5592,9.2643],[13.5068,9.3392],[13.4722,9.3281],[13.3799,9.2395],[13.3406,9.239],[13.3262,9.2215],[13.3047,9.2144],[13.2595,9.206],[13.239,9.2134],[13.2191,9.1998],[13.1707,9.2134],[13.1366,9.1855],[13.1217,9.1882],[13.1059,9.2168],[13.0717,9.2401],[13.0578,9.2648],[13.0272,9.2764],[12.9917,9.3024],[12.9721,9.2885],[12.9677,9.3018],[12.9721,9.3159],[12.8867,9.3515],[12.8525,9.3568],[12.8179,9.3861],[12.8008,9.3915],[12.7514,9.3719],[12.6879,9.3264],[12.6636,9.2947],[12.6409,9.2902],[12.5756,9.2471],[12.5417,9.2368],[12.5127,9.2395],[12.4787,9.2817],[12.3865,9.3674],[12.3774,9.381],[12.3744,9.4095],[12.3551,9.4257],[12.3129,9.4856],[12.2849,9.5109],[12.1962,9.5292],[12.0552,9.4708],[12.0247,9.469],[11.981,9.4893],[11.9241,9.4905]]}},{"type":"Feature","properties":{"name":"Kaduna","scalerank":7},"geometry":{"type":"LineString","coordinates":[[5.7629,8.7856],[5.8647,8.8879],[5.8738,8.9073],[5.8742,8.9273],[5.8632,8.9483],[5.8154,8.9916],[5.8129,9.0175],[5.8755,9.3536],[5.8767,9.4141],[5.9312,9.5404],[5.9479,9.6078],[5.9413,9.642],[5.9232,9.6361],[5.9059,9.6492],[5.9062,9.8619],[5.9155,9.8801],[5.9678,9.9047],[5.9912,9.9234],[6.0054,9.9985],[5.9976,10.0396],[6.0285,10.0935],[6.0175,10.1109],[6.026,10.1384],[6.0237,10.1997],[6.049,10.3014],[6.04,10.4017],[6.043,10.4421],[6.0581,10.4714],[6.0856,10.4906]]}},{"type":"Feature","properties":{"name":"Logone","scalerank":7},"geometry":{"type":"LineString","coordinates":[[15.049,12.0847],[15.04,12.0559],[15.0525,12.0382],[15.049,12.0121],[15.0807,11.9718],[15.0479,11.963],[15.0627,11.9274],[15.0415,11.9025],[15.0437,11.8775],[15.0505,11.8618],[15.0793,11.8513],[15.1104,11.7831],[15.083,11.7484],[15.0967,11.7279],[15.0756,11.7216],[15.0678,11.7003],[15.069,11.661],[15.0847,11.616],[15.1234,11.5633],[15.1352,11.531],[15.1218,11.5034],[15.0756,11.4535],[15.0601,11.4163],[15.049,11.3374],[15.0625,11.3101],[15.0329,11.2604],[15.0208,11.1827],[15.0347,10.9948],[15.0786,10.8983],[15.0625,10.8309],[15.0653,10.7933],[15.1494,10.6233],[15.1318,10.5655],[15.1377,10.5218],[15.1531,10.5122],[15.186,10.506],[15.2177,10.4874],[15.2407,10.4331],[15.2778,10.3944],[15.2837,10.3495],[15.3009,10.312],[15.4387,10.1854],[15.4758,10.1329],[15.5355,10.0808],[15.6024,10.0411],[15.6374,10.0301],[15.7144,9.9627],[15.7063,9.9328],[15.7421,9.9265],[15.7542,9.906],[15.8034,9.877],[15.823,9.8292],[15.8152,9.7713],[15.823,9.7547],[15.912,9.7311],[16.0319,9.6281],[16.1472,9.5584],[16.1931,9.5465],[16.2191,9.5285],[16.2632,9.4586],[16.3068,9.324],[16.3152,9.3087],[16.3376,9.2962],[16.3789,9.225],[16.4203,9.1807],[16.433,9.1514],[16.4351,9.1275],[16.4535,9.0961],[16.4638,9.0614],[16.5205,8.98],[16.5422,8.98],[16.5491,8.9521],[16.5696,8.9453],[16.5923,8.9174],[16.5959,8.9026],[16.5969,8.881],[16.5132,8.7531],[16.4902,8.7324],[16.4093,8.7066],[16.3922,8.6937],[16.3796,8.6576],[16.3647,8.6485],[16.2874,8.6403],[16.145,8.5974],[16.0986,8.5607],[16.0039,8.5109],[15.98,8.4866],[15.8927,8.4387],[15.8678,8.4134],[15.8577,8.3767],[15.8627,8.3361],[15.8579,8.1395],[15.844,8.0546],[15.7683,7.9317],[15.7505,7.8328],[15.7199,7.815],[15.7063,7.7809],[15.6564,7.7565],[15.5763,7.7623],[15.5622,7.7542],[15.5144,7.7809],[15.4961,7.7695]]}},{"type":"Feature","properties":{"name":"Bandama Blanc","scalerank":7},"geometry":{"type":"LineString","coordinates":[[-6.1055,9.4359],[-6.085,9.4837],[-6.0891,9.5201],[-6.085,9.535],[-6.0132,9.6269],[-5.9717,9.6326],[-5.949,9.6448],[-5.9359,9.6337],[-5.9186,9.6403],[-5.8863,9.6653],[-5.8456,9.6839],[-5.7827,9.7313],[-5.7424,9.782],[-5.7244,9.7823],[-5.7218,9.7956],[-5.7054,9.7683],[-5.6826,9.7598],[-5.6768,9.7444],[-5.6604,9.7683],[-5.6256,9.7609],[-5.6126,9.7404],[-5.6058,9.7472],[-5.5729,9.7371],[-5.5648,9.7274],[-5.4686,9.7547],[-5.4612,9.7137],[-5.4481,9.7137],[-5.4139,9.6857],[-5.3724,9.6727],[-5.3662,9.651],[-5.3561,9.6443],[-5.3519,9.6312],[-5.3367,9.6374],[-5.324,9.6038],[-5.2988,9.578],[-5.3077,9.5135],[-5.3178,9.5002],[-5.3382,9.5145],[-5.3384,9.4947],[-5.3047,9.494],[-5.2991,9.4868],[-5.3178,9.4667],[-5.324,9.4393],[-5.3506,9.4027],[-5.3507,9.3954],[-5.3382,9.3915],[-5.3382,9.3847],[-5.3867,9.3179],[-5.4054,9.2298],[-5.4245,9.2115],[-5.4549,9.2134],[-5.4413,9.1986],[-5.4354,9.1664],[-5.4581,9.1],[-5.4735,9.0862],[-5.4959,9.0899],[-5.4974,9.0633],[-5.4374,9.0245],[-5.4208,8.9943],[-5.4612,9.0006],[-5.4612,8.9943],[-5.4407,8.98],[-5.4654,8.965],[-5.4598,8.9263],[-5.4922,8.9134],[-5.4612,8.8907],[-5.4595,8.8781],[-5.4668,8.8679],[-5.4801,8.864],[-5.4959,8.8702],[-5.5027,8.8571],[-5.4609,8.8421],[-5.4469,8.8294],[-5.4581,8.8053],[-5.4724,8.7979],[-5.4993,8.8224],[-5.5098,8.817],[-5.4942,8.7936],[-5.4688,8.7796],[-5.4749,8.7678],[-5.5027,8.7746],[-5.5184,8.7708],[-5.5096,8.7337],[-5.5265,8.7327],[-5.5284,8.7109],[-5.5101,8.6934],[-5.4959,8.6988],[-5.5023,8.6774],[-5.5232,8.671],[-5.5173,8.6542],[-5.5232,8.6375],[-5.5112,8.6281],[-5.515,8.6202],[-5.5247,8.6184],[-5.534,8.6363],[-5.5551,8.6404],[-5.5648,8.6306],[-5.5505,8.6238],[-5.5841,8.6092],[-5.5815,8.5996],[-5.5667,8.596],[-5.5635,8.5794],[-5.5505,8.576],[-5.5505,8.5692],[-5.5623,8.5572],[-5.5846,8.5555],[-5.5846,8.548],[-5.5696,8.5395],[-5.5713,8.531],[-5.5833,8.5276],[-5.6063,8.5335],[-5.6194,8.5207],[-5.5232,8.4661],[-5.5433,8.45],[-5.5956,8.4593],[-5.6192,8.4478],[-5.5789,8.4048],[-5.5551,8.3857],[-5.5127,8.3836],[-5.5027,8.3637],[-5.4481,8.35],[-5.4163,8.3304],[-5.3929,8.2948],[-5.3542,8.2774],[-5.3457,8.26],[-5.3662,8.26],[-5.3476,8.2114],[-5.3458,8.1859],[-5.3594,8.1645],[-5.4026,8.1592],[-5.3914,8.1357],[-5.4014,8.1128],[-5.4139,8.116],[-5.4208,8.103],[-5.4521,8.1136],[-5.4667,8.1108],[-5.4749,8.0955]]}},{"type":"Feature","properties":{"name":"Mouhoun","scalerank":5},"geometry":{"type":"LineString","coordinates":[[-5.2632,11.1388],[-5.1587,11.1197],[-5.126,11.1388],[-5.1123,11.1729],[-5.0946,11.1844],[-5.0646,11.2338],[-5.0184,11.2609],[-4.9604,11.2744],[-4.9473,11.2617],[-4.9329,11.2729],[-4.8987,11.2768],[-4.8582,11.2925],[-4.8244,11.3206],[-4.8106,11.3436],[-4.7922,11.3403],[-4.7721,11.3489],[-4.7301,11.3986],[-4.6598,11.4473],[-4.6493,11.4409],[-4.6382,11.4177],[-4.607,11.408],[-4.5747,11.3862],[-4.5437,11.4063],[-4.4888,11.4249],[-4.463,11.4711],[-4.4339,11.4945],[-4.3619,11.5224],[-4.3314,11.5281],[-4.3084,11.5274],[-4.2687,11.5128],[-4.2489,11.5224],[-4.2029,11.5768],[-4.1805,11.6645],[-4.1612,11.6813],[-4.1322,11.7347],[-4.0918,11.7592],[-4.0462,11.834],[-4.0394,11.8371],[-4.023,11.8303],[-4.0162,11.865],[-3.9987,11.9065],[-3.9847,11.9194],[-3.9787,11.9459],[-3.9473,11.9401],[-3.9518,11.9746],[-3.9427,11.9894],[-3.9268,11.9953],[-3.9405,12.0158],[-3.9194,12.0493],[-3.9077,12.0519],[-3.8995,12.0847],[-3.8809,12.077],[-3.8685,12.1182],[-3.8502,12.1226],[-3.8216,12.1481],[-3.8169,12.1629],[-3.8233,12.2373],[-3.8135,12.2604],[-3.7644,12.2779],[-3.7419,12.338],[-3.696,12.4013],[-3.6456,12.4274],[-3.591,12.3926],[-3.5779,12.4016],[-3.5774,12.4335],[-3.5604,12.5005],[-3.5426,12.5263],[-3.5482,12.5647],[-3.5357,12.5707],[-3.5402,12.5784],[-3.5328,12.5917],[-3.5357,12.6117],[-3.5218,12.6293],[-3.5283,12.639],[-3.5135,12.6746],[-3.5323,12.6849],[-3.5411,12.7036],[-3.5249,12.7112],[-3.5187,12.729],[-3.4911,12.729],[-3.4729,12.722],[-3.4644,12.7239],[-3.4554,12.7447],[-3.4197,12.7488],[-3.4004,12.74],[-3.3606,12.6639],[-3.3719,12.639],[-3.3406,12.6312],[-3.3333,12.637],[-3.3264,12.6641],[-3.3164,12.6724],[-3.2583,12.6863],[-3.2487,12.6769],[-3.2546,12.5806],[-3.2484,12.5297],[-3.2395,12.5248],[-3.1892,12.527],[-3.1665,12.5018],[-3.159,12.5093],[-3.118,12.4404],[-3.1038,12.4335],[-3.0976,12.4199],[-2.9801,12.3676],[-2.9624,12.3496],[-2.9342,12.3604],[-2.8863,12.3933],[-2.8648,12.3926],[-2.8472,12.3799],[-2.8366,12.3588],[-2.8375,12.3392],[-2.869,12.3217],[-2.8873,12.2776],[-2.8819,12.2595],[-2.8308,12.2136],[-2.8167,12.1501],[-2.7925,12.1152],[-2.8079,12.0643],[-2.875,12.0995],[-2.8963,12.1039],[-2.9194,12.053],[-2.9163,12.0413],[-2.8921,12.022],[-2.8853,12.0084],[-2.8648,12.0084],[-2.8603,11.986],[-2.8785,11.9302],[-2.8309,11.8815],[-2.832,11.8675],[-2.8757,11.8115],[-2.9058,11.8166],[-2.9238,11.7977],[-2.9148,11.78],[-2.8902,11.767],[-2.8013,11.763],[-2.773,11.7527],[-2.7612,11.7247],[-2.7754,11.6732],[-2.7662,11.663],[-2.7686,11.6527],[-2.7959,11.6323],[-2.8085,11.6099],[-2.8301,11.536],[-2.8301,11.4945],[-2.8506,11.4739],[-2.8301,11.4404],[-2.8301,11.3955],[-2.8438,11.3545],[-2.8438,11.3101],[-2.8784,11.2506],[-2.8679,11.2412],[-2.824,11.2403],[-2.8042,11.2335],[-2.7959,11.2176],[-2.7891,11.1388],[-2.7981,11.1191],[-2.8245,11.0999],[-2.8301,11.0804],[-2.8262,11.021],[-2.8393,10.9853],[-2.8164,10.9293],[-2.822,10.9064],[-2.8648,10.8644],[-2.8833,10.7972],[-2.9001,10.7702],[-2.9037,10.7473],[-2.9229,10.7214],[-2.9194,10.7068],[-2.9087,10.7039],[-2.9057,10.6929],[-2.9331,10.6345],[-2.9288,10.6154],[-2.899,10.5628],[-2.8921,10.5218],[-2.871,10.4979],[-2.8602,10.4658],[-2.8127,10.429],[-2.7682,10.4213],[-2.7816,10.4026],[-2.8229,10.3878],[-2.8419,10.3435],[-2.8419,10.3225],[-2.8338,10.3062],[-2.8063,10.2992],[-2.8003,10.2811],[-2.7754,10.2754],[-2.7555,10.2609],[-2.7583,10.2348],[-2.786,10.2103],[-2.799,10.1897],[-2.7994,10.1698],[-2.7891,10.1246],[-2.7891,10.0389],[-2.7842,10.0187],[-2.7549,9.9669],[-2.7655,9.8959],[-2.7612,9.8707],[-2.7345,9.8229],[-2.7754,9.7745],[-2.7959,9.7202],[-2.7891,9.6994],[-2.7809,9.6904],[-2.7612,9.6857],[-2.7516,9.6594],[-2.7407,9.651],[-2.7622,9.6254],[-2.7668,9.5767],[-2.6763,9.4719],[-2.6792,9.4257],[-2.673,9.3742],[-2.6781,9.3572],[-2.7036,9.3435],[-2.714,9.3301],[-2.7156,9.3112],[-2.7077,9.2958],[-2.6935,9.2855],[-2.6604,9.2731],[-2.6617,9.2541],[-2.6737,9.2351],[-2.7054,9.2186],[-2.7345,9.1651],[-2.7558,9.1433],[-2.7618,9.085],[-2.7754,9.0552],[-2.7514,9.0376],[-2.6867,9.0284],[-2.6614,9.0151],[-2.6383,8.9317],[-2.62,8.9238],[-2.5961,8.8282],[-2.5973,8.8145],[-2.6152,8.8021],[-2.6128,8.7811],[-2.5973,8.7883],[-2.5625,8.7695],[-2.5222,8.7262],[-2.5079,8.7262],[-2.4942,8.7125],[-2.4653,8.658],[-2.4277,8.6292],[-2.4137,8.5955],[-2.3898,8.5811],[-2.3639,8.5276],[-2.3699,8.5087],[-2.3618,8.4925],[-2.3392,8.4563],[-2.3204,8.4503],[-2.3025,8.4109],[-2.2852,8.3126],[-2.2332,8.2679],[-2.2049,8.233],[-2.1742,8.2172],[-2.1485,8.174],[-2.1312,8.1577],[-2.095,8.1488],[-2.0514,8.1495],[-1.9562,8.169],[-1.8918,8.2501],[-1.8711,8.26],[-1.8469,8.2576],[-1.7854,8.2333],[-1.7667,8.2387],[-1.7566,8.2523],[-1.7539,8.288],[-1.7705,8.3254],[-1.8016,8.3326],[-1.8399,8.3294],[-1.8779,8.3358],[-1.8971,8.3587],[-1.9133,8.4188],[-1.8848,8.4661],[-1.8834,8.5664],[-1.8705,8.6068],[-1.8574,8.6238],[-1.8167,8.6412],[-1.7421,8.6176],[-1.7128,8.6306]]}},{"type":"Feature","properties":{"name":"Niger","scalerank":3},"geometry":{"type":"MultiLineString","coordinates":[[[-3.9833,15.3111],[-3.9515,15.2984],[-3.9444,15.2833],[-3.9277,15.3278],[-3.8722,15.3167],[-3.8215,15.377],[-3.8037,15.4128],[-3.8167,15.45],[-3.8313,15.4578],[-3.8833,15.4556],[-3.949,15.4645],[-3.9639,15.4732],[-3.878,15.5288],[-3.8445,15.5778],[-3.8008,15.5997],[-3.8,15.5944],[-3.7823,15.6281],[-3.7994,15.6334],[-3.8333,15.6289],[-3.8667,15.6334],[-3.8437,15.6685],[-3.7167,15.6889],[-3.7207,15.713],[-3.7056,15.7889],[-3.7109,15.8459],[-3.7056,15.8612],[-3.6611,15.8612],[-3.6111,15.9056],[-3.5966,15.9437],[-3.5837,16.0069],[-3.5567,16.0388],[-3.5247,16.0587],[-3.4662,16.0741]],[[-3.4662,16.0741],[-3.4167,16.0778],[-3.3421,16.0704],[-3.3223,16.0833],[-3.3097,16.107],[-3.3,16.1684],[-3.2889,16.1944],[-3.2637,16.1899],[-3.2278,16.1944],[-3.2154,16.2115],[-3.2041,16.2523],[-3.1778,16.2667],[-3.2048,16.288],[-3.2173,16.3229],[-3.2225,16.4003]],[[-3.2225,16.4003],[-3.2951,16.3731],[-3.3105,16.3597],[-3.3265,16.3289],[-3.3069,16.2983],[-3.3104,16.269],[-3.3253,16.2572],[-3.3733,16.2701],[-3.3938,16.2654],[-3.4077,16.2494],[-3.3989,16.2008],[-3.4527,16.17],[-3.4893,16.1284],[-3.5098,16.1239],[-3.5797,16.1314],[-3.6335,16.1126],[-3.7149,16.1183],[-3.7561,16.1076],[-3.7754,16.0795],[-3.7864,16.0735],[-3.7999,16.0485],[-3.8442,16.0311],[-3.877,15.9775],[-3.9623,15.9451],[-4.0296,15.8635],[-4.0575,15.8576],[-4.0854,15.8612],[-4.1143,15.8741],[-4.1255,15.8851],[-4.1288,15.8987],[-4.1515,15.9051],[-4.1739,15.9017],[-4.1869,15.8854],[-4.2101,15.8266],[-4.2109,15.7767],[-4.2188,15.7565],[-4.2835,15.7329],[-4.3274,15.6748],[-4.3497,15.6584],[-4.3506,15.6322],[-4.3187,15.5347],[-4.304,15.507]],[[-3.4567,16.1612],[-3.4662,16.0741]],[[-3.4662,16.0741],[-3.4661,16.0735]],[[-4.9222,14.1722],[-4.9,14.2445],[-4.85,14.3001],[-4.8245,14.3659],[-4.8057,14.3896],[-4.7722,14.3945],[-4.7008,14.5054],[-4.6719,14.5669],[-4.6722,14.6334],[-4.6944,14.6223],[-4.6833,14.739],[-4.6606,14.7772],[-4.6111,14.8055],[-4.6055,14.8445],[-4.6273,14.8612],[-4.6265,14.8875],[-4.613,14.9116],[-4.5972,14.9222],[-4.5401,14.9319],[-4.4944,14.95],[-4.4757,14.9423],[-4.4692,14.9478],[-4.4616,14.9891],[-4.4166,15.0],[-4.3777,15.0889],[-4.3358,15.1293],[-4.3248,15.1968],[-4.3023,15.218],[-4.2334,15.2333]],[[-10.732,9.0899],[-10.706,9.1111],[-10.6922,9.1561],[-10.6594,9.1581],[-10.6426,9.175],[-10.5593,9.4151],[-10.5557,9.4414],[-10.6085,9.5145],[-10.6501,9.5502],[-10.6557,9.566],[-10.6612,9.6002],[-10.6495,9.651],[-10.6658,9.7139],[-10.6407,9.7662],[-10.6375,9.8118],[-10.6536,9.8497],[-10.6827,9.8679],[-10.695,9.9152],[-10.7122,9.9308],[-10.7041,9.9601],[-10.732,9.9806],[-10.7383,9.999],[-10.7584,10.0042],[-10.7586,10.0223],[-10.7708,10.0474],[-10.7861,10.1103],[-10.7778,10.1456],[-10.7809,10.1658],[-10.8003,10.1655],[-10.8256,10.2247],[-10.827,10.2407],[-10.8196,10.2567],[-10.7786,10.2822],[-10.7929,10.3099],[-10.7861,10.317],[-10.7451,10.3028],[-10.7168,10.3016],[-10.67,10.3362],[-10.6629,10.3263],[-10.6556,10.326],[-10.6421,10.3437],[-10.6284,10.3362],[-10.6287,10.3841],[-10.6506,10.4022],[-10.6548,10.4131],[-10.6495,10.4256],[-10.637,10.4324],[-10.6235,10.4309],[-10.6006,10.4123],[-10.5496,10.412],[-10.5362,10.4256],[-10.5049,10.4256],[-10.4956,10.4612],[-10.4509,10.4877],[-10.4419,10.5059],[-10.417,10.5138],[-10.4093,10.5293],[-10.351,10.522],[-10.3049,10.5322],[-10.2796,10.515],[-10.2244,10.5082],[-10.2366,10.4972],[-10.235,10.4883],[-10.2137,10.4703],[-10.2001,10.4393],[-10.1913,10.4426],[-10.1897,10.4571],[-10.1492,10.4877],[-10.142,10.5329],[-10.0809,10.543],[-10.0042,10.6118],[-9.9912,10.6122],[-9.9438,10.5901],[-9.9121,10.6249],[-9.8672,10.5981],[-9.8544,10.6175],[-9.8729,10.6545],[-9.851,10.6584],[-9.8168,10.6522],[-9.7855,10.6658],[-9.7276,10.645],[-9.707,10.6553],[-9.6803,10.6858],[-9.6655,10.6942],[-9.6421,10.6931],[-9.6053,10.6756],[-9.5793,10.6946],[-9.5444,10.7482],[-9.5044,10.7907],[-9.4913,10.8167],[-9.4852,10.9155],[-9.4699,10.9586],[-9.3939,10.9768],[-9.3827,10.9883],[-9.3818,11.0029]],[[-9.3818,11.0029],[-9.3814,11.0084],[-9.3814,11.001],[-9.3818,11.0029]],[[-9.3818,11.0029],[-9.3859,11.0439],[-9.3812,11.0636],[-9.3678,11.0773],[-9.3255,11.0792],[-9.2725,11.0629],[-9.23,11.0685],[-9.1919,11.1022],[-9.1634,11.1484],[-9.1045,11.1829],[-9.0938,11.2191],[-9.1003,11.2365],[-9.1163,11.2456],[-9.1326,11.2666],[-9.1294,11.3232],[-9.157,11.3874],[-9.1524,11.409],[-9.1389,11.4226],[-9.0984,11.4295],[-8.9863,11.4186],[-8.8982,11.4473],[-8.8868,11.4558],[-8.8638,11.5019],[-8.7986,11.536],[-8.7672,11.6101],[-8.7468,11.6229],[-8.7128,11.6779],[-8.6331,11.725],[-8.5594,11.8013],[-8.4949,11.8161],[-8.4653,11.8418],[-8.4432,11.8903],[-8.3411,12.0031],[-8.3357,12.023],[-8.3447,12.0744],[-8.3348,12.0941],[-8.3046,12.1251],[-8.2545,12.1508],[-8.1947,12.1989],[-8.1708,12.2089],[-8.1482,12.2564],[-8.1214,12.2924],[-8.1204,12.3113],[-8.1301,12.3397],[-8.1277,12.3587],[-8.111,12.4176],[-8.0726,12.4619],[-8.0667,12.4795],[-8.0672,12.5157],[-8.0426,12.5515],[-8.0379,12.6058],[-8.0281,12.6217],[-8.0107,12.6311],[-7.9529,12.6304],[-7.8799,12.657],[-7.8164,12.641],[-7.7731,12.6408],[-7.7605,12.6494],[-7.7542,12.6641],[-7.7564,12.6883],[-7.744,12.7154],[-7.6963,12.7543],[-7.6805,12.7836],[-7.6409,12.8101],[-7.569,12.8416],[-7.4834,12.9481],[-7.4424,12.9543],[-7.4115,12.9714],[-7.3608,13.0507],[-7.3462,13.0642],[-7.3025,13.0768],[-7.2916,13.0921],[-7.2062,13.1398],[-7.1486,13.1588],[-7.1343,13.1696],[-7.1138,13.2031],[-7.0025,13.2661],[-6.9792,13.2939],[-6.9625,13.3294],[-6.9063,13.3585],[-6.834,13.3438],[-6.6178,13.3923],[-6.5611,13.3924],[-6.5133,13.3732],[-6.4726,13.3658],[-6.4324,13.3715],[-6.3884,13.4029],[-6.3083,13.439],[-6.2604,13.4755],[-6.205,13.4984],[-6.1721,13.5219],[-6.1233,13.5819],[-6.1129,13.6489],[-6.0792,13.7095],[-6.0482,13.7319],[-6.0278,13.7284],[-5.9613,13.684],[-5.8802,13.6743],[-5.7795,13.7356],[-5.7024,13.8231],[-5.6778,13.8425],[-5.5901,13.8741],[-5.5655,13.8897],[-5.5252,13.9415],[-5.5004,13.958],[-5.4424,13.9629],[-5.3974,13.9591],[-5.2777,13.9851],[-5.2395,13.9728],[-5.2281,14.004],[-5.1845,14.0537],[-5.1653,14.0936],[-5.1383,14.1138],[-4.9926,14.1486],[-4.9418,14.1681],[-4.8845,14.1682],[-4.8169,14.201],[-4.7628,14.2089],[-4.6874,14.2434],[-4.6528,14.2418],[-4.5701,14.2771],[-4.5498,14.2726],[-4.5193,14.239],[-4.4858,14.2342],[-4.4654,14.2927],[-4.4518,14.3106],[-4.4046,14.3264],[-4.3829,14.3473],[-4.3722,14.3743],[-4.3792,14.4011],[-4.3661,14.4167],[-4.2774,14.4364],[-4.2549,14.4744],[-4.2221,14.49],[-4.1821,14.5965],[-4.1614,14.6894],[-4.1442,14.7103],[-4.0948,14.7394],[-4.0873,14.7502],[-4.0851,14.7929],[-4.0963,14.8333],[-4.0891,14.8454],[-4.0477,14.8572],[-4.0038,14.9075],[-3.9447,14.9258],[-3.9264,14.942],[-3.9012,15.003],[-3.8995,15.0616],[-3.9048,15.0718],[-3.9278,15.0834],[-3.9395,15.107],[-3.9746,15.137],[-3.961,15.1683],[-3.9746,15.2093],[-3.9795,15.2812]],[[4.6562,10.6072],[4.6891,10.6459],[4.6906,10.701],[4.7239,10.8795],[4.7214,10.9136],[4.7006,10.9382],[4.656,10.968],[4.5957,11.0755],[4.5739,11.1002],[4.5133,11.1427],[4.4481,11.1761],[4.3686,11.1897],[4.3149,11.1892],[4.2946,11.1966],[4.255,11.2517],[4.214,11.2916],[4.1936,11.3314],[4.1243,11.3746],[4.1169,11.4125],[4.0792,11.4553],[3.9882,11.4945],[3.9646,11.5136],[3.9333,11.5073],[3.9092,11.5122],[3.8574,11.5653],[3.8374,11.5759],[3.7124,11.6],[3.6425,11.6367],[3.6174,11.6808],[3.5712,11.722],[3.5532,11.7698],[3.5364,11.7831],[3.4948,11.8377],[3.3803,11.8952],[3.3687,11.8975],[3.3411,11.8831],[3.3064,11.9025],[3.2693,11.9567],[3.2515,12.0243],[3.0627,12.194],[3.0088,12.2765],[2.9672,12.2827],[2.9445,12.2926],[2.9121,12.3465],[2.8916,12.3573],[2.8437,12.3994],[2.7863,12.4291],[2.7424,12.443],[2.7316,12.4658],[2.7275,12.5192],[2.7183,12.5429],[2.6997,12.5434],[2.6838,12.511],[2.6313,12.5155],[2.6281,12.5526],[2.611,12.5776],[2.5773,12.5402],[2.5557,12.4956],[2.5352,12.5372],[2.5017,12.5707],[2.4983,12.5919],[2.5209,12.6138],[2.5269,12.6462],[2.4738,12.6738],[2.4697,12.6894],[2.4738,12.7079],[2.488,12.729],[2.4675,12.7867],[2.4622,12.7953],[2.4382,12.8029],[2.4243,12.8341],[2.3867,12.8604],[2.3782,12.8755],[2.3645,12.9581],[2.3703,13.01],[2.361,13.2459],[2.3468,13.2762],[2.3242,13.298],[2.2549,13.3439],[2.1985,13.3658],[2.179,13.413],[2.1304,13.4484],[2.1172,13.4924],[2.1,13.5123],[2.0795,13.5232],[2.0623,13.5167],[2.0246,13.53],[2.0144,13.5371],[1.994,13.5781],[1.9765,13.5875],[1.9127,13.5986],[1.7954,13.6737],[1.7544,13.6737],[1.7295,13.6828],[1.7156,13.6966],[1.593,13.8421],[1.5832,13.8655],[1.5496,13.8813],[1.5363,13.897],[1.5315,13.9422],[1.5142,13.9722],[1.5163,14.0374],[1.5022,14.1031],[1.485,14.147],[1.4391,14.2292],[1.4072,14.2589],[1.3872,14.2632],[1.356,14.253],[1.3019,14.277],[1.1313,14.4318],[1.07,14.5375],[0.9907,14.615],[0.9434,14.648],[0.9096,14.6964],[0.9006,14.7439],[0.8743,14.7998],[0.8559,14.8943],[0.8368,14.9155],[0.7534,14.955],[0.7373,14.958],[0.7108,14.9476],[0.6838,14.9584],[0.6583,15.0032],[0.6583,15.0585],[0.6487,15.075],[0.6624,15.1472],[0.6819,15.1658],[0.7001,15.2073],[0.7204,15.3124],[0.7536,15.3518],[0.7542,15.3827],[0.7339,15.429],[0.6804,15.4646],[0.5757,15.5004],[0.5639,15.5134],[0.4857,15.5376],[0.5073,15.6412],[0.4665,15.7263],[0.3646,15.7562],[0.329,15.7998],[0.2979,15.8189],[0.1904,15.9207],[0.1317,15.9984],[0.0834,16.0821],[0.0727,16.118],[0.0066,16.1651],[-0.0009,16.1999],[-0.0423,16.2242],[-0.0538,16.2496],[-0.0598,16.2502],[-0.0549,16.2713],[-0.0641,16.3662],[-0.1065,16.4169],[-0.1201,16.5111],[-0.2305,16.5995],[-0.2419,16.6268],[-0.2434,16.6697],[-0.2816,16.7195],[-0.2878,16.7977],[-0.2949,16.8092],[-0.3537,16.8492],[-0.3577,16.866],[-0.3441,16.9115],[-0.3845,16.9639],[-0.4301,16.9679],[-0.5033,16.9627],[-0.5427,16.9744],[-0.5611,16.9681],[-0.6028,16.932],[-0.6373,16.9249],[-0.6726,16.9288],[-0.7051,16.9422],[-0.7351,16.974],[-0.7649,16.985],[-0.803,17.0139],[-0.8189,17.0123],[-0.8677,16.9881],[-0.9004,16.9914],[-0.9364,17.0106],[-1.0184,16.9894],[-1.0509,17.0074],[-1.0847,17.0555],[-1.0993,17.0645],[-1.151,17.0675],[-1.2499,17.0282],[-1.3006,17.0181],[-1.334,17.0216],[-1.3886,17.0093],[-1.4432,17.0176],[-1.4981,17.015],[-1.541,17.025],[-1.6331,17.0101],[-1.6634,16.9988],[-1.6792,16.979],[-1.7597,16.971],[-1.7834,16.9455],[-1.8259,16.9268],[-1.8809,16.9133],[-1.9327,16.8911],[-2.0129,16.8784],[-2.0333,16.8661],[-2.0528,16.8206],[-2.0723,16.8226],[-2.099,16.8397],[-2.1484,16.8292],[-2.2456,16.8426],[-2.2643,16.8352],[-2.285,16.8046],[-2.3021,16.7948],[-2.3799,16.7911],[-2.4222,16.7744],[-2.4537,16.7694],[-2.4859,16.7776],[-2.5433,16.7423],[-2.6093,16.7281],[-2.6794,16.7339],[-2.7498,16.7022],[-2.8468,16.6932],[-2.8755,16.679],[-2.8914,16.6482],[-2.9087,16.6392],[-2.9571,16.6607],[-2.9989,16.6538],[-3.0452,16.6606],[-3.0671,16.6538],[-3.1087,16.6044],[-3.1112,16.5798],[-3.1038,16.5555],[-3.118,16.5382],[-3.1112,16.4869],[-3.1195,16.4637],[-3.1641,16.4587],[-3.1862,16.4497],[-3.1816,16.432],[-3.2225,16.4003]],[[6.2363,4.4981],[6.2472,4.5394],[6.2615,4.5655],[6.2426,4.6045],[6.2289,4.67],[6.2519,4.7013],[6.2568,4.7178],[6.2426,4.7827],[6.2663,4.8284],[6.2773,4.8959],[6.2571,4.9498]],[[6.2571,4.9498],[6.2568,4.9505]],[[4.6257,9.8645],[4.6503,9.7187],[4.6476,9.7099],[4.6228,9.6992],[4.6156,9.6664],[4.5724,9.5856],[4.5684,9.5537],[4.5736,9.5218],[4.6088,9.4444],[4.625,9.3248],[4.6487,9.2998],[4.7426,9.275],[4.7548,9.2546],[4.7524,9.1683],[4.7708,9.1487],[4.7986,9.1399],[4.8293,9.142],[4.8698,9.1541],[4.9143,9.1791],[4.9792,9.1998],[5.0059,9.1966],[5.1501,9.1133],[5.1843,9.0732],[5.1902,9.0303],[5.2095,9.0084],[5.3195,8.9883],[5.401,8.9895],[5.4662,8.9412],[5.538,8.9295],[5.5916,8.8821],[5.6343,8.829],[5.7156,8.8211],[5.746,8.8112],[5.7905,8.7458],[5.9146,8.7355],[5.9827,8.7576],[6.0924,8.7586],[6.1227,8.7506],[6.1606,8.7194],[6.2599,8.7384],[6.2773,8.7368],[6.3217,8.7057],[6.3577,8.694],[6.3953,8.6397],[6.3979,8.6133],[6.425,8.5643],[6.4426,8.4781],[6.4653,8.4318],[6.5839,8.3403],[6.6229,8.2779],[6.6885,8.2136],[6.7145,8.1608],[6.7627,8.0955],[6.7763,8.0628],[6.7968,7.92],[6.7705,7.8576],[6.7489,7.7404],[6.7559,7.6934],[6.725,7.6481],[6.7097,7.5917],[6.7162,7.5432],[6.7099,7.362],[6.6964,7.2393],[6.7194,7.149],[6.6897,7.0185],[6.6874,6.9552],[6.6613,6.8996],[6.6492,6.8439],[6.655,6.7913],[6.6506,6.6633],[6.6547,6.6208],[6.6748,6.5643],[6.6809,6.4741],[6.7087,6.3762],[6.715,6.3211],[6.7328,6.2723],[6.7409,6.2195],[6.759,6.1811],[6.7577,6.1229],[6.7468,6.1016],[6.7038,6.076],[6.6994,6.0535],[6.7033,6.001],[6.6899,5.9501],[6.689,5.9144],[6.6454,5.8527],[6.6161,5.7928],[6.5798,5.6078],[6.5598,5.5618],[6.5469,5.501],[6.5198,5.4688],[6.4961,5.4581],[6.4746,5.4386],[6.4931,5.3931],[6.4954,5.3714],[6.4792,5.3621],[6.3333,5.3372],[6.2981,5.3057],[6.2886,5.2637],[6.2095,5.2527],[6.2017,5.2286],[6.2152,5.1939],[6.2104,5.1837],[6.1743,5.1702],[6.1536,5.1522],[6.0955,5.1529],[6.0668,5.1135],[6.0502,5.1047],[6.0234,5.1082],[5.9818,5.1293],[5.9155,5.1878],[5.9016,5.1918],[5.843,5.187],[5.8254,5.1922],[5.8181,5.2078],[5.7498,5.1702],[5.7258,5.1844],[5.7187,5.165],[5.6914,5.1702],[5.6531,5.165],[5.6194,5.1566],[5.595,5.1424],[5.5867,5.1467],[5.5747,5.1702],[5.5369,5.1491],[5.4958,5.1424]],[[6.0554,4.4199],[6.0576,4.4714],[6.0398,4.505],[6.0679,4.5458],[6.0774,4.5836],[6.0924,4.6079],[6.0811,4.6192],[6.0941,4.6551],[6.0958,4.7344],[6.0903,4.7557],[6.0713,4.7656],[6.0811,4.7779],[6.0985,4.7792],[6.085,4.8065],[6.1086,4.8421],[6.1403,4.8543],[6.147,4.8754],[6.1687,4.8838],[6.1885,4.8806],[6.2029,4.8859],[6.2111,4.9414],[6.2166,4.9404],[6.2227,4.9232],[6.2344,4.9293],[6.2454,4.9468],[6.2571,4.9498]],[[6.2571,4.9498],[6.2699,4.9567],[6.2631,5.0126],[6.2804,5.013],[6.2842,5.0188],[6.2825,5.0313],[6.2532,5.0294],[6.2492,5.0371],[6.2533,5.0958],[6.3047,5.0945],[6.3178,5.1127],[6.33,5.1612],[6.3521,5.1569],[6.37,5.1728],[6.3701,5.1966],[6.3456,5.1901],[6.3213,5.2031],[6.345,5.2332],[6.3577,5.274],[6.4077,5.2869],[6.4446,5.3447],[6.5015,5.3568],[6.5027,5.3819]],[[6.7361,4.6079],[6.718,4.6677],[6.7025,4.6848],[6.6877,4.7279],[6.6746,4.7451],[6.6505,4.7385],[6.6283,4.7485],[6.612,4.7695],[6.5858,4.8475],[6.592,4.8959],[6.5595,4.9539],[6.5359,4.9604],[6.5286,4.9873],[6.5222,4.9887],[6.4965,4.9779],[6.4577,4.9905],[6.448,4.9779],[6.4275,5.0188],[6.4386,5.0856],[6.4624,5.1036],[6.4761,5.1702],[6.49,5.2023],[6.5361,5.2407],[6.5696,5.2823],[6.5827,5.3096],[6.6013,5.3139],[6.62,5.3341],[6.6057,5.3956],[6.6125,5.4815],[6.6077,5.5051],[6.5647,5.5402]]]}},{"type":"Feature","properties":{"name":"Baoul\u00e9","scalerank":7},"geometry":{"type":"MultiLineString","coordinates":[[[-7.4629,9.5486],[-7.4839,9.5424],[-7.5112,9.5581],[-7.5348,9.5836],[-7.5489,9.6189],[-7.5876,9.6547],[-7.5933,9.679],[-7.6131,9.7062],[-7.61,9.7387],[-7.5963,9.7461],[-7.5909,9.7687],[-7.5653,9.8018],[-7.5511,9.837],[-7.5503,9.8562],[-7.574,9.8697],[-7.5584,9.9055],[-7.5673,9.9362],[-7.5864,9.9669],[-7.5653,9.9874],[-7.5751,9.9998],[-7.579,10.0591],[-7.5997,10.0803],[-7.5933,10.0899],[-7.6162,10.1118],[-7.6143,10.1422],[-7.6,10.1929],[-7.6062,10.1854],[-7.6062,10.2133],[-7.6294,10.2141],[-7.6341,10.2344],[-7.6478,10.2276],[-7.6546,10.2481],[-7.6711,10.2413],[-7.6683,10.2891],[-7.6956,10.2754],[-7.7161,10.2959],[-7.7502,10.2959],[-7.7782,10.33],[-7.7359,10.3473],[-7.7246,10.3638],[-7.7366,10.3785],[-7.7229,10.3846],[-7.7229,10.3915],[-7.7341,10.3948],[-7.7375,10.4031],[-7.7298,10.4256],[-7.7488,10.4322],[-7.7629,10.4589],[-7.7913,10.4635],[-7.785,10.5013],[-7.8124,10.5293],[-7.8037,10.541],[-7.8379,10.5892],[-7.8328,10.6112],[-7.824,10.6135],[-7.8049,10.6038],[-7.7962,10.6112],[-7.7949,10.6279],[-7.8033,10.6353],[-7.7881,10.6621],[-7.7502,10.6658],[-7.7502,10.6727],[-7.7681,10.6816],[-7.7682,10.6961],[-7.7502,10.7273],[-7.7635,10.7412],[-7.7606,10.7567],[-7.7491,10.7626],[-7.7366,10.7477],[-7.7093,10.7683],[-7.7054,10.7484],[-7.6952,10.7507],[-7.6587,10.8015],[-7.6478,10.8341],[-7.6106,10.8369],[-7.6,10.8508],[-7.6029,10.8697],[-7.641,10.8881],[-7.6375,10.9327],[-7.6643,10.9445],[-7.6907,10.9918],[-7.6691,11.0046],[-7.6683,11.0289],[-7.7025,11.0358],[-7.6683,11.0494],[-7.6853,11.0826],[-7.6956,11.0904],[-7.6716,11.1143],[-7.6582,11.1473],[-7.641,11.1592],[-7.6683,11.1829],[-7.6655,11.1951],[-7.6478,11.2003],[-7.6443,11.2506],[-7.6341,11.2691],[-7.6683,11.2759],[-7.6204,11.295],[-7.6104,11.3294],[-7.6025,11.3339],[-7.5728,11.317],[-7.5643,11.3005],[-7.5547,11.3064],[-7.5269,11.3422],[-7.5254,11.3628],[-7.5101,11.3715],[-7.4931,11.3644],[-7.4868,11.392],[-7.4691,11.4063],[-7.4134,11.3895],[-7.3998,11.3903],[-7.3871,11.4118],[-7.3399,11.3989],[-7.3214,11.4119],[-7.3155,11.4223],[-7.3182,11.433],[-7.3433,11.4244],[-7.353,11.4261],[-7.3582,11.4345],[-7.3599,11.4678],[-7.3804,11.5267],[-7.3716,11.5356],[-7.3545,11.5224],[-7.3311,11.5246],[-7.3177,11.5468],[-7.2915,11.5714],[-7.2984,11.5913],[-7.333,11.5689],[-7.3519,11.566],[-7.3667,11.577],[-7.3709,11.5984],[-7.3533,11.6267],[-7.3167,11.6494],[-7.2902,11.6531],[-7.2562,11.6408],[-7.2451,11.6423],[-7.235,11.6525],[-7.2227,11.6732],[-7.2561,11.674],[-7.2848,11.6868],[-7.2698,11.7072],[-7.2329,11.7191],[-7.1871,11.7437],[-7.1749,11.7415],[-7.1461,11.7124],[-7.1407,11.7179],[-7.1476,11.7831],[-7.136,11.7969],[-7.1349,11.8089],[-7.1464,11.8252],[-7.1817,11.8166],[-7.1941,11.8267],[-7.1773,11.8694],[-7.1538,11.8961],[-7.1538,11.9401],[-7.1467,11.9553],[-7.1287,11.9625],[-7.1202,11.9749],[-7.1107,11.9727],[-7.106,12.0158]],[[-7.106,12.0084],[-7.0938,12.0266],[-7.1612,12.0742],[-7.1538,12.0848],[-7.106,12.0909],[-7.0995,12.1107],[-7.1056,12.1288],[-7.117,12.1347],[-7.1265,12.1182],[-7.1378,12.132],[-7.0824,12.1766],[-7.0759,12.1947],[-7.0852,12.2069],[-7.118,12.2241],[-7.1202,12.2318],[-7.106,12.256],[-7.1045,12.284],[-7.1276,12.311],[-7.1339,12.3342],[-7.1339,12.4472],[-7.0954,12.5009],[-7.0489,12.5043],[-7.0383,12.5192],[-7.0342,12.5436],[-7.0718,12.5776],[-7.0784,12.5936],[-7.0745,12.6038],[-7.0445,12.6192],[-7.0292,12.5907],[-7.001,12.5742],[-6.8985,12.5573],[-6.8809,12.5496],[-6.8669,12.5269],[-6.8517,12.5225],[-6.8186,12.5155],[-6.7674,12.5297],[-6.719,12.5155],[-6.6992,12.5215],[-6.6547,12.5571],[-6.6163,12.546],[-6.6029,12.5537],[-6.5968,12.5931],[-6.5587,12.611],[-6.5396,12.6653],[-6.5176,12.6738]]]}},{"type":"Feature","properties":{"name":"Nakanb\u00e9","scalerank":6},"geometry":{"type":"LineString","coordinates":[[-2.0828,14.0101],[-2.0902,13.9691],[-2.0771,13.9244],[-2.0771,13.8835],[-2.0697,13.8692],[-2.0632,13.7875],[-2.0697,13.7184],[-2.0554,13.6805],[-2.0793,13.6369],[-2.0868,13.5945],[-2.1175,13.5508],[-2.1252,13.5278],[-2.1201,13.5097],[-2.1039,13.4927],[-2.0985,13.4724],[-2.0628,13.4273],[-2.0619,13.3879],[-2.0424,13.3106],[-2.0532,13.2813],[-2.0931,13.2258],[-2.1039,13.1945],[-2.0987,13.1551],[-2.1175,13.1461],[-2.1243,13.1222],[-2.1448,13.1113],[-2.1493,13.0809],[-2.103,13.0508],[-2.0902,13.0294],[-2.0182,13.0294],[-1.9796,13.0709],[-1.9456,13.0613],[-1.9045,13.0676],[-1.8756,13.0605],[-1.8196,13.0778],[-1.7539,13.0642],[-1.6861,13.0642],[-1.6439,13.0294],[-1.6208,13.0347],[-1.6147,13.0174],[-1.5894,13.0232],[-1.557,12.9971],[-1.4833,12.9903],[-1.4527,12.9339],[-1.439,12.9447],[-1.3913,12.9481],[-1.3565,12.9885],[-1.3438,12.9795],[-1.2852,12.9822],[-1.2674,12.9736],[-1.2193,12.9133],[-1.1927,12.9003],[-1.182,12.8188],[-1.1579,12.8109],[-1.1529,12.7966],[-1.1443,12.7321],[-1.1517,12.6973],[-1.1336,12.6865],[-1.1307,12.6738],[-1.1537,12.6435],[-1.1443,12.6321],[-1.1322,12.6304],[-1.1205,12.6688],[-1.1024,12.6743],[-1.0903,12.6625],[-1.0759,12.6077],[-1.0754,12.598],[-1.0896,12.5776],[-1.0754,12.5608],[-1.0704,12.5193],[-1.0759,12.5037],[-1.0971,12.5018],[-1.0971,12.4956],[-1.0671,12.4757],[-1.0601,12.4478],[-1.0697,12.4146],[-1.0896,12.3789],[-1.1057,12.3762],[-1.1118,12.3675],[-1.1162,12.3304],[-1.115,12.3213],[-1.0968,12.3077],[-1.0971,12.2418],[-1.064,12.2123],[-1.058,12.1719],[-1.0344,12.1496],[-1.0225,12.0878],[-0.9598,12.0077],[-0.9197,11.9774],[-0.8985,11.9504],[-0.8879,11.886],[-0.8705,11.8787],[-0.833,11.8822],[-0.8189,11.8474],[-0.795,11.8344],[-0.7958,11.8199],[-0.7675,11.8104],[-0.7586,11.786],[-0.7596,11.7317],[-0.7471,11.708],[-0.7955,11.6937],[-0.7649,11.6591],[-0.7555,11.6239],[-0.7545,11.6152],[-0.7812,11.5838],[-0.7441,11.549],[-0.7202,11.5366],[-0.7023,11.5394],[-0.6259,11.5212],[-0.551,11.4783],[-0.5279,11.4404],[-0.5205,11.4125],[-0.4937,11.4063],[-0.4823,11.3801],[-0.4845,11.3692],[-0.5,11.3715],[-0.5137,11.3579],[-0.5205,11.3654],[-0.5219,11.3396],[-0.501,11.3018],[-0.4528,11.2412],[-0.4354,11.1944],[-0.3966,11.1722],[-0.367,11.1449],[-0.3702,11.1013],[-0.3575,11.0564],[-0.3768,11.0436],[-0.3795,11.0297],[-0.3771,11.001],[-0.384,10.9827],[-0.3695,10.9613],[-0.3699,10.9415],[-0.3782,10.8992],[-0.3893,10.8906],[-0.3832,10.8318],[-0.3559,10.8008],[-0.3293,10.7962],[-0.3456,10.7645],[-0.3628,10.762],[-0.3687,10.7474],[-0.3577,10.6882],[-0.3375,10.6612],[-0.3361,10.6379],[-0.4104,10.607],[-0.4419,10.6038],[-0.4863,10.6212],[-0.5022,10.5725],[-0.5194,10.5529],[-0.5484,10.5628],[-0.5895,10.5426],[-0.6047,10.5487],[-0.6423,10.5482],[-0.6567,10.5237],[-0.6865,10.5242],[-0.6992,10.515],[-0.7035,10.532],[-0.6868,10.5709],[-0.7027,10.6096],[-0.7039,10.6392],[-0.7197,10.6522],[-0.7853,10.6428],[-0.8731,10.5192],[-0.9115,10.4876],[-0.9256,10.4811],[-0.932,10.4842],[-0.9222,10.5034],[-0.9047,10.515],[-0.9154,10.5205],[-0.9354,10.515],[-0.9736,10.5293],[-1.0135,10.534],[-1.0323,10.5284],[-1.0487,10.515],[-1.0691,10.4808],[-1.0555,10.4666],[-1.0697,10.4393],[-1.0487,10.3608],[-1.0691,10.3437],[-1.0666,10.3275],[-1.0208,10.3028],[-1.0208,10.2959],[-1.0418,10.2959],[-1.0067,10.2488],[-1.0021,10.2281],[-1.0282,10.2133],[-1.0209,10.2022],[-1.0071,10.2071],[-1.0104,10.1881],[-1.0357,10.1774],[-1.0477,10.1596],[-1.0896,10.1383],[-1.0796,10.1225],[-1.0204,10.074],[-1.0108,10.0526],[-0.9924,9.9524],[-1.0029,9.9111],[-1.0009,9.8912],[-1.0282,9.8912],[-1.004,9.8533],[-0.9798,9.8366],[-0.9642,9.7959],[-0.9461,9.7931],[-0.9434,9.7548],[-0.9736,9.7062],[-0.9662,9.6857],[-0.9835,9.6926],[-1.0282,9.6857],[-1.0311,9.7037],[-1.0624,9.6727],[-1.1033,9.7137],[-1.1207,9.717],[-1.1579,9.7062],[-1.1596,9.7242],[-1.1848,9.7254],[-1.233,9.6959],[-1.2473,9.6994],[-1.2576,9.6797],[-1.2735,9.6696],[-1.3122,9.6653],[-1.3335,9.6423],[-1.3696,9.6243],[-1.3777,9.6175],[-1.3698,9.6031],[-1.3894,9.5921],[-1.3947,9.5691],[-1.3951,9.5616],[-1.354,9.5032],[-1.364,9.453],[-1.3492,9.4235],[-1.3497,9.4046],[-1.3655,9.4121],[-1.3667,9.4077],[-1.3565,9.3847],[-1.3122,9.3463],[-1.2601,9.2884],[-1.2405,9.2817],[-1.2434,9.2584],[-1.2347,9.1964],[-1.2473,9.1718],[-1.2264,9.1541],[-1.1721,9.1353],[-1.1517,9.1166]]}},{"type":"Feature","properties":{"name":"G\u00eaba","scalerank":7},"geometry":{"type":"LineString","coordinates":[[-13.2083,11.057],[-13.2459,11.1424],[-13.2644,11.331],[-13.2557,11.4082],[-13.2798,11.4767],[-13.2642,11.5451],[-13.2677,11.5633],[-13.2799,11.5766],[-13.28,11.5895],[-13.2671,11.636],[-13.2524,11.6409],[-13.2494,11.7042],[-13.2158,11.7733],[-13.2068,11.7827],[-13.1658,11.797],[-13.158,11.8091],[-13.1792,11.8563],[-13.1526,11.8919],[-13.203,11.9273],[-13.2274,11.9204],[-13.2357,11.9244],[-13.236,11.9814],[-13.2525,11.9959],[-13.2715,11.9957],[-13.2839,12.0035],[-13.2788,12.0167],[-13.2625,12.0267],[-13.2751,12.0485],[-13.2768,12.0885],[-13.2901,12.0963],[-13.3021,12.0953],[-13.296,12.0665],[-13.3076,12.0652],[-13.3344,12.0908],[-13.3443,12.1201],[-13.3335,12.1859],[-13.3459,12.2169],[-13.3879,12.256],[-13.3904,12.2714],[-13.3711,12.2879],[-13.3776,12.3014],[-13.398,12.3109],[-13.4213,12.3089],[-13.4446,12.2774],[-13.4846,12.3098],[-13.4772,12.2722],[-13.5333,12.2899],[-13.5379,12.2803],[-13.5712,12.2811],[-13.5936,12.2639],[-13.667,12.2321],[-13.6957,12.2932],[-13.7125,12.2676],[-13.7415,12.2571],[-13.8091,12.2563],[-13.7963,12.2789],[-13.8132,12.2838],[-13.8406,12.2774],[-13.8838,12.2466],[-13.9445,12.2188],[-13.9664,12.1944],[-13.969,12.1627],[-13.9979,12.1103],[-14.0161,12.0554],[-14.0527,12.0462],[-14.058,11.9766],[-14.0959,11.9248],[-14.1155,11.9137],[-14.1344,11.9136],[-14.1987,11.9318],[-14.2713,11.9033],[-14.2842,11.9085],[-14.2962,11.9304],[-14.3145,11.9284],[-14.3292,11.9173],[-14.3373,11.9024],[-14.3353,11.8892],[-14.2967,11.8785],[-14.2893,11.8704],[-14.2896,11.8575],[-14.3159,11.8425],[-14.3313,11.8221],[-14.3063,11.816],[-14.2896,11.7964],[-14.2865,11.7665],[-14.3112,11.7061],[-14.3306,11.68],[-14.387,11.6284],[-14.4296,11.6238],[-14.53,11.6429],[-14.5757,11.6383],[-14.6355,11.6203],[-14.6569,11.6341],[-14.6734,11.6351],[-14.7101,11.605],[-14.7341,11.5975],[-14.7616,11.6089],[-14.7867,11.6302],[-14.8032,11.6527],[-14.8124,11.6895],[-14.8299,11.6986],[-14.8616,11.6953],[-14.8631,11.7006],[-14.8377,11.7299],[-14.8381,11.742],[-14.8636,11.7532],[-14.8777,11.7487],[-14.8949,11.7847],[-14.904,11.7888],[-14.9213,11.7826],[-14.9254,11.7694]]}},{"type":"Feature","properties":{"name":"Bafing","scalerank":4},"geometry":{"type":"LineString","coordinates":[[-12.0882,10.5901],[-12.0541,10.5628],[-12.0436,10.5256],[-12.0026,10.5293],[-11.9784,10.5082],[-11.85,10.5549],[-11.7866,10.5628],[-11.7866,10.5839],[-11.763,10.587],[-11.748,10.6011],[-11.7388,10.6212],[-11.7735,10.6871],[-11.7559,10.6931],[-11.7518,10.7037],[-11.7405,10.7869],[-11.7273,10.7973],[-11.6746,10.8116],[-11.6705,10.8272],[-11.6358,10.8372],[-11.6197,10.817],[-11.5979,10.8129],[-11.5882,10.8664],[-11.5894,10.8988],[-11.6159,11.0153],[-11.588,11.0289],[-11.5921,11.0524],[-11.5743,11.1251],[-11.4926,11.1777],[-11.4804,11.237],[-11.4729,11.2451],[-11.4371,11.2555],[-11.4212,11.2749],[-11.4098,11.2691],[-11.397,11.2786],[-11.3552,11.2691],[-11.2509,11.4002],[-11.1959,11.4245],[-11.1727,11.4469],[-11.146,11.4603],[-11.1212,11.5087],[-11.0945,11.5156],[-11.0767,11.5705],[-11.0858,11.599],[-11.074,11.6118],[-11.027,11.5851],[-11.0137,11.5628],[-11.0005,11.566],[-10.9778,11.5913],[-10.9716,11.5838],[-10.9648,11.6049],[-10.9127,11.5963],[-10.8791,11.5755],[-10.8743,11.5803],[-10.8754,11.6049],[-10.8479,11.5975],[-10.8209,11.6063],[-10.8058,11.6265],[-10.8133,11.6527],[-10.8003,11.6664],[-10.7894,11.6612],[-10.7786,11.6664],[-10.7801,11.6948],[-10.7724,11.7279],[-10.7631,11.7378],[-10.7412,11.7357],[-10.7246,11.7415],[-10.7151,11.7535],[-10.7041,11.8036],[-10.6795,11.8478],[-10.67,11.8582],[-10.6607,11.8544],[-10.654,11.8656],[-10.6557,11.8991],[-10.6348,11.9256],[-10.6222,11.9578],[-10.5963,11.98],[-10.5601,11.9953],[-10.5671,12.0175],[-10.5157,12.053],[-10.5179,12.0805],[-10.505,12.0885],[-10.5123,12.1182],[-10.4941,12.1246],[-10.4463,12.1209],[-10.4296,12.1436],[-10.3952,12.1718],[-10.3819,12.1803],[-10.3541,12.1666],[-10.3547,12.181],[-10.3304,12.1905],[-10.3262,12.2],[-10.3437,12.3195],[-10.3721,12.3175],[-10.3846,12.3225],[-10.3541,12.3448],[-10.3448,12.4103],[-10.3259,12.4265],[-10.276,12.515],[-10.2624,12.5713],[-10.2275,12.6121],[-10.2264,12.6863],[-10.2357,12.6972],[-10.2709,12.7073],[-10.2635,12.7217],[-10.197,12.7762],[-10.2007,12.7851],[-10.2244,12.7939],[-10.2345,12.828],[-10.2451,12.8373],[-10.2896,12.8481],[-10.2994,12.8587],[-10.2979,12.8826],[-10.2851,12.9124],[-10.2862,12.9352],[-10.2765,12.9559],[-10.2801,12.9626],[-10.2994,12.968],[-10.326,12.9546],[-10.3335,12.9543],[-10.3385,12.962],[-10.3479,12.9993],[-10.336,13.0558],[-10.3479,13.071],[-10.3744,13.0779],[-10.3883,13.1009],[-10.3849,13.1083],[-10.3536,13.1181],[-10.3479,13.1362],[-10.3506,13.152],[-10.3684,13.1536],[-10.3819,13.1666],[-10.3819,13.1877],[-10.3921,13.1973],[-10.4198,13.1945],[-10.459,13.2009],[-10.5083,13.2452],[-10.5427,13.256],[-10.5711,13.2451],[-10.6222,13.2622],[-10.6596,13.2567],[-10.7238,13.2244],[-10.7594,13.2212],[-10.7947,13.2375],[-10.8081,13.255],[-10.8133,13.2801],[-10.8067,13.3397],[-10.8003,13.359],[-10.7682,13.3973],[-10.792,13.4249],[-10.7283,13.4205],[-10.7156,13.4247],[-10.7137,13.4341],[-10.7207,13.4435],[-10.743,13.4528],[-10.7655,13.4893],[-10.7519,13.5446],[-10.7629,13.5669],[-10.8035,13.5825],[-10.8208,13.5986],[-10.8172,13.6114],[-10.8225,13.6322],[-10.8346,13.6515],[-10.8582,13.6686],[-10.8754,13.7221],[-10.8494,13.7877],[-10.8511,13.8139]]}},{"type":"Feature","properties":{"name":"Gambia","scalerank":7},"geometry":{"type":"MultiLineString","coordinates":[[[-12.3148,11.433],[-12.3074,11.4473],[-12.2937,11.4261],[-12.2631,11.4307],[-12.2384,11.4125],[-12.1975,11.4473],[-12.1534,11.4739],[-12.1001,11.4869],[-12.0729,11.5021],[-12.0541,11.5224],[-12.042,11.5538],[-11.9636,11.6253],[-11.9507,11.6613],[-11.9306,11.6732],[-11.8923,11.6739],[-11.8819,11.6839],[-11.8896,11.7011],[-11.8491,11.7318],[-11.8548,11.7551],[-11.8374,11.7688],[-11.8353,11.7985],[-11.8276,11.8104],[-11.8351,11.8453],[-11.8301,11.8634],[-11.7632,11.9342],[-11.7585,11.9482],[-11.7619,11.9615],[-11.7893,11.9713],[-11.8139,12.0028],[-11.8318,12.0081],[-11.8654,11.9953],[-11.9527,12.041],[-12.0029,12.0938],[-12.0193,12.1319],[-12.0541,12.1462],[-12.0723,12.1868],[-12.082,12.194],[-12.0652,12.2081],[-12.0684,12.2281],[-12.0541,12.2418],[-12.0951,12.2355],[-12.089,12.2569],[-12.0957,12.2739],[-12.1224,12.3038],[-12.1402,12.3062],[-12.1619,12.3528],[-12.164,12.3789],[-12.1837,12.376],[-12.2037,12.3885],[-12.2192,12.4091],[-12.2254,12.4305],[-12.2485,12.4404],[-12.2507,12.462],[-12.2276,12.5362],[-12.2146,12.5546],[-12.1944,12.5468],[-12.1224,12.5838],[-12.1264,12.5953],[-12.1156,12.6055],[-12.1316,12.6157],[-12.1292,12.6464],[-12.1094,12.6464],[-12.1019,12.6663],[-12.1297,12.6796],[-12.1429,12.7079],[-12.1838,12.7011],[-12.1702,12.6806],[-12.2133,12.7039],[-12.192,12.7272],[-12.1944,12.7454],[-12.2018,12.7479],[-12.2254,12.729],[-12.2352,12.7323],[-12.2344,12.7459],[-12.2185,12.7515],[-12.2178,12.7578],[-12.2494,12.7867],[-12.2626,12.8115],[-12.2732,12.8172],[-12.2835,12.8062],[-12.3436,12.8336],[-12.3558,12.8451],[-12.3762,12.8314],[-12.4579,12.8168],[-12.4728,12.8066],[-12.481,12.7529],[-12.5077,12.7112],[-12.5582,12.7056],[-12.6084,12.7117],[-12.6165,12.729],[-12.6412,12.7475],[-12.7394,12.7011],[-12.7581,12.706],[-12.8237,12.7359],[-12.8443,12.7597],[-12.8623,12.7563],[-12.8629,12.7823],[-12.8738,12.7918],[-12.9417,12.77],[-12.954,12.7925],[-12.9653,12.7973],[-12.9591,12.7973],[-12.9919,12.8123],[-12.9795,12.8246],[-12.9945,12.8299],[-13.0273,12.8205],[-13.0401,12.7972],[-13.0888,12.7973],[-13.1019,12.806],[-13.1062,12.8218],[-13.1387,12.8273],[-13.1476,12.8352],[-13.1577,12.8649],[-13.1742,12.8892],[-13.1761,12.9013],[-13.1533,12.9148],[-13.1714,12.9617],[-13.2129,12.981],[-13.2234,13.0002],[-13.2437,13.0126],[-13.2458,13.0294],[-13.2896,13.0169],[-13.3091,13.0218],[-13.3284,13.0437],[-13.3348,13.1241],[-13.3557,13.1331],[-13.3557,13.1393],[-13.3147,13.1536],[-13.3275,13.1645],[-13.3213,13.191],[-13.3315,13.2145],[-13.3284,13.2286],[-13.3526,13.2495],[-13.3662,13.2488],[-13.3768,13.2764],[-13.3775,13.2918],[-13.3557,13.3249],[-13.3646,13.341],[-13.3967,13.3311],[-13.4761,13.3385],[-13.4853,13.333],[-13.4937,13.3093],[-13.5065,13.3044],[-13.4999,13.3258],[-13.5125,13.33],[-13.5475,13.3174],[-13.5581,13.2994],[-13.568,13.2976],[-13.5856,13.3082],[-13.5823,13.3249],[-13.5995,13.3133],[-13.6001,13.2598],[-13.6232,13.2491]],[[-13.6232,13.2429],[-13.6463,13.2443],[-13.6575,13.2788],[-13.6857,13.2864],[-13.6921,13.2938],[-13.6853,13.3212],[-13.7071,13.3498],[-13.6929,13.3634],[-13.6965,13.379],[-13.7331,13.372],[-13.7617,13.3741],[-13.7672,13.3931],[-13.764,13.4189],[-13.7262,13.4683],[-13.7747,13.4819],[-13.8069,13.4693],[-13.815,13.4819],[-13.7945,13.5229],[-13.799,13.5324],[-13.8212,13.5446],[-13.8404,13.5232],[-13.8696,13.5167],[-13.9038,13.4819],[-13.8855,13.4408],[-13.8912,13.4213],[-13.9146,13.413],[-13.9559,13.4694],[-14.0118,13.4586],[-14.0205,13.4546],[-14.0228,13.4445],[-14.0205,13.4068],[-14.0429,13.3876],[-14.0581,13.4003],[-14.075,13.4478],[-14.1152,13.4261],[-14.1252,13.4088],[-14.1161,13.3863],[-14.1508,13.3795],[-14.155,13.4258],[-14.1712,13.4205],[-14.2054,13.372],[-14.1943,13.3648],[-14.2158,13.3471],[-14.2123,13.3311],[-14.283,13.3585],[-14.2948,13.3559],[-14.3034,13.3397],[-14.3241,13.3309],[-14.3705,13.3311],[-14.3857,13.3386],[-14.4567,13.4121],[-14.4685,13.4099],[-14.4804,13.3931],[-14.4947,13.4024],[-14.5245,13.4649],[-14.582,13.4962],[-14.5903,13.5167],[-14.5801,13.5481],[-14.5828,13.5576],[-14.5942,13.5609],[-14.6272,13.5446],[-14.6306,13.4683],[-14.6508,13.4455],[-14.7405,13.5303],[-14.782,13.5229],[-14.7991,13.5467],[-14.8382,13.5703],[-14.8702,13.5508],[-14.8914,13.5485],[-14.9798,13.5893],[-14.9921,13.601],[-14.9869,13.6265],[-14.9742,13.6386],[-14.9086,13.6719],[-14.9379,13.7017],[-15.0148,13.7084],[-15.0452,13.6948],[-15.1309,13.6948],[-15.1965,13.6628],[-15.2327,13.6543],[-15.2742,13.6675],[-15.297,13.6911],[-15.309,13.6948],[-15.3562,13.6663],[-15.3711,13.6123],[-15.3727,13.566],[-15.361,13.5379],[-15.3004,13.4949]]]}},{"type":"Feature","properties":{"name":"Bani","scalerank":7},"geometry":{"type":"MultiLineString","coordinates":[[[-5.5437,13.2014],[-5.6194,13.215],[-5.6499,13.2324],[-5.6667,13.2327],[-5.6842,13.1983],[-5.7083,13.191],[-5.7597,13.1877],[-5.8305,13.2084],[-5.8521,13.2014],[-5.873,13.2122],[-5.8982,13.2132],[-5.949,13.2014],[-5.9976,13.174],[-6.0206,13.152],[-6.0362,13.117],[-6.0781,13.0921],[-6.1188,13.0532],[-6.188,13.0511],[-6.2061,13.0388],[-6.2804,13.0254],[-6.3026,13.0154],[-6.332,12.9885],[-6.3457,12.9099],[-6.3399,12.8907],[-6.3047,12.8382],[-6.305,12.8172],[-6.3145,12.7971],[-6.3318,12.7821],[-6.3656,12.7706],[-6.4002,12.7352],[-6.4792,12.7235],[-6.5176,12.6738]],[[-4.2112,14.5116],[-4.2005,14.4831],[-4.2056,14.4642],[-4.2031,14.4222],[-4.2268,14.4015],[-4.2347,14.3596],[-4.2558,14.3596],[-4.2617,14.3312],[-4.2148,14.3081],[-4.2101,14.2904],[-4.18,14.2429],[-4.1595,14.2565],[-4.1526,14.2324],[-4.1588,14.2071],[-4.1924,14.1501],[-4.198,14.1278],[-4.2167,14.1224],[-4.2558,14.0784],[-4.2601,14.0666],[-4.2563,14.007],[-4.2715,13.9822],[-4.3008,13.9661],[-4.3439,13.9555],[-4.4554,13.9427],[-4.468,13.8872],[-4.4861,13.8785],[-4.5173,13.8846],[-4.5227,13.8587],[-4.5189,13.7991],[-4.5422,13.7064],[-4.5472,13.6948],[-4.5618,13.6888],[-4.5735,13.6748],[-4.5909,13.647],[-4.6206,13.6308],[-4.6636,13.6265],[-4.6787,13.6195],[-4.7083,13.5638],[-4.7579,13.5153],[-4.7872,13.503],[-4.8122,13.4415],[-4.8574,13.3987],[-4.8926,13.3994],[-4.9268,13.372],[-4.9464,13.3668],[-5.0571,13.3658],[-5.0782,13.3453],[-5.1567,13.3348],[-5.1938,13.3002],[-5.2358,13.2764],[-5.3574,13.2806],[-5.3929,13.2696],[-5.4322,13.2213],[-5.4581,13.215],[-5.5027,13.2286],[-5.5437,13.2082]]]}},{"type":"Feature","properties":{"name":"S\u00e9n\u00e9gal","scalerank":4},"geometry":{"type":"MultiLineString","coordinates":[[[-10.8511,13.8139],[-10.8922,13.8245],[-10.9152,13.8196],[-10.9648,13.7904],[-10.9858,13.7972],[-10.9937,13.8364],[-11.0091,13.8456],[-11.031,13.8482],[-11.0548,13.869],[-11.0604,13.8872],[-11.0536,13.9002],[-11.0721,13.943],[-11.0723,13.9493],[-11.0667,13.9487],[-11.0708,13.9931],[-11.0877,14.0306],[-11.1083,14.0389],[-11.1483,14.0368],[-11.1997,14.071],[-11.2419,14.0784],[-11.2549,14.0884],[-11.2512,14.111],[-11.237,14.1342],[-11.218,14.1467],[-11.218,14.1541],[-11.2424,14.1586],[-11.2471,14.1716],[-11.2385,14.2053],[-11.2405,14.2269],[-11.264,14.305],[-11.2838,14.3391],[-11.3683,14.3794],[-11.3757,14.421],[-11.4064,14.4558],[-11.4918,14.4831],[-11.5777,14.4998],[-11.6221,14.5582],[-11.664,14.5685],[-11.6755,14.5854],[-11.6882,14.5908],[-11.8941,14.6191],[-12.0821,14.7402],[-12.1395,14.7847],[-12.2039,14.7663],[-12.2474,14.7672],[-12.3202,14.8174],[-12.3831,14.8462],[-12.4482,14.9076],[-12.4722,14.9982],[-12.4854,15.0175],[-12.5196,15.0284],[-12.6028,15.0789],[-12.6236,15.1024],[-12.6329,15.1056],[-12.6909,15.0926],[-12.7177,15.1036],[-12.7552,15.1388],[-12.7803,15.1466],[-12.7853,15.1662],[-12.7801,15.1998],[-12.7879,15.2144],[-12.8071,15.2232],[-12.8574,15.2222],[-12.889,15.251],[-12.895,15.2635],[-12.8849,15.2711],[-12.8341,15.2702],[-12.8287,15.2841],[-12.8478,15.3135],[-12.9196,15.3655],[-12.9316,15.3972],[-12.9337,15.4385],[-12.9515,15.4656],[-12.9556,15.4932],[-12.9649,15.5093],[-12.9808,15.5164],[-12.9965,15.5143],[-13.0396,15.487],[-13.0825,15.4915]],[[-16.5423,15.8057],[-16.5204,15.8466],[-16.5105,15.9017],[-16.5082,16.0106],[-16.471,16.1066],[-16.4666,16.1742],[-16.4593,16.1944],[-16.4449,16.2065],[-16.408,16.215],[-16.386,16.2351],[-16.3355,16.456],[-16.3142,16.4935],[-16.2744,16.5234],[-16.2517,16.5278],[-16.196,16.5229],[-16.1564,16.5477],[-16.1329,16.555],[-16.1111,16.5472],[-16.0747,16.5051],[-16.0544,16.4957],[-16.0079,16.4964],[-15.9862,16.506],[-15.9587,16.4986],[-15.8976,16.5186],[-15.8626,16.5104],[-15.8136,16.514],[-15.7684,16.4997],[-15.7359,16.4979],[-15.6882,16.4808],[-15.6729,16.4816],[-15.6443,16.4948],[-15.6104,16.5215],[-15.5521,16.5153],[-15.5255,16.5223],[-15.4916,16.5648],[-15.4647,16.5817],[-15.4495,16.5804],[-15.4275,16.5534],[-15.4152,16.5482],[-15.3287,16.5721],[-15.2332,16.5665],[-15.1258,16.583],[-15.0938,16.6004],[-15.0968,16.6141],[-15.1189,16.6428],[-15.1083,16.6656],[-15.094,16.6694],[-15.0796,16.6652],[-15.0522,16.6344],[-15.0376,16.6328],[-15.0194,16.6464],[-15.0076,16.676],[-14.975,16.6916],[-14.9505,16.6725],[-14.9316,16.6436],[-14.9132,16.6408],[-14.8826,16.6478],[-14.7119,16.636],[-14.6566,16.6461],[-14.6087,16.629],[-14.5558,16.6407],[-14.4937,16.6327],[-14.4726,16.6367],[-14.4269,16.6598],[-14.4073,16.661],[-14.3362,16.6318],[-14.332,16.6243],[-14.336,16.5867],[-14.2786,16.5815],[-14.2687,16.548],[-14.2148,16.5352],[-14.0736,16.4008],[-14.0405,16.3823],[-14.0162,16.356],[-13.9785,16.3382],[-13.9718,16.3244],[-13.9799,16.3006],[-13.9637,16.2726],[-13.9685,16.2462],[-13.9647,16.2302],[-13.9084,16.2102],[-13.8844,16.1939],[-13.8597,16.1425],[-13.8364,16.1208],[-13.8198,16.1195],[-13.7956,16.1314],[-13.7474,16.1826],[-13.73,16.1898],[-13.7112,16.1891],[-13.7234,16.1464],[-13.7202,16.1358],[-13.6695,16.106],[-13.6357,16.1218],[-13.6076,16.1235],[-13.5697,16.1384],[-13.4855,16.1552],[-13.4837,16.1412],[-13.5004,16.1109],[-13.5024,16.0953],[-13.4922,16.0886],[-13.4558,16.1024],[-13.4407,16.102],[-13.4227,16.0774],[-13.3892,16.0523],[-13.3843,16.0194],[-13.3704,15.9857],[-13.3165,15.9306],[-13.3166,15.882],[-13.2942,15.8555],[-13.2806,15.8231],[-13.2867,15.7698],[-13.2513,15.7429],[-13.2289,15.7115],[-13.2295,15.6968],[-13.2494,15.6569],[-13.2385,15.6236],[-13.1789,15.6284],[-13.1104,15.5966],[-13.0925,15.5753],[-13.0956,15.5149],[-13.0902,15.4973]]]}},{"type":"Feature","properties":{"name":"Chari","scalerank":6},"geometry":{"type":"MultiLineString","coordinates":[[[18.886,8.8361],[18.8825,8.8179],[18.8674,8.8101],[18.8192,8.8119],[18.8115,8.826],[18.7913,8.83],[18.7402,8.8648],[18.6565,8.8893],[18.5649,8.9498],[18.557,8.9487],[18.5093,8.9869],[18.447,9.0462],[18.4199,9.1166],[18.3305,9.2395],[18.3032,9.2674],[18.2737,9.2827],[18.2641,9.2978],[18.2314,9.3193],[18.207,9.3494],[18.1865,9.3494],[18.1503,9.3995],[18.0688,9.4532],[18.0614,9.495],[18.0369,9.5122],[17.9885,9.5281],[17.9196,9.5796],[17.8718,9.6312],[17.8576,9.6727],[17.8134,9.7028],[17.7688,9.7683],[17.7446,9.7933],[17.6443,9.8565],[17.6271,9.8912],[17.6164,9.9855],[17.6038,9.9874],[17.5739,10.0268],[17.5605,10.0821],[17.4262,10.2276],[17.4003,10.2694],[17.3774,10.281],[17.2875,10.3765],[17.2722,10.3846],[17.2002,10.3846],[17.1623,10.3972],[17.131,10.421],[17.0624,10.4965],[17.0246,10.5599],[16.9948,10.556],[16.9623,10.574],[16.943,10.5774],[16.9082,10.5559],[16.8241,10.5218],[16.7927,10.5208],[16.7534,10.5089],[16.7273,10.4808],[16.6748,10.46],[16.6547,10.4825],[16.5833,10.4877],[16.502,10.5089],[16.4194,10.543],[16.3844,10.5708],[16.3778,10.6075],[16.3689,10.6146],[16.3096,10.6379],[16.2648,10.6748],[16.2067,10.7105],[16.1724,10.7211],[16.1006,10.7626],[16.0746,10.7673],[16.0631,10.7512],[16.001,10.7894],[15.9216,10.7757],[15.7649,10.803],[15.7454,10.8112],[15.6652,10.8888],[15.6493,10.8966],[15.5913,10.9012],[15.5486,10.9259],[15.5243,10.9712],[15.5137,11.0099],[15.4708,11.023],[15.438,11.0502],[15.4319,11.0668],[15.4319,11.132],[15.3916,11.2071],[15.4182,11.2688],[15.3955,11.3304],[15.3574,11.4056],[15.345,11.4669],[15.2903,11.5711],[15.2993,11.637],[15.3306,11.6909],[15.3284,11.7111],[15.309,11.7484],[15.3346,11.8002],[15.3324,11.8397],[15.2839,11.883],[15.2756,11.937],[15.2271,11.9339],[15.1962,11.9502],[15.1514,12.0432],[15.1343,12.0623],[15.1226,12.0687],[15.0559,12.077],[15.0299,12.1011],[15.0114,12.1088],[14.9933,12.1069],[14.9644,12.0926],[14.8975,12.153],[14.8943,12.1675],[14.9111,12.1803],[14.8975,12.2076],[14.9077,12.3271],[14.8906,12.4029],[14.877,12.4274],[14.877,12.4472],[14.8654,12.4527],[14.8633,12.4472],[14.849,12.4572],[14.8633,12.4956],[14.8302,12.6185],[14.8186,12.639],[14.7683,12.6334],[14.7516,12.6691],[14.7336,12.6806],[14.7131,12.6527],[14.7017,12.6692],[14.7163,12.702],[14.7095,12.7185],[14.6935,12.7239],[14.664,12.7161],[14.6238,12.742],[14.6178,12.7593],[14.6035,12.761],[14.5747,12.7451],[14.5688,12.7696],[14.5543,12.767],[14.5485,12.7806],[14.5473,12.8507],[14.5374,12.8879],[14.546,12.899],[14.5485,12.9164],[14.5163,12.9798]],[[14.185,12.4472],[14.1793,12.3858],[14.1885,12.3706],[14.2017,12.3627],[14.4226,12.3534],[14.4866,12.338],[14.5139,12.3237],[14.5139,12.2896],[14.5618,12.256],[14.5618,12.2486],[14.548,12.2418],[14.6037,12.2045],[14.6159,12.1791],[14.651,12.194],[14.6677,12.1782],[14.6716,12.153],[14.6938,12.1493],[14.7297,12.1243],[14.7847,12.1118],[14.8273,12.0837],[14.8563,12.0752],[14.877,12.0568],[14.9192,12.038],[14.9729,12.0385],[15.0415,12.0568]]]}},{"type":"Feature","properties":{"name":"Mariga","scalerank":7},"geometry":{"type":"LineString","coordinates":[[6.9035,11.4925],[6.9066,11.4573],[6.8818,11.3662],[6.8656,11.3362],[6.8455,11.317],[6.7747,11.2732],[6.7544,11.2481],[6.7246,11.1278],[6.7146,11.1064],[6.6864,11.0764],[6.5759,11.0294],[6.5398,11.0281],[6.474,11.0095],[6.4293,11.0143],[6.3638,11.0375],[6.3427,11.0397],[6.3229,11.0322],[6.2803,10.965],[6.236,10.9432],[6.2279,10.9302],[6.2224,10.8912],[6.2078,10.878],[6.1418,10.8535],[6.1221,10.8316],[6.1137,10.8062],[6.1077,10.7229],[6.1091,10.6973],[6.126,10.6472],[6.1264,10.6231],[6.1078,10.5672],[6.103,10.5149],[6.0856,10.4906]]}},{"type":"Feature","properties":{"name":"Sokoto","scalerank":7},"geometry":{"type":"LineString","coordinates":[[7.2305,11.5859],[7.1533,11.6008],[7.1235,11.6134],[7.0449,11.6815],[6.9407,11.7525],[6.896,11.7975],[6.7919,11.9918],[6.7246,12.0612],[6.709,12.1023],[6.693,12.1218],[6.6193,12.1884],[6.5767,12.2382],[6.5596,12.2533],[6.4977,12.2782],[6.407,12.3321],[6.3835,12.368],[6.3538,12.3701],[6.3416,12.391],[6.3154,12.3942],[6.2809,12.4168],[6.2489,12.4285],[6.2335,12.4493],[6.2123,12.4999],[6.1645,12.5246],[6.1444,12.5596],[6.0952,12.6099],[6.0917,12.6397],[6.0737,12.659],[6.0397,12.6608],[5.997,12.6879],[5.9756,12.6936],[5.9048,12.692],[5.8794,12.7086],[5.8411,12.82],[5.83,12.8353],[5.7939,12.8533],[5.7721,12.8878],[5.709,12.9508],[5.6398,12.9742],[5.6226,12.9875],[5.549,13.0838],[5.5122,13.1016],[5.3161,13.0638],[5.2788,13.0656],[5.2143,13.0856],[5.1852,13.0841],[5.1293,13.0596],[5.0866,13.0236],[5.0244,13.0098],[4.9614,13.0078],[4.8356,13.0251],[4.7766,13.0581],[4.7489,13.0523],[4.7151,13.0201],[4.6862,12.9522],[4.657,12.9184],[4.6273,12.8558],[4.6018,12.8164],[4.5696,12.7828],[4.4833,12.7264],[4.4204,12.668],[4.3725,12.6359],[4.3225,12.5776],[4.2847,12.5437],[4.2575,12.5293],[4.1632,12.5056],[4.1183,12.4859],[4.0714,12.4577],[4.0299,12.4229],[4.0011,12.3832],[3.987,12.2742],[4.0155,12.2054],[4.0095,12.157],[4.1261,11.8562],[4.1422,11.7719],[4.1559,11.7413],[4.1382,11.6791],[4.1404,11.6567],[4.1677,11.6231],[4.1868,11.5828],[4.2422,11.5253],[4.2394,11.5005],[4.2262,11.4839],[4.1741,11.4466],[4.1223,11.3865]]}},{"type":"Feature","properties":{"name":"Guadiana","scalerank":7},"geometry":{"type":"MultiLineString","coordinates":[[[-4.7697,39.2486],[-4.7341,39.2398],[-4.6993,39.218],[-4.653,39.166],[-4.6598,39.1461],[-4.5818,39.1044],[-4.5726,39.0891],[-4.5711,39.0698],[-4.5575,39.0834],[-4.5445,39.0672],[-4.4891,39.0295],[-4.4244,39.0057],[-4.4339,38.9879],[-4.3668,39.0002],[-4.3307,39.0006],[-4.2269,38.9486],[-4.1937,38.9544],[-4.1524,38.9403],[-4.122,38.906],[-4.0192,38.9418],[-4.0164,38.9627],[-4.0365,39.0218],[-4.0361,39.037],[-4.0094,39.0629],[-3.9727,39.0754],[-3.8851,39.0801],[-3.8442,39.0909],[-3.7955,39.1209],[-3.738,39.1359],[-3.6711,39.1845],[-3.6322,39.1986],[-3.5426,39.2138],[-3.4054,39.2622],[-3.3753,39.3049],[-3.3614,39.3106],[-3.2825,39.3237],[-3.1646,39.3166]],[[-5.5594,39.0139],[-5.4714,39.0158],[-5.3563,39.049],[-5.3428,39.0559],[-5.3118,39.094],[-5.2316,39.1246],[-5.1807,39.1591]],[[-5.5569,39.0152],[-5.6178,39.0189],[-5.6614,39.0305],[-5.7893,39.0355],[-5.8609,39.026],[-5.9504,38.9949],[-6.0235,38.9468],[-6.0648,38.9401],[-6.1335,38.9605],[-6.1743,38.9544],[-6.2018,38.9068],[-6.2435,38.8594],[-6.2637,38.8507],[-6.3027,38.8604],[-6.3866,38.9468],[-6.4242,38.9548],[-6.5176,38.8917],[-6.5958,38.8854],[-6.6299,38.8712],[-6.674,38.8854],[-6.7281,38.8937],[-6.8056,38.9326],[-6.8796,38.9249],[-6.9421,38.906],[-6.9565,38.9111],[-6.9722,38.9069],[-6.9899,38.8885],[-7.0892,38.8336],[-7.1517,38.8195],[-7.1803,38.7911],[-7.2711,38.7377],[-7.2848,38.7135],[-7.2936,38.6565],[-7.2916,38.6384],[-7.2711,38.6179],[-7.2765,38.6041],[-7.3182,38.5565],[-7.3364,38.5061],[-7.3462,38.4944],[-7.3347,38.4813],[-7.3358,38.4697],[-7.3926,38.4152],[-7.4039,38.3641],[-7.4349,38.3544],[-7.4356,38.2798],[-7.4461,38.2473],[-7.4914,38.2219],[-7.5046,38.2049],[-7.5151,38.1698],[-7.5281,38.1633],[-7.6028,38.1638],[-7.6152,38.1564],[-7.626,38.1281],[-7.6683,38.0904],[-7.6496,38.0593],[-7.6567,38.0188],[-7.6814,37.9525],[-7.641,37.8812],[-7.6341,37.8023],[-7.6437,37.7166],[-7.6609,37.6652],[-7.6538,37.6242],[-7.6415,37.6099],[-7.6048,37.5993],[-7.5653,37.5628],[-7.5243,37.5559],[-7.5161,37.5296],[-7.4766,37.4945],[-7.4635,37.4514],[-7.4629,37.4182],[-7.4456,37.387],[-7.4381,37.3076],[-7.4281,37.2747],[-7.4349,37.2595],[-7.4144,37.1928]]]}},{"type":"Feature","properties":{"name":"Tejo","scalerank":5},"geometry":{"type":"LineString","coordinates":[[-7.1177,39.6817],[-7.2146,39.6765],[-7.2363,39.6867],[-7.2933,39.6835],[-7.3421,39.6721],[-7.5663,39.6804],[-7.6034,39.6657],[-7.639,39.6422],[-7.6956,39.6527],[-7.712,39.6432],[-7.7403,39.6042],[-7.7599,39.5983],[-7.8049,39.557],[-7.8328,39.5434],[-7.8567,39.5223],[-7.9147,39.4949],[-8.0003,39.4949],[-8.0792,39.4813],[-8.1512,39.4949],[-8.211,39.4754],[-8.3549,39.4842],[-8.4164,39.4714],[-8.4392,39.4625],[-8.4625,39.4144],[-8.4907,39.3851],[-8.6248,39.3059],[-8.6519,39.2656],[-8.6825,39.2417],[-8.6961,39.2008],[-8.7651,39.0977]]}},{"type":"Feature","properties":{"name":"Zncara","scalerank":7},"geometry":{"type":"LineString","coordinates":[[-2.4728,40.0],[-2.5023,39.962],[-2.5132,39.9234],[-2.5564,39.899],[-2.5648,39.8858],[-2.5694,39.8277],[-2.6246,39.7693],[-2.6283,39.7522],[-2.6178,39.6973],[-2.6104,39.6839],[-2.5632,39.6458],[-2.5564,39.6088],[-2.5775,39.543],[-2.5654,39.5002],[-2.5836,39.4471],[-2.5694,39.3937],[-2.5769,39.3715],[-2.6346,39.3413],[-2.668,39.3333],[-2.7493,39.3298],[-2.7677,39.3326],[-2.8238,39.3789],[-2.8516,39.3609],[-2.8967,39.355],[-3.0302,39.3538],[-3.1646,39.3166]]}},{"type":"Feature","properties":{"name":"Tajo","scalerank":5},"geometry":{"type":"MultiLineString","coordinates":[[[-5.2167,39.8121],[-5.1499,39.8171],[-5.1018,39.7966],[-5.0224,39.7999],[-5.0025,39.8102],[-4.9505,39.8749],[-4.8739,39.9306],[-4.8448,39.9611],[-4.8242,39.9674],[-4.7663,39.9679],[-4.7281,39.9884],[-4.6437,39.951],[-4.5743,39.9337],[-4.5054,39.9005],[-4.4667,39.8638],[-4.4265,39.858],[-4.3595,39.8322],[-4.3278,39.8264],[-4.2974,39.845],[-4.3104,39.8519],[-4.3104,39.858],[-4.2899,39.8785],[-4.2604,39.8605],[-4.208,39.8717],[-4.1838,39.8928],[-4.1033,39.8902],[-4.0597,39.8821],[-4.0367,39.8655],[-3.9821,39.8819],[-3.8531,39.9378],[-3.7788,39.9536],[-3.7043,40.0]],[[-7.1177,39.6817],[-6.9867,39.6942],[-6.9626,39.7015],[-6.8926,39.746],[-6.8819,39.7597],[-6.8226,39.782],[-6.6268,39.7904],[-6.5749,39.7608],[-6.476,39.7352],[-6.4363,39.7342],[-6.1675,39.7966],[-6.0566,39.8477],[-6.0304,39.845],[-6.0235,39.8519],[-6.0167,39.845],[-5.9956,39.8519]]]}},{"type":"Feature","properties":{"name":"Tugela","scalerank":7},"geometry":{"type":"LineString","coordinates":[[29.0048,-28.6594],[29.0745,-28.6286],[29.1008,-28.6296],[29.123,-28.6425],[29.155,-28.6845],[29.2114,-28.7074],[29.2349,-28.7438],[29.2498,-28.7591],[29.2654,-28.7631],[29.3358,-28.7438],[29.3529,-28.7228],[29.3923,-28.7],[29.4335,-28.6611],[29.4857,-28.6755],[29.5969,-28.6591],[29.6488,-28.7398],[29.6782,-28.7492],[29.7479,-28.7371],[29.7792,-28.7245],[29.8111,-28.7244],[29.8263,-28.715],[29.8589,-28.6721],[29.88,-28.6551],[29.944,-28.6606],[29.9908,-28.6434],[30.0126,-28.6497],[30.0274,-28.6727],[30.0728,-28.6995],[30.1188,-28.711],[30.1536,-28.7426],[30.1716,-28.7474],[30.2205,-28.7255],[30.2613,-28.7212],[30.2719,-28.7127],[30.2783,-28.6795],[30.2909,-28.6763],[30.3339,-28.7028],[30.3638,-28.7465],[30.3877,-28.7567],[30.4556,-28.7402],[30.5258,-28.7576],[30.6438,-28.7236],[30.684,-28.7189],[30.7097,-28.7259],[30.7175,-28.7354],[30.7174,-28.7464],[30.6983,-28.7741],[30.7064,-28.7846],[30.7245,-28.7868],[30.747,-28.7739],[30.7608,-28.7292],[30.7789,-28.7258],[30.7954,-28.7357],[30.8142,-28.767],[30.8218,-28.7699],[30.8896,-28.7624],[30.8989,-28.7726],[30.8994,-28.8193],[30.9106,-28.8333],[30.9187,-28.832],[30.9521,-28.7957],[30.9629,-28.7917],[30.9807,-28.7919],[30.9739,-28.7919],[30.9854,-28.8033],[30.9788,-28.8171],[30.9692,-28.8197],[30.9682,-28.8286],[30.9824,-28.8472],[31.0354,-28.874],[31.038,-28.9264],[31.0461,-28.9396],[31.0671,-28.9512],[31.0782,-28.9741],[31.0974,-28.9776],[31.0906,-28.9496],[31.1282,-28.9667],[31.1248,-29.0048],[31.1699,-29.0466],[31.1732,-29.0595],[31.2356,-29.1045],[31.2595,-29.1347],[31.2861,-29.1141],[31.2999,-29.1203],[31.2893,-29.1613],[31.3,-29.1633],[31.3171,-29.1483],[31.3513,-29.1613],[31.3481,-29.1441],[31.357,-29.1358],[31.3717,-29.1353],[31.3854,-29.1414],[31.3801,-29.1688],[31.4398,-29.1769],[31.4332,-29.2028],[31.4815,-29.2171]]}},{"type":"Feature","properties":{"name":"Limpopo","scalerank":6},"geometry":{"type":"LineString","coordinates":[[26.9615,-23.7373],[27.0038,-23.6457],[27.0133,-23.6384],[27.0238,-23.6424],[27.037,-23.6656],[27.0543,-23.6663],[27.0696,-23.6559],[27.0611,-23.6042],[27.0747,-23.611],[27.0836,-23.5959],[27.1021,-23.5838],[27.0952,-23.5838],[27.1129,-23.5641],[27.1362,-23.5701],[27.1406,-23.5583],[27.1269,-23.5452],[27.1226,-23.5329],[27.1269,-23.5248],[27.1485,-23.5274],[27.1567,-23.5366],[27.171,-23.5155],[27.1861,-23.5272],[27.2051,-23.523],[27.191,-23.5037],[27.2021,-23.4919],[27.2776,-23.4636],[27.3115,-23.4369],[27.3351,-23.4024],[27.3495,-23.3913],[27.3606,-23.4223],[27.3833,-23.3993],[27.4099,-23.3892],[27.418,-23.3911],[27.4105,-23.4056],[27.4247,-23.4125],[27.4521,-23.3852],[27.5067,-23.3789],[27.5484,-23.3607],[27.5632,-23.3427],[27.5688,-23.3202],[27.5629,-23.2992],[27.5725,-23.2905],[27.58,-23.2637],[27.5986,-23.2445],[27.6074,-23.2166],[27.6467,-23.2275],[27.698,-23.1934],[27.7251,-23.2216],[27.7387,-23.2275],[27.7532,-23.2206],[27.7737,-23.1728],[27.7888,-23.1636],[27.774,-23.1407],[27.7737,-23.125],[27.8059,-23.1283],[27.8218,-23.1229],[27.8153,-23.1045],[27.895,-23.0794],[27.9294,-23.057],[27.9456,-23.0288],[27.9369,-22.9637],[27.9487,-22.9538],[28.0078,-22.9346],[28.0369,-22.9113],[28.0493,-22.8911],[28.0535,-22.8691],[28.0466,-22.8367],[28.1033,-22.8166],[28.1168,-22.7892],[28.1545,-22.7719],[28.162,-22.7588],[28.1592,-22.718],[28.1956,-22.6716],[28.25,-22.6556],[28.3013,-22.6037],[28.338,-22.5844],[28.3764,-22.5749],[28.4589,-22.5697],[28.522,-22.5846],[28.5381,-22.5801],[28.5593,-22.5629],[28.6234,-22.5627],[28.6584,-22.5518],[28.7307,-22.5138],[28.8163,-22.4929],[28.8307,-22.4823],[28.8461,-22.4499],[28.912,-22.4535],[28.9298,-22.4408],[28.9673,-22.3802],[28.9599,-22.3101],[29.0023,-22.2632],[29.0175,-22.2548],[29.0382,-22.2238],[29.0474,-22.2201],[29.1684,-22.2139],[29.2216,-22.1821],[29.2478,-22.1791],[29.3023,-22.1901],[29.3311,-22.1927],[29.3496,-22.1866],[29.3774,-22.1928],[29.4356,-22.163],[29.4563,-22.1586],[29.5312,-22.1724],[29.5504,-22.1459],[29.6035,-22.145],[29.6608,-22.1263],[29.6792,-22.1382],[29.7583,-22.1308],[29.7788,-22.1362],[29.8369,-22.1723],[29.8955,-22.1911],[29.946,-22.1982],[29.9734,-22.2139],[30.0046,-22.2221],[30.0377,-22.2537],[30.0821,-22.2627],[30.1345,-22.2934],[30.2212,-22.2909],[30.2549,-22.3046],[30.3003,-22.3368],[30.3344,-22.3447],[30.4122,-22.3367],[30.4879,-22.3101],[30.6006,-22.3163],[30.6319,-22.3306],[30.6934,-22.3027],[30.8047,-22.2944],[30.8374,-22.2822],[30.9268,-22.2956],[31.0872,-22.3367],[31.152,-22.3163],[31.1831,-22.3454],[31.213,-22.3617],[31.2551,-22.3579],[31.2968,-22.4125],[31.3331,-22.4306],[31.356,-22.4368],[31.3918,-22.4264],[31.4673,-22.446],[31.5712,-22.458],[31.6729,-22.5524],[31.7417,-22.6385],[31.8083,-22.6479],[31.8241,-22.6849],[31.8789,-22.7279],[31.9021,-22.7586],[31.9165,-22.8078],[31.9443,-22.8335],[31.9472,-22.8644],[32.0127,-22.9299],[32.0253,-22.9512],[32.0404,-22.9569],[32.0574,-22.9737],[32.0841,-23.0157],[32.0972,-23.0253],[32.1442,-23.0336],[32.1641,-23.0449],[32.2229,-23.0967],[32.2318,-23.1128],[32.238,-23.1738],[32.2556,-23.2411],[32.3893,-23.4343],[32.4429,-23.4849],[32.4594,-23.5563],[32.5001,-23.6511],[32.4897,-23.6782],[32.4989,-23.7074],[32.4958,-23.7482],[32.505,-23.7652],[32.5312,-23.787],[32.5444,-23.8273],[32.5914,-23.8649],[32.5972,-23.9096],[32.5781,-23.9676],[32.6118,-24.0225],[32.6222,-24.0882],[32.6358,-24.1079],[32.7618,-24.2159],[32.7772,-24.2476],[32.8248,-24.2969],[32.8729,-24.3852],[32.887,-24.4393],[32.9062,-24.4521],[32.9327,-24.4516],[32.9613,-24.4409],[33.0092,-24.4955],[33.0581,-24.5317],[33.0644,-24.5502],[33.0909,-24.5461],[33.0986,-24.5712],[33.1128,-24.5638],[33.1568,-24.6157],[33.2145,-24.6236],[33.2421,-24.6059],[33.2597,-24.607],[33.2744,-24.6166],[33.2828,-24.6327],[33.2779,-24.6733],[33.2903,-24.673],[33.3075,-24.6533],[33.3521,-24.6706],[33.4822,-24.7768],[33.5105,-24.7529],[33.5237,-24.7557],[33.5303,-24.7841],[33.5442,-24.7768],[33.5271,-24.7355],[33.5307,-24.7269],[33.5852,-24.7659],[33.5852,-24.8314],[33.6199,-24.8549],[33.6124,-24.8962],[33.6162,-24.9091],[33.6466,-24.9133],[33.658,-24.9228],[33.6182,-24.9655],[33.6404,-24.9857],[33.6482,-25.012],[33.6466,-25.0231],[33.6329,-25.0329],[33.6041,-25.0221],[33.5934,-25.065],[33.5504,-25.0921],[33.5367,-25.1193],[33.51,-25.1262],[33.5092,-25.1414],[33.5292,-25.1913]]}},{"type":"Feature","properties":{"name":"Save","scalerank":7},"geometry":{"type":"LineString","coordinates":[[31.1248,-18.5469],[31.1483,-18.5736],[31.1794,-18.5888],[31.2551,-18.6089],[31.2953,-18.6331],[31.339,-18.6415],[31.3785,-18.6909],[31.4128,-18.7051],[31.4216,-18.7232],[31.4526,-18.7298],[31.4884,-18.7666],[31.5288,-18.787],[31.582,-18.7863],[31.6035,-18.7797],[31.6144,-18.7836],[31.6387,-18.8075],[31.6643,-18.8763],[31.6679,-18.9075],[31.7136,-19.0259],[31.7766,-19.0493],[31.8298,-19.0978],[31.8667,-19.1066],[31.9063,-19.1254],[31.9267,-19.1297],[31.9608,-19.1229],[31.985,-19.1323],[32.0194,-19.1686],[32.0266,-19.245],[32.0837,-19.3563],[32.1383,-19.4211],[32.2207,-19.5417],[32.2327,-19.5978],[32.2795,-19.6952],[32.314,-19.7293],[32.358,-19.7398],[32.3905,-19.7665],[32.3989,-19.8034],[32.3752,-19.9165],[32.3617,-19.9335],[32.3413,-19.9438],[32.3376,-19.9555],[32.336,-20.1232],[32.2864,-20.4045],[32.2813,-20.5452],[32.273,-20.5933],[32.2587,-20.6127],[32.2481,-20.6722],[32.218,-20.7126],[32.2122,-20.7504],[32.1936,-20.8018],[32.1578,-20.8657],[32.1353,-20.9284],[32.1479,-20.9492],[32.1603,-21.0052],[32.1884,-21.0307],[32.1914,-21.0405],[32.1799,-21.0557],[32.255,-21.0934],[32.2979,-21.1983],[32.2966,-21.2133],[32.3126,-21.2327],[32.4958,-21.3431],[32.526,-21.3698],[32.5606,-21.384],[32.6455,-21.384],[32.6843,-21.3998],[32.812,-21.4876],[32.848,-21.4938],[32.9054,-21.4867],[32.9342,-21.4921],[32.9683,-21.516],[32.9774,-21.5604],[32.9854,-21.5688],[33.0234,-21.5697],[33.0507,-21.5909],[33.0698,-21.5964],[33.0852,-21.5625],[33.1013,-21.5434],[33.1396,-21.5151],[33.218,-21.4871],[33.2803,-21.5059],[33.3248,-21.5009],[33.3621,-21.4833],[33.4028,-21.4746],[33.4922,-21.4117],[33.5272,-21.4001],[33.5671,-21.396],[33.7406,-21.4033],[33.8218,-21.3935],[33.843,-21.3991],[33.8573,-21.4206],[33.8899,-21.4082],[33.8999,-21.384],[33.9277,-21.347],[33.9653,-21.3158],[34.1301,-21.3021],[34.1719,-21.322],[34.1953,-21.3095],[34.2232,-21.2782],[34.2436,-21.2685],[34.2673,-21.2783],[34.2976,-21.3032],[34.3313,-21.3095],[34.3624,-21.2913],[34.435,-21.1922],[34.4629,-21.1712],[34.5789,-21.1376],[34.6271,-21.1019],[34.6661,-21.0926],[34.675,-21.093],[34.729,-21.1308],[34.761,-21.1264],[34.7989,-21.0806],[34.853,-21.0459],[34.8748,-21.0238],[34.9771,-20.9837],[35.0549,-20.9725],[35.0894,-20.9544],[35.1064,-20.9527]]}},{"type":"Feature","properties":{"name":"Mazoe","scalerank":7},"geometry":{"type":"LineString","coordinates":[[31.7104,-18.0322],[31.7069,-17.9472],[31.6968,-17.8849],[31.6716,-17.8358],[31.6042,-17.7397],[31.594,-17.7133],[31.6025,-17.6452],[31.5927,-17.5471],[31.6272,-17.4308],[31.6435,-17.4057],[31.7449,-17.3042],[31.7545,-17.2816],[31.7479,-17.2192],[31.7584,-17.1866],[31.8064,-17.1538],[31.8259,-17.1249],[31.851,-17.1096],[31.8803,-17.0795],[31.9075,-17.0334],[31.9136,-17.0005],[31.9297,-16.965],[31.9571,-16.938],[31.9985,-16.9144],[32.0152,-16.8569],[32.0417,-16.8154],[32.0859,-16.7925],[32.157,-16.7993],[32.2033,-16.7858],[32.2475,-16.7602],[32.3132,-16.7582],[32.4127,-16.7123],[32.4376,-16.7096],[32.5729,-16.7258],[32.6074,-16.7406],[32.6649,-16.7453],[32.7006,-16.7355],[32.7271,-16.7111],[32.7533,-16.6978],[32.8,-16.6972],[32.8928,-16.7123],[32.9556,-16.6829],[33.0542,-16.6794],[33.1657,-16.6013],[33.2182,-16.5845],[33.292,-16.5468],[33.3098,-16.5434],[33.372,-16.5497],[33.4274,-16.5322],[33.4504,-16.5151],[33.4835,-16.4672],[33.5048,-16.4471],[33.5564,-16.4214],[33.5898,-16.4172],[33.6905,-16.4257],[33.7642,-16.4057],[33.8018,-16.4057]]}},{"type":"Feature","properties":{"name":"Mananantanana","scalerank":6},"geometry":{"type":"LineString","coordinates":[[47.1671,-22.0113],[47.1837,-22.0065],[47.1881,-21.9903],[47.1633,-21.96],[47.1018,-21.9565],[47.0282,-21.9307],[47.0107,-21.9191],[47.0237,-21.9048],[47.0075,-21.8918],[46.9584,-21.8955],[46.9426,-21.8719],[46.9138,-21.8743],[46.9063,-21.861],[46.9207,-21.8433],[46.9084,-21.8049],[46.8787,-21.7858],[46.8252,-21.7658],[46.7866,-21.7315],[46.7456,-21.7198],[46.7372,-21.7254],[46.7251,-21.7552],[46.7101,-21.7528],[46.7146,-21.7334],[46.6804,-21.7198],[46.6804,-21.6755],[46.6669,-21.597],[46.6714,-21.5589],[46.7009,-21.528],[46.6633,-21.4972],[46.6587,-21.4527],[46.6462,-21.4455],[46.6172,-21.4792],[46.606,-21.4737],[46.5756,-21.4793],[46.5645,-21.4735],[46.5768,-21.4258],[46.5675,-21.4188],[46.5396,-21.4168],[46.5302,-21.4052],[46.4863,-21.399],[46.4601,-21.3802],[46.4374,-21.3762],[46.4271,-21.3636],[46.4346,-21.3499],[46.3954,-21.3376],[46.3837,-21.3281],[46.3762,-21.2997],[46.3481,-21.2959],[46.3196,-21.3005],[46.3173,-21.2885],[46.2704,-21.2625],[46.2338,-21.2798],[46.1665,-21.2617],[46.0974,-21.2598],[46.0806,-21.2648],[46.0727,-21.2909],[46.0601,-21.3019],[45.9316,-21.3135],[45.9077,-21.3366],[45.8723,-21.4113],[45.7954,-21.4496],[45.7519,-21.4423],[45.7178,-21.4598],[45.7058,-21.4561],[45.6936,-21.4318],[45.6527,-21.4284]]}},{"type":"Feature","properties":{"name":"Mangoky","scalerank":6},"geometry":{"type":"LineString","coordinates":[[45.6527,-21.4284],[45.6225,-21.4106],[45.6041,-21.4113],[45.5295,-21.4632],[45.4994,-21.4478],[45.4684,-21.4434],[45.4602,-21.453],[45.4309,-21.5378],[45.4102,-21.5698],[45.3102,-21.6651],[45.2932,-21.6721],[45.1724,-21.6893],[45.1353,-21.6686],[45.0933,-21.6675],[45.0151,-21.6932],[44.98,-21.6923],[44.8984,-21.7198],[44.7481,-21.7409],[44.643,-21.7407],[44.5566,-21.7987],[44.5208,-21.8072],[44.4705,-21.8296],[44.3936,-21.8322],[44.3606,-21.8403],[44.3306,-21.8576],[44.3219,-21.8307],[44.3063,-21.8177],[44.2733,-21.8531],[44.2641,-21.8525],[44.2479,-21.8234],[44.215,-21.8054],[44.1777,-21.8073],[44.1108,-21.8378],[44.0689,-21.8852],[43.9958,-21.9027],[43.9736,-21.898],[43.9463,-21.8775],[43.9067,-21.8696],[43.8948,-21.861],[43.8811,-21.82],[43.8569,-21.7956],[43.8222,-21.7236],[43.7893,-21.6983],[43.7793,-21.6524],[43.7545,-21.6037],[43.7482,-21.5628],[43.6939,-21.5097],[43.6697,-21.4638],[43.6271,-21.4412],[43.6173,-21.4282],[43.6043,-21.3636],[43.5422,-21.3158]]}},{"type":"Feature","properties":{"name":"Mania","scalerank":7},"geometry":{"type":"LineString","coordinates":[[47.6672,-20.1889],[47.6583,-20.2172],[47.6238,-20.2583],[47.5938,-20.2707],[47.5649,-20.301],[47.5546,-20.2956],[47.5406,-20.3084],[47.4827,-20.2895],[47.4591,-20.3083],[47.4414,-20.301],[47.3998,-20.3084],[47.3657,-20.3289],[47.3235,-20.3242],[47.3072,-20.3283],[47.2974,-20.3493],[47.2771,-20.3324],[47.2581,-20.3328],[47.2484,-20.3467],[47.2559,-20.3704],[47.2369,-20.3941],[47.2252,-20.3985],[47.1677,-20.3827],[47.1397,-20.3561],[47.1159,-20.3968],[47.1016,-20.3958],[47.0782,-20.376],[47.0391,-20.4013],[47.0025,-20.404],[46.9612,-20.36],[46.9805,-20.3319],[46.9238,-20.3289],[46.9102,-20.2941],[46.8697,-20.2931],[46.8524,-20.2836],[46.8449,-20.2606],[46.7991,-20.28],[46.7627,-20.2583],[46.7322,-20.2721],[46.7078,-20.2742],[46.619,-20.236],[46.6028,-20.2394],[46.5671,-20.2715],[46.5438,-20.2705],[46.5251,-20.2495],[46.485,-20.2425],[46.447,-20.227],[46.4346,-20.2265],[46.3862,-20.2469],[46.3669,-20.2426],[46.3037,-20.206],[46.276,-20.173],[46.2799,-20.1573],[46.3037,-20.1439],[46.2764,-20.0961],[46.2916,-20.0912],[46.2963,-20.0618],[46.2782,-20.0388],[46.2354,-20.0136],[46.2184,-20.0389],[46.1625,-20.0837],[46.1545,-20.0415],[46.1082,-20.0243],[46.0948,-19.9733],[46.084,-19.9589],[46.0498,-19.9589],[46.0226,-19.9384],[45.9579,-19.9351],[45.8787,-19.9074],[45.8555,-19.9177],[45.8313,-19.9179],[45.8058,-19.9046],[45.7283,-19.8388],[45.6944,-19.829],[45.6236,-19.8275],[45.5906,-19.8218],[45.5639,-19.808],[45.5358,-19.808],[45.4403,-19.7293],[45.3993,-19.7225]]}},{"type":"Feature","properties":{"name":"Tsiribihina","scalerank":7},"geometry":{"type":"LineString","coordinates":[[45.3993,-19.7225],[45.3721,-19.6914],[45.3233,-19.6796],[45.3136,-19.6846],[45.2963,-19.7398],[45.2827,-19.7548],[45.2711,-19.7574],[45.231,-19.7338],[45.2144,-19.6982],[45.1786,-19.7503],[45.1552,-19.7709],[45.125,-19.7808],[45.0934,-19.7729],[45.0474,-19.7228],[45.022,-19.7016],[45.0055,-19.6977],[44.9885,-19.7002],[44.961,-19.7194],[44.9547,-19.7616],[44.9397,-19.7671],[44.9284,-19.7613],[44.9138,-19.7368],[44.8984,-19.7329],[44.8809,-19.742],[44.8652,-19.7625],[44.8445,-19.7534],[44.7747,-19.6735],[44.7413,-19.6709],[44.6831,-19.7157],[44.6688,-19.7204],[44.6179,-19.7016],[44.5919,-19.7005],[44.5321,-19.7131],[44.4467,-19.6571],[44.4117,-19.6442]]}},{"type":"Feature","properties":{"name":"Betsiboka","scalerank":7},"geometry":{"type":"LineString","coordinates":[[47.8386,-19.2464],[47.825,-19.2184],[47.7971,-19.2048],[47.7971,-19.1774],[47.7734,-19.1536],[47.762,-19.1253],[47.7575,-19.0542],[47.7424,-19.0267],[47.6611,-18.9931],[47.6298,-19.0068],[47.5842,-18.9997],[47.5725,-18.9494],[47.5623,-18.9378],[47.5438,-18.9311],[47.5043,-18.9351],[47.4893,-18.9248],[47.4824,-18.8969],[47.4644,-18.878],[47.4557,-18.8565],[47.4413,-18.8486],[47.4004,-18.8506],[47.3194,-18.8211],[47.3072,-18.808],[47.3042,-18.787],[47.2695,-18.7802],[47.2468,-18.762],[47.1394,-18.7432],[47.1118,-18.7114],[47.0709,-18.6905],[47.0579,-18.6772],[47.0393,-18.6463],[47.0264,-18.5995],[46.9807,-18.5554],[46.944,-18.4017],[46.936,-18.2614],[46.9234,-18.2105],[46.9291,-18.1805],[46.9529,-18.1333],[46.9521,-18.1196],[46.927,-18.09],[46.879,-18.0677],[46.8669,-18.0516],[46.8694,-18.023],[46.8601,-17.9994],[46.8623,-17.9516],[46.821,-17.9264],[46.8251,-17.8647],[46.7965,-17.8207],[46.7906,-17.7559],[46.795,-17.7323],[46.8176,-17.6978],[46.8176,-17.6425],[46.8517,-17.5948],[46.8588,-17.5732],[46.8615,-17.5209],[46.8766,-17.4781],[46.8657,-17.4232],[46.8789,-17.3826],[46.8659,-17.3006],[46.8335,-17.2371],[46.8289,-17.1745],[46.801,-17.1133],[46.774,-17.0215],[46.7623,-17.0051],[46.8295,-16.9313],[46.8416,-16.8778],[46.8691,-16.8412],[46.8695,-16.8127],[46.8308,-16.7368],[46.7744,-16.6971],[46.7574,-16.645],[46.7045,-16.6094],[46.694,-16.5731],[46.7064,-16.473],[46.6907,-16.4577],[46.6714,-16.4522],[46.6394,-16.412],[46.6248,-16.4096],[46.5536,-16.4232],[46.5269,-16.4124],[46.5234,-16.3955],[46.5294,-16.381],[46.5743,-16.3574],[46.5742,-16.3461],[46.547,-16.321],[46.557,-16.2902],[46.537,-16.2386],[46.5381,-16.2165],[46.5557,-16.1724],[46.5706,-16.1559],[46.5996,-16.1426],[46.6043,-16.1181],[46.5662,-16.0239],[46.5336,-15.992],[46.4741,-15.9531]]}},{"type":"Feature","properties":{"name":"L\u00fario","scalerank":7},"geometry":{"type":"LineString","coordinates":[[36.0171,-14.991],[36.0487,-14.974],[36.1044,-14.9661],[36.1814,-14.9295],[36.2035,-14.9311],[36.2268,-14.9426],[36.2455,-14.9183],[36.2491,-14.898],[36.2442,-14.8812],[36.2783,-14.8605],[36.2929,-14.8582],[36.3227,-14.8674],[36.3403,-14.8596],[36.3882,-14.8122],[36.4093,-14.8017],[36.5302,-14.7951],[36.5771,-14.7865],[36.6421,-14.8138],[36.6693,-14.8178],[36.7434,-14.793],[36.7538,-14.7645],[36.7849,-14.7555],[36.822,-14.7592],[36.8772,-14.7764],[36.9435,-14.7538],[36.9977,-14.6961],[37.0961,-14.6548],[37.1704,-14.5946],[37.1948,-14.5951],[37.2202,-14.6074],[37.2395,-14.6037],[37.3417,-14.5488],[37.3766,-14.5204],[37.4797,-14.4024],[37.4949,-14.3945],[37.5737,-14.3945],[37.5925,-14.3819],[37.6319,-14.3342],[37.6317,-14.3159],[37.6225,-14.2952],[37.6345,-14.2808],[37.6563,-14.2728],[37.7546,-14.2778],[37.7688,-14.2715],[37.7948,-14.2411],[37.8127,-14.23],[37.856,-14.2304],[37.8998,-14.2875],[37.9361,-14.3051],[37.9698,-14.2905],[38.0011,-14.2617],[38.1694,-14.2308],[38.2241,-14.1816],[38.2636,-14.1615],[38.3501,-14.1517],[38.4219,-14.1263],[38.4507,-14.1213],[38.4813,-14.1259],[38.5579,-14.1508],[38.6835,-14.1474],[38.7071,-14.144],[38.7551,-14.1208],[38.8412,-14.1065],[38.8964,-14.0651],[38.9281,-14.0549],[38.9708,-14.0251],[39.0404,-14.0075],[39.0457,-13.9837],[39.0793,-13.9505],[39.1012,-13.9419],[39.1453,-13.9372],[39.171,-13.9387],[39.2079,-13.9535],[39.2314,-13.9437],[39.3017,-13.8939],[39.3526,-13.8774],[39.3627,-13.8632],[39.4301,-13.8446],[39.4705,-13.8132],[39.4843,-13.7837],[39.5171,-13.7636],[39.5741,-13.7502],[39.5952,-13.7324],[39.6462,-13.7271],[39.684,-13.716],[39.7416,-13.6742],[39.7628,-13.6683],[39.8485,-13.6751],[39.8813,-13.6577],[39.9377,-13.5899],[40.0071,-13.5391],[40.0208,-13.5122],[40.0813,-13.4902],[40.1282,-13.4482],[40.1757,-13.459],[40.2117,-13.4839],[40.2522,-13.488],[40.335,-13.4631],[40.4202,-13.4561],[40.4375,-13.4649],[40.4542,-13.5088],[40.4775,-13.52],[40.5049,-13.5207],[40.527,-13.5106]]}},{"type":"Feature","properties":{"name":"Shire","scalerank":3},"geometry":{"type":"MultiLineString","coordinates":[[[35.2362,-14.4013],[35.2401,-14.4418],[35.2642,-14.4492],[35.2694,-14.464],[35.2573,-14.5043]],[[35.2778,-14.7575],[35.3015,-14.7822],[35.3127,-14.8255],[35.3149,-14.8725],[35.3052,-14.9533],[35.2986,-14.9749],[35.2729,-14.9943],[35.2362,-15.0524],[35.23,-15.0865],[35.2123,-15.1218],[35.1807,-15.2228],[35.127,-15.2715],[35.0946,-15.3146],[35.0544,-15.3246],[34.9897,-15.3609],[34.9481,-15.3677],[34.911,-15.395],[34.8945,-15.4186],[34.8579,-15.5223],[34.8427,-15.5458],[34.765,-15.5937],[34.765,-15.6728],[34.7515,-15.6945],[34.7363,-15.7027],[34.7361,-15.7153],[34.7433,-15.7376],[34.7545,-15.85],[34.7808,-15.9633],[34.8167,-16.0575],[34.8123,-16.0734],[34.8253,-16.0803],[34.8253,-16.0734],[34.8699,-16.1055],[34.897,-16.1518],[34.9209,-16.1764],[34.9187,-16.1971],[34.9365,-16.2495],[34.9182,-16.2961],[34.9219,-16.3266],[34.9382,-16.3714],[34.9745,-16.3842],[35.0859,-16.455],[35.127,-16.5179],[35.1479,-16.582],[35.1738,-16.6254],[35.2226,-16.642],[35.2362,-16.6624],[35.2505,-16.6699],[35.2778,-16.7006],[35.2846,-16.7867],[35.3047,-16.8255],[35.3097,-16.8505],[35.2848,-16.8709],[35.2846,-16.93],[35.2704,-16.9442],[35.2756,-16.9551],[35.3139,-16.9823],[35.2981,-17.0135],[35.307,-17.0874],[35.2914,-17.1292],[35.3005,-17.2603],[35.3292,-17.3241],[35.3364,-17.3602],[35.3208,-17.3937],[35.3188,-17.4262],[35.3303,-17.4872],[35.3262,-17.704]]]}},{"type":"Feature","properties":{"name":"Zambezi","scalerank":3},"geometry":{"type":"MultiLineString","coordinates":[[[24.2655,-11.3792],[24.3295,-11.3241],[24.3473,-11.2878],[24.3481,-11.2426],[24.3295,-11.1811],[24.3229,-11.1337],[24.2946,-11.0922],[24.2724,-11.0849],[24.2314,-11.1054],[24.1306,-11.125],[23.9824,-11.1275],[23.9316,-11.1867],[23.9133,-11.2016],[23.8677,-11.2138],[23.8481,-11.2284],[23.7961,-11.286],[23.7544,-11.3084],[23.6931,-11.3752],[23.6598,-11.4011],[23.6208,-11.4213],[23.4158,-11.4891],[23.356,-11.5479],[23.3401,-11.5872],[23.302,-11.6179],[23.2854,-11.6262],[23.2036,-11.6364],[23.052,-11.7588],[22.9907,-11.7907],[22.9097,-11.8508],[22.7856,-11.891],[22.7715,-11.9028],[22.7504,-11.9279],[22.7367,-11.934],[22.7178,-11.9717],[22.6934,-12.1044],[22.6813,-12.1351],[22.6647,-12.1598],[22.5795,-12.2305],[22.557,-12.2582],[22.5253,-12.3343],[22.5217,-12.3582],[22.5492,-12.4165],[22.5593,-12.4616],[22.5417,-12.524],[22.5403,-12.6104],[22.5653,-12.7001],[22.6343,-12.7844],[22.6549,-12.8395],[22.6719,-12.8459],[22.6721,-12.8582],[22.7026,-12.9284],[22.6987,-13.0103],[22.6758,-13.0397],[22.6823,-13.075],[22.7,-13.1122],[22.7163,-13.1338],[22.7379,-13.1195],[22.7507,-13.1262],[22.771,-13.1612],[22.8356,-13.1869],[22.8997,-13.251],[22.9326,-13.2625],[22.9462,-13.2764],[22.9639,-13.3052],[22.9564,-13.3188],[22.9937,-13.325],[23.0342,-13.3587],[23.062,-13.4336],[23.0734,-13.4948],[23.1101,-13.5533],[23.1212,-13.62],[23.1335,-13.6506],[23.1767,-13.6843],[23.1774,-13.7016],[23.1681,-13.716],[23.2168,-13.7357],[23.239,-13.757],[23.2172,-13.7809],[23.214,-13.8135],[23.196,-13.8675],[23.2234,-13.9116],[23.2229,-13.9502],[23.2387,-14.0345],[23.2368,-14.0578],[23.1957,-14.1139],[23.1828,-14.1625],[23.1906,-14.2543],[23.2234,-14.3319],[23.2302,-14.3778],[23.2227,-14.3946],[23.1671,-14.4408],[23.1584,-14.5009],[23.0663,-14.6377],[23.0678,-14.693],[23.0412,-14.7346],[23.0291,-14.7846],[23.0117,-14.8159],[23.0186,-14.8605],[22.977,-14.8981],[22.9597,-14.9534],[22.9429,-15.0388],[22.953,-15.0894],[22.9639,-15.1076],[22.9443,-15.1347],[22.9281,-15.186],[22.9385,-15.2007],[22.936,-15.2237],[22.9651,-15.2432],[22.9731,-15.2681],[22.998,-15.3062],[22.9695,-15.313],[22.998,-15.3472],[23.0391,-15.3677],[23.0391,-15.3888],[23.052,-15.395],[23.0769,-15.4257],[23.1191,-15.4412],[23.1149,-15.4999],[23.1347,-15.5595],[23.1213,-15.565],[23.1415,-15.6044],[23.1125,-15.631],[23.121,-15.6489],[23.0908,-15.6721],[23.0854,-15.6868],[23.1086,-15.6973],[23.1115,-15.6796],[23.1206,-15.6924],[23.1416,-15.7578],[23.1657,-15.7987],[23.1619,-15.8195],[23.2074,-15.8592],[23.2238,-15.8877],[23.2302,-15.9152],[23.2234,-15.943],[23.2399,-15.9632],[23.2454,-15.9824],[23.2302,-16.0114],[23.2393,-16.0152],[23.2439,-16.0392],[23.2854,-16.0976],[23.2758,-16.164],[23.278,-16.313],[23.3083,-16.3521],[23.3148,-16.3895],[23.3545,-16.4007],[23.4152,-16.4712],[23.5002,-16.6021],[23.5358,-16.6167],[23.5803,-16.6699],[23.6212,-16.6699],[23.6488,-16.7065],[23.6794,-16.7182],[23.7168,-16.7587],[23.7708,-16.7924],[23.7877,-16.8192],[23.8625,-16.8809],[23.9059,-16.9334],[23.9707,-16.971],[23.9921,-17.0138],[24.0227,-17.0275],[24.0979,-17.2001],[24.1488,-17.2658],[24.1608,-17.3569],[24.1863,-17.3967],[24.2297,-17.4355],[24.2377,-17.4525],[24.2383,-17.4781],[24.3098,-17.4825],[24.3207,-17.4886],[24.3884,-17.4712],[24.5231,-17.5076],[24.546,-17.5264],[24.5706,-17.5332],[24.5908,-17.5284],[24.6388,-17.4924],[24.6838,-17.4924],[24.7692,-17.5053],[24.7969,-17.519],[24.8289,-17.5178],[24.8977,-17.5309],[24.9244,-17.5429],[24.9371,-17.5606],[24.9575,-17.5516],[24.9979,-17.5879],[25.0364,-17.5811],[25.0333,-17.6083],[25.0448,-17.6198],[25.0637,-17.6214],[25.0879,-17.6425],[25.0981,-17.6767],[25.1145,-17.6841],[25.1221,-17.6978],[25.1379,-17.686],[25.1558,-17.7065],[25.1562,-17.725],[25.1902,-17.7553],[25.2419,-17.7702],[25.2661,-17.8008],[25.335,-17.8411],[25.376,-17.8411],[25.4197,-17.8548],[25.4951,-17.8548],[25.5159,-17.8622],[25.5364,-17.8486],[25.6035,-17.8361],[25.6565,-17.8139],[25.6808,-17.8114],[25.706,-17.8298],[25.7654,-17.8496],[25.7855,-17.8621],[25.804,-17.888],[25.8492,-17.9066],[25.8632,-17.9238],[25.8471,-17.9292],[25.8457,-17.9435],[25.853,-17.9599],[25.8632,-17.9715],[25.9241,-17.9989],[25.978,-17.9989],[26.0332,-17.9715],[26.04,-17.9784],[26.0461,-17.9662],[26.0946,-17.9584],[26.0946,-17.9379],[26.158,-17.9183],[26.2113,-17.8827],[26.2207,-17.8862],[26.2388,-17.9101],[26.2938,-17.9184],[26.3178,-17.9343],[26.3622,-17.9306],[26.408,-17.9389],[26.485,-17.9792],[26.5698,-18.0028],[26.6284,-18.0492],[26.6996,-18.0692],[26.7532,-18.0329],[26.7936,-18.0262],[26.8877,-17.9844],[26.9116,-17.992],[26.9587,-17.9647],[27.0208,-17.9584]],[[35.7575,-18.0814],[35.6819,-18.0466],[35.6135,-18.0336]],[[36.4701,-18.5611],[36.4394,-18.5575],[36.4325,-18.5301],[36.3752,-18.5247],[36.3745,-18.5065],[36.3057,-18.4792],[36.2988,-18.4997],[36.2578,-18.45],[36.2174,-18.4162],[36.2025,-18.3864],[36.1859,-18.3691],[36.1036,-18.3581],[36.0723,-18.3482]],[[28.7605,-16.5322],[28.7687,-16.5151],[28.822,-16.4706],[28.8286,-16.4345],[28.8568,-16.3881],[28.8565,-16.3654],[28.8363,-16.3062],[28.8398,-16.2847],[28.8635,-16.2311],[28.8467,-16.2026],[28.8704,-16.0871],[28.8568,-16.0605],[28.8766,-16.0219],[28.9319,-15.9636],[28.9723,-15.9513],[29.0419,-15.9462],[29.0855,-15.8845],[29.1211,-15.8592],[29.1505,-15.8487],[29.1858,-15.8127],[29.4065,-15.7142],[29.5079,-15.7035],[29.563,-15.662],[29.5867,-15.6557],[29.6479,-15.6664],[29.6724,-15.6631],[29.7296,-15.6446],[29.7729,-15.638],[29.8369,-15.6148],[30.0102,-15.6462],[30.1295,-15.6236],[30.1694,-15.632],[30.2067,-15.653],[30.2227,-15.6496],[30.2544,-15.6287],[30.2797,-15.6322],[30.3275,-15.6523],[30.3562,-15.6513],[30.4099,-15.6303],[30.4307,-15.6281],[30.4894,-15.6353],[30.5162,-15.6507],[30.5562,-15.642],[30.5767,-15.6557],[30.6138,-15.6455],[30.6289,-15.631],[30.6733,-15.6209],[30.7964,-15.642]],[[32.7075,-15.58],[32.7446,-15.5545],[32.7878,-15.5523],[32.8271,-15.5648],[32.8496,-15.5562],[32.8962,-15.5732],[32.9688,-15.5732],[32.9977,-15.5877],[33.0401,-15.6728],[33.0884,-15.714],[33.119,-15.7712],[33.1674,-15.8066],[33.2385,-15.8229],[33.2987,-15.8953],[33.3491,-15.9357],[33.3891,-15.9838],[33.4565,-16.0263],[33.4648,-16.0629],[33.4963,-16.1008],[33.5105,-16.1337],[33.5237,-16.1423],[33.5741,-16.1508],[33.5886,-16.1594],[33.7844,-16.3879],[33.8225,-16.4228],[33.9155,-16.5545],[33.9597,-16.5825],[34.001,-16.5925],[34.0172,-16.6289],[34.0334,-16.6326],[34.0689,-16.624],[34.1174,-16.6333],[34.1358,-16.6409],[34.2024,-16.6924],[34.2202,-16.6989],[34.2871,-16.7025],[34.4077,-16.7313],[34.6711,-16.87],[34.7704,-16.9018],[34.8606,-16.9748],[34.8833,-17.0151],[34.9078,-17.1147],[34.967,-17.2214],[34.9806,-17.2797],[35.0224,-17.3481],[35.0515,-17.4173],[35.0603,-17.4599],[35.0854,-17.4921],[35.1054,-17.5676],[35.1347,-17.6008],[35.2085,-17.6591],[35.2856,-17.6994],[35.3434,-17.7404],[35.3766,-17.7801],[35.4229,-17.8205],[35.4402,-17.889],[35.4486,-17.8998],[35.4976,-17.9296],[35.526,-17.9799],[35.5625,-17.9992],[35.5933,-18.0283],[35.6135,-18.0336]],[[35.6135,-18.0336],[35.6545,-18.0262],[35.669,-18.0302],[35.6929,-18.0436],[35.7245,-18.0508],[35.7812,-18.0912],[35.831,-18.1133],[35.8507,-18.1293],[35.84,-18.1496],[35.8735,-18.1838],[35.8954,-18.218],[35.8927,-18.2436],[35.9128,-18.2634],[36.0171,-18.3079],[36.0876,-18.3685],[36.1491,-18.5213],[36.1479,-18.5673],[36.1578,-18.592],[36.1554,-18.599],[36.1377,-18.6015],[36.1187,-18.6153],[36.1147,-18.6464],[36.127,-18.6977],[36.108,-18.706],[36.1119,-18.716],[36.1304,-18.7202],[36.1548,-18.7114],[36.1917,-18.7604],[36.1624,-18.7968],[36.1344,-18.8075]]]}},{"type":"Feature","properties":{"name":"Ruvuma","scalerank":6},"geometry":{"type":"LineString","coordinates":[[35.5992,-10.807],[35.5763,-10.8054],[35.559,-10.7696],[35.5355,-10.748],[35.5011,-10.7308],[35.313,-10.6743],[35.2778,-10.6802],[35.271,-10.6945],[35.233,-10.7133],[35.2257,-10.7303],[35.2063,-10.7411],[35.1884,-10.7969],[35.1798,-10.8672],[35.2104,-10.8854],[35.2197,-10.9009],[35.246,-10.9964],[35.2319,-11.0308],[35.244,-11.0471],[35.2996,-11.0883],[35.3057,-11.1054],[35.2899,-11.1656],[35.2914,-11.2289],[35.2808,-11.2499],[35.2846,-11.2631],[35.374,-11.3587],[35.3672,-11.4239],[35.3964,-11.4737],[35.3956,-11.4875],[35.4354,-11.5163],[35.4391,-11.5342],[35.4211,-11.571],[35.4314,-11.5883],[35.4696,-11.5921],[35.4982,-11.5822],[35.5196,-11.6089],[35.531,-11.6125],[35.5323,-11.5954],[35.5757,-11.605],[35.5992,-11.5921],[35.6544,-11.5782],[35.6643,-11.5718],[35.6797,-11.5374],[35.703,-11.5163],[35.6952,-11.4945],[35.7135,-11.4837],[35.7637,-11.4748],[35.8258,-11.4133],[35.9016,-11.4344],[35.9392,-11.4339],[35.9526,-11.4405],[35.9698,-11.4611],[35.9604,-11.4833],[35.9693,-11.5023],[35.988,-11.512],[36.0217,-11.5055],[36.0791,-11.5368],[36.1207,-11.5505],[36.1423,-11.5689],[36.1676,-11.5786],[36.1821,-11.6398],[36.1758,-11.6548],[36.1788,-11.6755],[36.1877,-11.6935],[36.1992,-11.7013],[36.2405,-11.6945],[36.2783,-11.7088],[36.3607,-11.6923],[36.3777,-11.6808],[36.4944,-11.6808],[36.5022,-11.6862],[36.5082,-11.7096],[36.5452,-11.7292],[36.6251,-11.7212],[36.6668,-11.7132],[36.6892,-11.6945],[36.7377,-11.6746],[36.8197,-11.5734],[36.8367,-11.5679],[36.8657,-11.5741],[36.9054,-11.5926],[36.9979,-11.5844],[37.0318,-11.5648],[37.0438,-11.5955],[37.0712,-11.6291],[37.106,-11.6579],[37.1411,-11.6746],[37.2696,-11.6983],[37.3056,-11.6945],[37.3403,-11.6808],[37.3779,-11.7088],[37.4273,-11.7223],[37.4502,-11.7223],[37.4691,-11.7193],[37.4844,-11.7088],[37.5033,-11.6725],[37.5725,-11.644],[37.6472,-11.6358],[37.7104,-11.5903],[37.7832,-11.5586],[37.8164,-11.5334],[37.8246,-11.52],[37.8127,-11.4823],[37.818,-11.4596],[37.8419,-11.4177],[37.8406,-11.3997],[37.85,-11.3875],[37.8679,-11.3276],[37.9376,-11.2839],[37.9949,-11.2774],[38.0131,-11.2653],[38.1006,-11.2563],[38.1089,-11.2494],[38.1665,-11.2836],[38.2099,-11.27],[38.2563,-11.277],[38.292,-11.3014],[38.3471,-11.3587],[38.3825,-11.3765],[38.4619,-11.3962],[38.4917,-11.4133],[38.5166,-11.3828],[38.6152,-11.3171],[38.6537,-11.2757],[38.7146,-11.2563],[38.7592,-11.2631],[38.7776,-11.2534],[38.8173,-11.2161],[38.8515,-11.2027],[38.8958,-11.1675],[38.9297,-11.1598],[39.0603,-11.1601],[39.1257,-11.1396],[39.1494,-11.1442],[39.211,-11.1738],[39.2627,-11.1667],[39.4979,-10.9904],[39.5923,-10.9792],[39.7599,-10.9429],[39.7854,-10.9325],[39.8855,-10.8643],[40.0075,-10.811],[40.1328,-10.7145],[40.1605,-10.7043],[40.2502,-10.6108],[40.288,-10.5829],[40.3528,-10.5605],[40.3886,-10.5352],[40.4205,-10.5036],[40.4369,-10.4748]]}},{"type":"Feature","properties":{"name":"Luwegu","scalerank":7},"geometry":{"type":"LineString","coordinates":[[36.0175,-10.4442],[36.0522,-10.396],[36.0581,-10.3805],[36.0588,-10.3309],[36.1038,-10.221],[36.1409,-10.1703],[36.1526,-10.1444],[36.144,-10.1248],[36.1882,-10.092],[36.1925,-10.0705],[36.182,-10.0261],[36.1993,-9.9882],[36.2052,-9.9253],[36.2229,-9.8902],[36.2295,-9.8456],[36.2852,-9.7691],[36.3541,-9.7349],[36.396,-9.696],[36.4403,-9.634],[36.4492,-9.6089],[36.4488,-9.564],[36.4604,-9.5409],[36.5579,-9.4932],[36.6152,-9.4897],[36.646,-9.4765],[36.688,-9.47],[36.7333,-9.4362],[36.782,-9.4326],[36.7982,-9.4251],[36.9365,-9.3078],[36.9797,-9.2839],[36.9945,-9.2651],[37.022,-9.2586],[37.0182,-9.2279],[37.0277,-9.2201],[37.1184,-9.1752],[37.1617,-9.1679],[37.191,-9.1555],[37.2373,-9.118],[37.2316,-9.0975],[37.2721,-9.09]]}},{"type":"Feature","properties":{"name":"Rufiji","scalerank":7},"geometry":{"type":"LineString","coordinates":[[37.2721,-9.09],[37.2925,-9.0695],[37.2959,-9.0578],[37.2851,-9.0395],[37.3047,-9.0013],[37.3024,-8.9914],[37.3192,-8.933],[37.3197,-8.8998],[37.3056,-8.8091],[37.312,-8.7801],[37.3552,-8.6922],[37.3784,-8.6154],[37.3819,-8.5721],[37.3606,-8.5286],[37.3687,-8.4993],[37.4265,-8.43],[37.4741,-8.3542],[37.5017,-8.3403],[37.5728,-8.2154],[37.5806,-8.2069],[37.6284,-8.1874],[37.6382,-8.1564],[37.6746,-8.1073],[37.6783,-8.0812],[37.6967,-8.0628],[37.717,-8.0279],[37.7849,-7.9709],[37.8092,-7.9335],[37.8257,-7.857],[37.8653,-7.8097],[37.8868,-7.8054],[37.9849,-7.8088],[38.0528,-7.7959],[38.1996,-7.8045],[38.2173,-7.8022],[38.2412,-7.7817],[38.2545,-7.7779],[38.2911,-7.8029],[38.4057,-7.8477],[38.4478,-7.8526],[38.4979,-7.871],[38.5933,-7.8812],[38.6418,-7.9119],[38.6875,-7.9615],[38.7675,-7.975],[38.8098,-7.9975],[38.8647,-8.0076],[38.9436,-8.0076],[38.961,-8.0203],[38.9708,-8.0212],[39.0071,-8.0013],[39.0155,-8.0257],[39.0436,-8.0151],[39.0632,-8.0378],[39.0746,-8.0417],[39.1191,-8.0273],[39.1086,-8.0417],[39.1252,-8.0498],[39.1599,-8.0282],[39.1885,-8.035],[39.211,-8.0492],[39.2589,-8.0282],[39.262,-8.0103],[39.2698,-8.0076],[39.2869,-8.0151],[39.281,-7.982],[39.2937,-7.9797],[39.3058,-7.968],[39.3209,-7.9735],[39.3256,-7.9671],[39.3277,-7.9598],[39.3096,-7.9517],[39.28,-7.8984],[39.2451,-7.871],[39.2449,-7.8447],[39.2525,-7.8233]]}},{"type":"Feature","properties":{"name":"Pangani","scalerank":7},"geometry":{"type":"MultiLineString","coordinates":[[[37.3419,-3.6083],[37.3067,-3.5422],[37.3008,-3.503],[37.2937,-3.4933],[37.2449,-3.4806],[37.194,-3.4396]],[[37.4497,-3.7725],[37.4674,-3.8169],[37.4639,-3.9281],[37.4728,-3.9787],[37.5245,-4.0658],[37.5348,-4.098],[37.5452,-4.2048],[37.5796,-4.2725],[37.5868,-4.301],[37.5904,-4.3704],[37.5771,-4.4318],[37.5785,-4.4587],[37.6045,-4.4854],[37.6917,-4.5339],[37.761,-4.5868],[37.7852,-4.5956],[37.808,-4.592],[37.8447,-4.5689],[37.8672,-4.5659],[37.9273,-4.5679],[37.9815,-4.5883],[38.0414,-4.6523],[38.0779,-4.6799],[38.1119,-4.7222],[38.1724,-4.7708],[38.214,-4.8481],[38.2545,-4.8833],[38.2676,-4.9115],[38.288,-5.0036],[38.3175,-5.0661],[38.3406,-5.0918],[38.3832,-5.1219],[38.48,-5.1371],[38.5048,-5.1478],[38.5259,-5.173],[38.5478,-5.2368],[38.5698,-5.2592],[38.6389,-5.2673],[38.657,-5.2797],[38.667,-5.3021],[38.6794,-5.3732],[38.7025,-5.3965],[38.7316,-5.4008],[38.8176,-5.3882],[38.8538,-5.3942],[38.884,-5.3872],[38.9242,-5.3983],[38.9352,-5.381],[38.9485,-5.391],[38.9623,-5.4173],[38.9822,-5.4221]]]}},{"type":"Feature","properties":{"name":"Tana","scalerank":7},"geometry":{"type":"MultiLineString","coordinates":[[[37.8106,-0.7995],[37.8395,-0.8055],[37.8672,-0.7873],[37.9088,-0.7232],[37.8958,-0.6617],[37.9161,-0.6492],[37.8883,-0.5962],[37.8917,-0.554],[37.902,-0.5178],[37.9204,-0.4829],[37.9636,-0.4301],[37.9778,-0.4011],[37.9846,-0.3222],[38.0016,-0.2816],[38.0131,-0.2764],[38.046,-0.2912],[38.094,-0.2873],[38.1327,-0.2676],[38.1626,-0.2358],[38.2266,-0.1012],[38.2516,-0.0795],[38.2688,-0.0834],[38.3141,-0.0527],[38.334,-0.0585],[38.3551,-0.0555],[38.391,-0.0761],[38.4029,-0.0653],[38.4248,-0.0695],[38.4433,-0.0653],[38.4659,-0.0752],[38.4958,-0.0613],[38.5463,-0.0243],[38.5735,-0.0239],[38.6324,-0.0436],[38.6562,-0.0379],[38.6702,-0.045],[38.704,-0.0413],[38.7211,-0.0565],[38.7456,-0.0653],[38.9337,-0.0932],[38.946,-0.089],[38.9678,-0.0554],[38.9785,-0.049],[39.0261,-0.0379],[39.0569,-0.0379],[39.0898,-0.0622],[39.1427,-0.1274],[39.2284,-0.1308],[39.2467,-0.1395],[39.3066,-0.1342],[39.3427,-0.159],[39.3723,-0.1638],[39.3887,-0.1789],[39.4302,-0.1888],[39.4587,-0.2048],[39.4952,-0.2419],[39.5121,-0.2782],[39.5469,-0.285],[39.564,-0.3123],[39.581,-0.3224],[39.5942,-0.3464],[39.6329,-0.4896],[39.6396,-0.5047],[39.6589,-0.5155],[39.6636,-0.5419],[39.6982,-0.5791],[39.7523,-0.5928],[39.7737,-0.6125],[39.7809,-0.6447],[39.8113,-0.6896],[39.8121,-0.7274],[39.8213,-0.7368],[39.8131,-0.7509],[39.8153,-0.7658],[39.8281,-0.7989],[39.8337,-0.8405],[39.8485,-0.8393],[39.8417,-0.8671],[39.8622,-0.9224],[39.8622,-0.9492],[39.8752,-0.9702],[39.8875,-1.0152],[39.9229,-1.0863],[39.9374,-1.1005],[39.9168,-1.1347],[39.9387,-1.137],[39.9561,-1.1513],[39.9714,-1.1928],[39.9937,-1.2188],[40.0055,-1.2576],[40.0103,-1.3421],[40.0266,-1.4159],[40.0332,-1.4805],[40.0836,-1.5865],[40.1133,-1.6262],[40.1153,-1.6903],[40.1228,-1.7175],[40.1093,-1.738],[40.1153,-1.7995],[40.1093,-1.8261],[40.129,-1.854],[40.1433,-1.9156],[40.129,-1.9291],[40.1681,-2.043],[40.1638,-2.0595],[40.1702,-2.0726],[40.1774,-2.1387],[40.1638,-2.1796],[40.1774,-2.2241],[40.1266,-2.2613],[40.126,-2.2756],[40.1422,-2.2966],[40.1572,-2.3052],[40.1548,-2.3166],[40.1397,-2.3303],[40.1371,-2.3472],[40.1495,-2.3475],[40.1749,-2.3895],[40.198,-2.3988],[40.1912,-2.4357],[40.197,-2.4571],[40.2124,-2.4725],[40.2715,-2.4888],[40.3147,-2.512],[40.3438,-2.5097],[40.3891,-2.4896],[40.4407,-2.4772],[40.4853,-2.5116],[40.499,-2.5052],[40.5127,-2.5251]],[[36.7035,-0.3501],[36.712,-0.3378],[36.7318,-0.329],[36.8121,-0.3055],[36.8506,-0.3185],[36.9294,-0.3055],[36.9644,-0.3135],[36.9783,-0.3228],[36.9985,-0.4042],[37.0113,-0.4222],[37.0461,-0.4419],[37.0502,-0.4751],[37.0864,-0.5286],[37.1206,-0.5383],[37.1365,-0.5537],[37.1853,-0.6533],[37.2168,-0.6761],[37.2423,-0.6773],[37.2578,-0.7306],[37.2578,-0.7679],[37.2634,-0.7784],[37.2925,-0.7914]]]}},{"type":"Feature","properties":{"name":"Jubba","scalerank":6},"geometry":{"type":"LineString","coordinates":[[41.9658,4.3237],[41.9794,4.3131],[42.0023,4.3171],[42.0293,4.3036],[42.0503,4.2796],[42.0522,4.2362],[42.0322,4.228],[42.0664,4.2015],[42.0768,4.1782],[42.1611,4.1492],[42.1771,4.1529],[42.1711,4.1765],[42.1867,4.1794],[42.2042,4.1591],[42.2122,4.1629],[42.2261,4.1568],[42.2364,4.1359],[42.2676,4.1463],[42.3052,4.1113],[42.3183,4.072],[42.3679,4.0669],[42.3982,4.053],[42.4561,3.9363],[42.5168,3.9155],[42.5334,3.895],[42.5486,3.9022],[42.5639,3.8746],[42.5715,3.8326],[42.5678,3.7996],[42.5486,3.7991],[42.562,3.8097],[42.5536,3.8225],[42.5376,3.8253],[42.5281,3.806],[42.5448,3.7827],[42.5468,3.7616],[42.5371,3.7463],[42.527,3.6955],[42.5173,3.6817],[42.5042,3.6763],[42.5079,3.6297],[42.5007,3.6142],[42.5075,3.6012],[42.4778,3.5548],[42.5281,3.5217],[42.5144,3.4807],[42.5259,3.4774],[42.5559,3.4224],[42.5479,3.4117],[42.5206,3.4081],[42.4908,3.3438],[42.4659,3.3262],[42.4907,3.2897],[42.4994,3.2497],[42.5007,3.1617],[42.4939,3.1419],[42.5144,3.1344],[42.5383,3.1065],[42.5712,3.1066],[42.5819,3.0958],[42.5621,3.0798],[42.5559,2.9942],[42.5075,2.9426],[42.4654,2.8848],[42.4387,2.8596],[42.3712,2.8314],[42.3389,2.7855],[42.3354,2.7714],[42.3452,2.6987],[42.3667,2.6412],[42.3629,2.6273],[42.3479,2.6184],[42.3164,2.6154],[42.3021,2.6],[42.281,2.5317],[42.2874,2.5062],[42.3362,2.4151],[42.3232,2.3977],[42.281,2.3741],[42.2657,2.3207],[42.2537,2.3052],[42.2309,2.2963],[42.2209,2.3081],[42.2122,2.3461],[42.1542,2.3621],[42.1438,2.3567],[42.1207,2.315],[42.1165,2.2949],[42.1306,2.2838],[42.2006,2.2666],[42.2284,2.2371],[42.2325,2.2198],[42.2268,2.2125],[42.1786,2.2369],[42.1334,2.1883],[42.1335,2.1717],[42.149,2.1442],[42.1744,2.1367],[42.1793,2.1255],[42.1711,2.0997],[42.1786,2.0861],[42.1985,2.0929],[42.2156,2.0657],[42.2239,2.0754],[42.3083,2.0246],[42.281,2.0035],[42.2885,1.9905],[42.2676,1.9824],[42.2634,1.9742],[42.2667,1.9632],[42.2567,1.9426],[42.2639,1.8977],[42.2885,1.8881],[42.3027,1.8684],[42.2947,1.8254],[42.3057,1.8011],[42.3254,1.7844],[42.3442,1.7816],[42.3669,1.7534],[42.3932,1.7357],[42.3939,1.7268],[42.3782,1.7017],[42.3962,1.6739],[42.4229,1.6627],[42.4304,1.6487],[42.4387,1.6131],[42.4335,1.6038],[42.446,1.5653],[42.4165,1.5474],[42.4117,1.5208],[42.4387,1.5237],[42.458,1.5006],[42.4597,1.4881],[42.4157,1.4777],[42.4127,1.4533],[42.426,1.4318],[42.4468,1.4154],[42.4542,1.3539],[42.4659,1.3319],[42.484,1.3407],[42.4947,1.3331],[42.5149,1.2865],[42.5591,1.2674],[42.5645,1.2299],[42.5558,1.1737],[42.6106,1.1407],[42.5894,1.1157],[42.5863,1.0794],[42.6108,0.9904],[42.5896,0.9361],[42.5946,0.9176],[42.608,0.9107],[42.609,0.9027],[42.6038,0.8862],[42.593,0.8842],[42.5895,0.875],[42.6,0.8217],[42.6156,0.815],[42.6343,0.835],[42.6516,0.8255],[42.6597,0.8113],[42.6577,0.7537],[42.672,0.7376],[42.6958,0.7262],[42.6993,0.6951],[42.7124,0.6672],[42.7334,0.6535],[42.7384,0.6362],[42.7334,0.5921],[42.7257,0.5876],[42.7472,0.5716],[42.7595,0.4833],[42.7295,0.4705],[42.7223,0.4581],[42.7419,0.4106],[42.7442,0.3753],[42.7612,0.338],[42.7438,0.2838],[42.7472,0.2569],[42.7634,0.2601],[42.7664,0.2418],[42.754,0.1644],[42.7281,0.1602],[42.7163,0.1304],[42.726,0.0887],[42.7229,0.0585],[42.6714,0.0167],[42.6547,-0.0175],[42.6151,-0.0212],[42.59,-0.0379],[42.5994,-0.0998],[42.5702,-0.1157],[42.6106,-0.1751],[42.6056,-0.1952],[42.6167,-0.2093],[42.607,-0.2216],[42.6038,-0.2407],[42.6079,-0.2474],[42.6309,-0.2447]]}},{"type":"Feature","properties":{"name":"Shabeelle","scalerank":7},"geometry":{"type":"LineString","coordinates":[[43.2332,0.7982],[43.2627,0.79],[43.2766,0.8222],[43.2839,0.9232],[43.292,0.9471],[43.3042,0.9676],[43.3248,0.9815],[43.3363,1.0045],[43.358,1.013],[43.3635,1.0377],[43.4255,1.0687],[43.434,1.0895],[43.4529,1.0998],[43.5459,1.1087],[43.5553,1.1166],[43.584,1.1027],[43.6248,1.0998],[43.6968,1.1166],[43.712,1.1555],[43.7094,1.2137],[43.7579,1.2261],[43.7903,1.2567],[43.7965,1.2723],[43.7955,1.2977],[43.814,1.2924],[43.8264,1.3002],[43.8433,1.3257],[43.88,1.3475],[43.9326,1.4356],[43.9755,1.4886],[44.0134,1.5055],[44.0289,1.5209],[44.1143,1.5381],[44.1797,1.5926],[44.2041,1.5986],[44.2064,1.6097],[44.2643,1.6516],[44.3306,1.6478],[44.3617,1.6526],[44.3779,1.6468],[44.3876,1.6511],[44.446,1.7018],[44.4643,1.7508],[44.5353,1.7729],[44.6216,1.7514],[44.6382,1.7854],[44.6936,1.8117],[44.7379,1.8881],[44.7561,1.8928],[44.8297,1.9405],[44.8383,1.9548],[44.8534,2.0179],[44.8787,2.0519],[44.8984,2.0581],[44.9172,2.0765],[44.9209,2.1179],[44.9946,2.1345],[45.0123,2.1225],[45.0598,2.1475],[45.1135,2.1533],[45.125,2.1475],[45.1365,2.1711],[45.1933,2.2089],[45.2148,2.2394],[45.2325,2.2508],[45.2411,2.2915],[45.2499,2.2967],[45.2792,2.2915],[45.3136,2.3052],[45.3373,2.3036],[45.3655,2.3185],[45.4016,2.3761],[45.4164,2.3862],[45.4234,2.4188],[45.4608,2.4454],[45.4677,2.4697],[45.5037,2.53],[45.4945,2.5646],[45.5154,2.6348],[45.5222,2.7133],[45.5085,2.744],[45.5085,2.7856],[45.5386,2.8135],[45.5429,2.8388],[45.5358,2.8706],[45.5496,2.905],[45.5358,2.9836],[45.515,3.0437],[45.5436,3.0611],[45.5579,3.104],[45.5564,3.1207],[45.5357,3.15],[45.5486,3.1667],[45.532,3.2045],[45.5348,3.2299],[45.5542,3.2902],[45.5669,3.2989],[45.5823,3.3746],[45.5925,3.3858],[45.6115,3.3876],[45.6088,3.4274],[45.6158,3.4478],[45.643,3.4652],[45.6383,3.5254],[45.6592,3.5911],[45.6632,3.6266],[45.6458,3.6626],[45.6616,3.6636],[45.6674,3.6735],[45.6663,3.6998],[45.6213,3.7452],[45.6115,3.7855],[45.5906,3.8196],[45.5775,3.8145],[45.5775,3.8476],[45.5603,3.9241],[45.5063,3.9694],[45.5178,4.0128],[45.5154,4.1046],[45.501,4.127],[45.5017,4.1418],[45.4895,4.1411],[45.454,4.1765],[45.4238,4.1807],[45.4062,4.2206],[45.4204,4.2374],[45.4102,4.2698],[45.3789,4.3096],[45.384,4.3336],[45.2862,4.4651],[45.2803,4.5094],[45.2485,4.6045],[45.228,4.6321],[45.2255,4.6463],[45.207,4.6632],[45.2017,4.6912],[45.1933,4.6973],[45.207,4.7212],[45.2056,4.7315],[45.1933,4.7451],[45.1851,4.7741],[45.1898,4.7929],[45.1773,4.8038],[45.1598,4.8538],[45.1455,4.868],[45.084,4.868],[45.0831,4.8863],[45.0735,4.8891],[45.053,4.8754],[45.0305,4.8881],[45.0181,4.9467],[45.0083,4.9642]]}},{"type":"Feature","properties":{"name":"Genale","scalerank":6},"geometry":{"type":"MultiLineString","coordinates":[[[38.774,6.6048],[38.744,6.5623],[38.7157,6.5382],[38.7067,6.5196],[38.738,6.4852],[38.7778,6.3868],[38.8619,6.3427],[38.8904,6.3049],[38.9385,6.2232],[38.95,6.1358],[38.9602,6.1236],[39.0143,6.0832],[39.1788,6.0418],[39.2268,5.9989],[39.2419,5.9927],[39.2577,5.9938],[39.3033,6.0147],[39.3391,6.0176],[39.3556,6.0114],[39.3988,5.9685]],[[41.9658,4.3237],[41.9395,4.3232],[41.9315,4.341],[41.8948,4.3633],[41.8838,4.3745],[41.877,4.399],[41.8564,4.4099],[41.8462,4.44],[41.8183,4.454],[41.7607,4.5071],[41.7534,4.5291],[41.6987,4.6079],[41.6987,4.5943],[41.6913,4.5943],[41.6534,4.6107],[41.6269,4.6418],[41.6157,4.6762],[41.5912,4.6907],[41.5889,4.7041],[41.6025,4.6973],[41.5902,4.7622],[41.5752,4.8099],[41.5582,4.8295],[41.5754,4.8378],[41.5548,4.8543],[41.5418,4.8959],[41.5309,4.9102],[41.4864,4.9444],[41.4244,5.0091],[41.3904,5.0703],[41.3673,5.132],[41.3333,5.1744],[41.3302,5.1907],[41.3425,5.2112],[41.3271,5.2317],[41.3206,5.2835],[41.2975,5.3591],[41.2563,5.396],[41.2532,5.4403],[41.2466,5.45],[41.2053,5.4713],[41.1974,5.4845],[41.1824,5.549],[41.1637,5.5607],[41.15,5.5948],[41.1593,5.6065],[41.1433,5.6153],[41.1392,5.6278],[41.15,5.6426],[41.1296,5.6563],[41.0825,5.6621],[41.0623,5.6708],[41.0473,5.7103],[41.0115,5.7158],[40.9225,5.6995],[40.8497,5.6459],[40.7043,5.5655],[40.5466,5.4236],[40.5288,5.4156],[40.4868,5.4025],[40.4404,5.4026],[40.3659,5.3856],[40.2594,5.3751],[40.1875,5.3546],[40.1153,5.3688],[40.0512,5.3998],[40.0208,5.4072],[39.9789,5.3956],[39.9374,5.4235],[39.9031,5.4713],[39.8721,5.4883],[39.8622,5.5129],[39.8474,5.5185],[39.8007,5.5333],[39.7802,5.5213],[39.7318,5.5333],[39.7143,5.5254],[39.6987,5.5291],[39.6772,5.5464],[39.6815,5.5602],[39.6772,5.5948],[39.6861,5.6079],[39.7183,5.6284],[39.7122,5.6451],[39.7263,5.6631],[39.7014,5.7009],[39.6908,5.7115],[39.6562,5.7219],[39.6243,5.7421],[39.5841,5.7338],[39.5605,5.7382],[39.558,5.7144],[39.5121,5.732],[39.512,5.7491],[39.4885,5.7934],[39.4543,5.8062],[39.4438,5.8685],[39.4575,5.8928],[39.437,5.8964],[39.396,5.9696],[39.3756,5.9852]]]}},{"type":"Feature","properties":{"name":"Shebele","scalerank":7},"geometry":{"type":"LineString","coordinates":[[38.803,6.9414],[38.8232,6.9489],[38.8889,6.9312],[38.9231,6.9591],[38.9609,6.9653],[39.0192,7.0199],[39.2057,7.0714],[39.3507,7.1312],[39.3793,7.1553],[39.4042,7.1613],[39.4116,7.1801],[39.4413,7.1909],[39.4575,7.2055],[39.4483,7.2166],[39.4526,7.227],[39.4717,7.2465],[39.4884,7.2824],[39.512,7.2949],[39.4954,7.3352],[39.5195,7.3694],[39.54,7.3762],[39.5537,7.3898],[39.5605,7.4103],[39.5795,7.4331],[39.62,7.4483],[39.6499,7.4724],[39.6584,7.4586],[39.6772,7.4525],[39.6908,7.4656],[39.6967,7.4639],[39.7467,7.4304],[39.7844,7.4509],[39.8167,7.4551],[39.8355,7.4724],[39.8982,7.4844],[39.9168,7.4935],[39.9734,7.4782],[40.0092,7.4591],[40.0745,7.4656],[40.1038,7.4321],[40.123,7.4212],[40.3767,7.5816],[40.4194,7.6179],[40.4555,7.6268],[40.4922,7.6573],[40.527,7.6636],[40.5482,7.6976],[40.6294,7.7633],[40.6418,7.7854],[40.6846,7.8076],[40.7099,7.8577],[40.7668,7.9288],[40.787,7.9447],[40.8297,7.9583],[40.9153,7.9575],[40.959,7.9658],[41.0154,8.0139],[41.054,8.0282],[41.1964,8.1306],[41.2416,8.1326],[41.2735,8.1502],[41.3142,8.1574],[41.4041,8.1235],[41.483,8.1365],[41.4988,8.1296],[41.522,8.0929],[41.5274,8.0757],[41.5277,8.0015],[41.5569,7.9494],[41.5727,7.94],[41.5752,7.9287],[41.5679,7.9038],[41.5969,7.9046],[41.6173,7.8877],[41.6144,7.7969],[41.6235,7.7498],[41.6838,7.702],[41.6885,7.676],[41.7124,7.6636],[41.6996,7.6525],[41.7329,7.6226],[41.726,7.6065],[41.7293,7.5993],[41.7481,7.5874],[41.8086,7.568],[41.8148,7.5475],[41.8354,7.5475],[41.8564,7.5355],[41.8918,7.5381],[41.9128,7.5239],[41.9452,7.5344],[41.9589,7.5475],[41.9794,7.5344],[42.0364,7.5692],[42.0551,7.5134],[42.0852,7.5081],[42.0961,7.4997],[42.0942,7.4724],[42.0997,7.4622],[42.1324,7.4571],[42.1393,7.4339],[42.1758,7.4078],[42.1786,7.3389],[42.1854,7.3174],[42.2144,7.2853],[42.2271,7.2227],[42.2224,7.1752],[42.2084,7.13],[42.1846,7.0911],[42.1829,7.0447],[42.1523,6.9818],[42.1348,6.9642],[42.137,6.9517],[42.1035,6.9337],[42.093,6.9192],[42.0756,6.8591],[42.0777,6.827],[42.0688,6.8145],[42.0791,6.7958],[42.0414,6.732],[42.0142,6.6431],[42.0361,6.5958],[42.1125,6.5352],[42.1229,6.4644],[42.191,6.43],[42.2156,6.3816],[42.2415,6.3704],[42.281,6.3278],[42.3459,6.3087],[42.3707,6.3143],[42.4097,6.2866],[42.4629,6.2872],[42.4728,6.2943],[42.4885,6.2884],[42.7226,6.2664],[42.7823,6.213],[42.818,6.1619],[42.8337,6.1528],[42.8808,6.1429],[42.9619,6.0873],[43.0178,6.0746],[43.0339,6.0631],[43.0624,6.0568],[43.228,5.9624],[43.2729,5.9551],[43.4497,5.9579],[43.4763,5.9652],[43.503,5.942],[43.5491,5.93],[43.6051,5.8781],[43.6885,5.8663],[43.7084,5.8582],[43.7385,5.824],[43.8065,5.7897],[43.9182,5.6944],[44.0344,5.678],[44.0538,5.6688],[44.0982,5.6282],[44.1853,5.5906],[44.2322,5.6018],[44.2634,5.5978],[44.3086,5.5735],[44.4218,5.4739],[44.4497,5.4781],[44.4841,5.4645],[44.518,5.4705],[44.5291,5.4645],[44.5354,5.4235],[44.5803,5.3925],[44.6111,5.3267],[44.6533,5.296],[44.6679,5.2661],[44.7346,5.2447],[44.7514,5.23],[44.7954,5.139],[44.8365,5.0841],[44.8546,5.0734],[44.953,5.0499],[44.9741,5.0294],[44.9741,5.0024],[44.983,4.9776],[45.0083,4.9642]]}},{"type":"Feature","properties":{"name":"Kagera","scalerank":1},"geometry":{"type":"LineString","coordinates":[[29.5935,-2.9843],[29.6313,-3.014],[29.6661,-3.0054],[29.6895,-3.0138],[29.713,-3.0461],[29.7307,-3.0533],[29.8026,-3.0396],[29.8247,-3.0409],[29.9043,-3.0679],[29.9076,-3.0868],[29.8911,-3.1493],[29.8982,-3.17],[29.9114,-3.1774],[29.929,-3.1563],[29.9607,-3.1603],[29.9734,-3.1904],[30.0152,-3.2318],[30.0211,-3.2555],[30.0183,-3.2784],[29.9802,-3.3344],[29.9861,-3.3545],[30.0029,-3.37],[30.0205,-3.3753],[30.0381,-3.3465],[30.0708,-3.3395],[30.09,-3.3276],[30.1563,-3.3173],[30.2758,-3.2044],[30.289,-3.1851],[30.3303,-3.1494],[30.3582,-3.1358],[30.3712,-3.1078],[30.3765,-3.0693],[30.3842,-3.0575],[30.4103,-3.0505],[30.4154,-3.0109],[30.4294,-3.0037],[30.4395,-2.9827],[30.4563,-2.9776],[30.4879,-2.9434],[30.4691,-2.914],[30.4736,-2.903],[30.4556,-2.8981],[30.4153,-2.8515],[30.4131,-2.8342],[30.4463,-2.7826],[30.45,-2.7416],[30.458,-2.7285],[30.5624,-2.6082],[30.5801,-2.5973],[30.6382,-2.5913],[30.6497,-2.577],[30.6723,-2.5803],[30.6875,-2.5695],[30.7063,-2.5325],[30.7716,-2.4919],[30.7821,-2.4704],[30.7671,-2.4467],[30.7759,-2.4295],[30.7821,-2.3748],[30.8339,-2.3451],[30.8442,-2.3265],[30.8485,-2.3061],[30.8442,-2.2376],[30.8873,-2.0824],[30.8789,-2.0533],[30.8529,-2.0236],[30.8351,-2.0145],[30.8162,-2.0185],[30.8295,-1.9604],[30.8264,-1.9339],[30.7964,-1.9291],[30.8237,-1.9018],[30.816,-1.884],[30.8374,-1.8367],[30.8259,-1.7861],[30.8374,-1.7585],[30.8237,-1.7305],[30.8379,-1.6152],[30.8305,-1.5941],[30.8067,-1.6032],[30.791,-1.5908],[30.7717,-1.5323],[30.7384,-1.4893],[30.7325,-1.4763],[30.7408,-1.4587],[30.7427,-1.4326],[30.7369,-1.4066],[30.7175,-1.3947],[30.6319,-1.3675],[30.5972,-1.3402],[30.5547,-1.3183],[30.5493,-1.3023],[30.554,-1.2734],[30.5208,-1.2108],[30.5107,-1.1702],[30.4941,-1.1552],[30.4755,-1.1611],[30.4668,-1.1552],[30.4736,-1.1317],[30.4705,-1.118],[30.4558,-1.1079],[30.4525,-1.0971],[30.4724,-1.0655],[30.4805,-1.059],[30.4928,-1.06],[30.5112,-1.0733],[30.5922,-1.0633],[30.6382,-1.0733],[30.6865,-1.0248],[30.7766,-0.9857],[30.9068,-1.0225],[30.9941,-1.1094],[31.0468,-1.1829],[31.0795,-1.1889],[31.1173,-1.1678],[31.1835,-1.179],[31.2209,-1.1961],[31.2817,-1.2424],[31.3036,-1.2514],[31.3103,-1.2372],[31.3272,-1.232],[31.3459,-1.2365],[31.3582,-1.2514],[31.3695,-1.2382],[31.3868,-1.2308],[31.4053,-1.2299],[31.4195,-1.2371],[31.4313,-1.2336],[31.4389,-1.2265],[31.4407,-1.203],[31.4612,-1.2309],[31.4703,-1.1977],[31.4771,-1.1942],[31.4994,-1.2106],[31.5151,-1.1961],[31.5362,-1.2104],[31.563,-1.2004],[31.5743,-1.1904],[31.5767,-1.1524],[31.563,-1.1421],[31.5833,-1.1191],[31.5908,-1.0795],[31.6082,-1.0662],[31.6042,-1.0288],[31.6891,-0.9756],[31.7144,-0.977],[31.7247,-0.9643],[31.7417,-0.9702],[31.7349,-0.9492],[31.7676,-0.9357]]}},{"type":"Feature","properties":{"name":null,"scalerank":7},"geometry":{"type":"LineString","coordinates":[[37.7398,-0.7858],[37.7349,-0.7675],[37.6822,-0.7784]]}},{"type":"Feature","properties":{"name":"Semliki","scalerank":6},"geometry":{"type":"MultiLineString","coordinates":[[[29.4521,-0.607],[29.4662,-0.6761],[29.4533,-0.6883],[29.4313,-0.7295],[29.4063,-0.821],[29.4023,-0.8722],[29.3829,-0.9146],[29.3722,-0.9605],[29.3525,-1.0672],[29.37,-1.1201],[29.3877,-1.1449],[29.4164,-1.1641],[29.4115,-1.1884],[29.4973,-1.2309],[29.5137,-1.2249],[29.5458,-1.1792],[29.5596,-1.1699],[29.6465,-1.1752],[29.7203,-1.1335],[29.7633,-1.1216],[29.7914,-1.1287],[29.8159,-1.1479],[29.8328,-1.1742],[29.8381,-1.2004]],[[30.4778,1.2388],[30.4312,1.2072],[30.3987,1.2008],[30.3644,1.2022],[30.3232,1.156],[30.2952,1.1728],[30.2688,1.1674],[30.2383,1.1361],[30.231,1.0979],[30.2148,1.0773],[30.2205,1.0173],[30.2136,0.9987],[30.191,0.975],[30.1543,0.9088],[30.0378,0.8791],[29.9311,0.8194],[29.8231,0.7982],[29.8102,0.7897],[29.7891,0.7503],[29.7617,0.7503],[29.7549,0.736],[29.7266,0.7276],[29.7202,0.7156],[29.7236,0.6986],[29.688,0.6197],[29.6689,0.5918],[29.6587,0.5585],[29.6367,0.543],[29.6313,0.5306],[29.6388,0.5024],[29.5883,0.4842],[29.5761,0.4487],[29.542,0.4282],[29.5321,0.4155],[29.5045,0.3692],[29.4989,0.3477],[29.5173,0.333],[29.5563,0.3183],[29.5597,0.2736],[29.6212,0.238],[29.6313,0.2289],[29.6404,0.2035],[29.6519,0.1954],[29.6379,0.1844],[29.6321,0.1624],[29.6313,0.1092],[29.645,0.0819],[29.6313,0.0167],[29.5972,-0.069],[29.5701,-0.1097],[29.5667,-0.1274],[29.5972,-0.1342]]]}},{"type":"Feature","properties":{"name":"Victoria Nile","scalerank":1},"geometry":{"type":"MultiLineString","coordinates":[[[33.1873,0.4282],[33.1808,0.4653],[33.1576,0.4947],[33.0849,0.5616],[33.0507,0.642],[33.0461,0.7559],[33.0336,0.7984],[32.9664,0.9114],[32.9543,0.9501],[32.936,1.0826],[32.9394,1.1043],[32.9609,1.1217],[32.9653,1.1412],[32.9613,1.1817],[32.9312,1.2309],[32.9219,1.2633],[32.8987,1.291],[32.8931,1.3115]],[[32.5447,1.5218],[32.5266,1.5159],[32.5061,1.5213],[32.4753,1.5516]],[[32.241,1.6658],[32.212,1.6765],[32.1776,1.6776],[32.141,1.6673],[32.1042,1.6478],[32.1016,1.6657],[32.1118,1.6972],[32.1042,1.7155],[32.1628,1.7783],[32.2091,1.788],[32.2216,1.7987],[32.2328,1.7939],[32.2705,1.8096],[32.2795,1.8434],[32.3416,1.8679],[32.3376,1.8881],[32.3463,1.9339],[32.3655,1.9557],[32.3342,1.9675],[32.3314,1.9796],[32.3518,2.0314],[32.3513,2.0503],[32.3388,2.0941],[32.3206,2.1259],[32.3103,2.1959],[32.2766,2.2491],[32.259,2.2573],[32.2237,2.2593],[32.1799,2.2307],[32.1567,2.2316],[32.1234,2.2575],[32.057,2.2847],[32.0161,2.2915],[31.9761,2.3273],[31.9198,2.3598],[31.8789,2.3672],[31.8031,2.3461],[31.7554,2.2984],[31.6425,2.2642],[31.6144,2.2779],[31.5459,2.2779],[31.497,2.2543],[31.4485,2.2417],[31.3988,2.2051],[31.3657,2.1929]]]}},{"type":"Feature","properties":{"name":"Kibali","scalerank":3},"geometry":{"type":"LineString","coordinates":[[30.3712,2.3331],[30.3843,2.4116],[30.4053,2.4484],[30.3985,2.484],[30.4283,2.5393],[30.4396,2.6259],[30.4302,2.7154],[30.4175,2.7355],[30.4138,2.7584],[30.3877,2.7997],[30.3849,2.8183],[30.3923,2.8328],[30.3787,2.8402],[30.3638,2.8652],[30.3269,2.8812],[30.2961,2.8812],[30.2373,2.8686],[30.2163,2.8826],[30.1446,2.8812],[30.131,2.888],[30.1106,2.8737],[30.0995,2.8744],[30.06,2.887],[30.044,2.9165],[30.0074,2.929],[29.898,2.9963],[29.8635,3.0115],[29.7971,3.0239],[29.7583,3.063],[29.7339,3.0742],[29.5889,3.0833],[29.5648,3.0904],[29.5596,3.1068],[29.5164,3.1002],[29.5141,3.1419],[29.4937,3.1877],[29.5011,3.2033],[29.4937,3.2141],[29.5035,3.231],[29.4937,3.2381],[29.5118,3.2552],[29.4873,3.2989],[29.4662,3.2852],[29.453,3.2939],[29.3517,3.2845],[29.3154,3.2927],[29.2997,3.3043],[29.2714,3.3572],[29.2285,3.3927],[29.2205,3.4224],[29.1718,3.4584],[29.1604,3.48],[29.1421,3.4918],[29.1299,3.5095],[29.1433,3.5254],[29.1446,3.5391],[29.1349,3.556],[29.0981,3.5819],[29.09,3.6039],[29.0806,3.6123],[29.0122,3.5806],[28.9829,3.6049],[28.9768,3.583],[28.9425,3.585],[28.8901,3.5532],[28.8672,3.5552],[28.8406,3.5696],[28.8296,3.5837],[28.7983,3.5943],[28.7913,3.5922],[28.7878,3.5806],[28.7734,3.5804],[28.7011,3.5906],[28.6445,3.6074],[28.5859,3.5958]]}},{"type":"Feature","properties":{"name":"Ruki","scalerank":6},"geometry":{"type":"LineString","coordinates":[[18.1943,0.0694],[18.2292,0.0856],[18.2974,0.0864],[18.3367,0.0638],[18.3586,0.0352],[18.381,-0.0122],[18.425,-0.0046],[18.4629,-0.0214],[18.4745,-0.0379],[18.4949,-0.0302],[18.5541,-0.057],[18.6328,-0.0795],[18.6798,-0.0834],[18.6936,-0.0932],[18.7187,-0.0802],[18.755,-0.0885],[18.8103,-0.1205],[18.8809,-0.1992],[18.9512,-0.2192]]}},{"type":"Feature","properties":{"name":"Ituri","scalerank":7},"geometry":{"type":"LineString","coordinates":[[30.131,2.0246],[30.1044,1.983],[30.1044,1.9557],[30.0833,1.9321],[30.0764,1.9102],[30.0011,1.7989],[29.9937,1.754],[30.0007,1.7298],[29.9867,1.7199],[29.905,1.6063],[29.8769,1.5533],[29.8484,1.4786],[29.843,1.4356],[29.7836,1.4688],[29.7617,1.4623],[29.7495,1.4492],[29.7412,1.4077],[29.707,1.3872],[29.7195,1.3588],[29.7191,1.3436],[29.6928,1.2977],[29.6661,1.2916],[29.6445,1.2608],[29.4895,1.2333],[29.4662,1.2091],[29.4179,1.1916],[29.4013,1.1482],[29.4048,1.1333],[29.3865,1.1249],[29.3809,1.1063],[29.3838,1.0616],[29.3496,0.9961],[29.3154,0.9831],[29.2915,0.9626],[29.2533,0.9715],[29.2021,1.0447],[29.1739,1.0586],[29.1547,1.0886],[29.1379,1.093],[29.0657,1.065],[29.0496,1.0823],[29.0299,1.0895],[29.0348,1.1135],[28.9863,1.1444],[28.9728,1.1606],[28.9656,1.1959],[28.9574,1.2031],[28.9387,1.1879],[28.9209,1.1984],[28.8972,1.1964],[28.8635,1.1749],[28.8199,1.1874],[28.7975,1.1849],[28.7878,1.1712],[28.7842,1.1244],[28.776,1.1049],[28.719,1.0513],[28.6991,1.0513],[28.6665,1.0059],[28.6577,1.0024],[28.6377,1.0098],[28.6309,1.024],[28.6104,1.024],[28.5452,1.0756],[28.5005,1.0786],[28.4652,1.1197],[28.4399,1.1297],[28.425,1.1488],[28.4224,1.1677],[28.4049,1.1674],[28.3765,1.1837],[28.3624,1.194],[28.35,1.2196],[28.3323,1.2227],[28.3051,1.2013],[28.3,1.2029],[28.2705,1.2252],[28.2441,1.2884],[28.2192,1.3115],[28.0933,1.3403],[28.0212,1.3257],[28.0104,1.3394],[27.9763,1.3536],[27.9381,1.3462],[27.8923,1.3521],[27.8716,1.3467],[27.8566,1.3043],[27.8233,1.2895],[27.7285,1.3176],[27.6917,1.3458],[27.6711,1.3536],[27.6296,1.3462],[27.5992,1.3598],[27.5654,1.3462],[27.482,1.442],[27.4801,1.497],[27.458,1.5388],[27.4278,1.5721],[27.3861,1.5665],[27.3708,1.5716],[27.3765,1.5926],[27.2907,1.5789],[27.1711,1.6108],[27.0868,1.6177],[27.0312,1.6516],[26.9744,1.6649],[26.9314,1.6888],[26.8599,1.7023],[26.8489,1.7124],[26.8373,1.7083]]}},{"type":"Feature","properties":{"name":"Aruwimi","scalerank":7},"geometry":{"type":"LineString","coordinates":[[23.5519,1.2268],[23.7056,1.2454],[23.757,1.2811],[23.786,1.2907],[23.8679,1.2839],[23.8813,1.2773],[23.8926,1.247],[23.9159,1.2438],[23.9276,1.2516],[23.9347,1.2954],[23.9451,1.3105],[23.9639,1.3115],[23.9818,1.2817],[23.9949,1.2773],[24.006,1.2808],[24.0291,1.3084],[24.0485,1.3172],[24.0881,1.3176],[24.1079,1.3257],[24.121,1.3131],[24.1304,1.2813],[24.1426,1.2705],[24.1771,1.3289],[24.1973,1.3394],[24.2252,1.3384],[24.2653,1.3206],[24.2922,1.3189],[24.3305,1.3394],[24.3954,1.327],[24.4779,1.2719],[24.5177,1.2584],[24.5432,1.2569],[24.5604,1.2612],[24.6007,1.2916],[24.632,1.3052],[24.6665,1.2847],[24.811,1.3159],[24.8307,1.3288],[24.8787,1.3836],[24.9075,1.4695],[24.9197,1.4864],[24.9917,1.4766],[25.0554,1.5079],[25.0774,1.5001],[25.1016,1.4691],[25.1887,1.4679],[25.2109,1.4707],[25.2729,1.5032],[25.2934,1.5454],[25.35,1.5888],[25.3707,1.6173],[25.3739,1.7018],[25.3813,1.7149],[25.3989,1.7335],[25.4562,1.731],[25.5014,1.752],[25.5094,1.7622],[25.5186,1.825],[25.5542,1.8568],[25.6368,1.8914],[25.6599,1.8942],[25.7452,1.8738],[25.8648,1.8813],[25.9172,1.8738],[25.9433,1.8781],[25.9602,1.8895],[25.9888,1.9253],[26.0332,1.9427],[26.0469,1.9557],[26.0415,1.97],[26.0469,1.9762],[26.0683,1.9783],[26.1119,1.9553],[26.1949,1.9327],[26.2943,1.9186],[26.3228,1.9065],[26.3916,1.8514],[26.4182,1.8426],[26.4584,1.8117],[26.5037,1.8334],[26.547,1.7739],[26.6516,1.6778],[26.6724,1.6743],[26.698,1.682],[26.7466,1.7213],[26.7737,1.723],[26.8373,1.7083]]}},{"type":"Feature","properties":{"name":"Uele","scalerank":3},"geometry":{"type":"LineString","coordinates":[[28.5859,3.5958],[28.5669,3.6105],[28.3774,3.6647],[28.3573,3.6629],[28.3417,3.6512],[28.3263,3.6163],[28.3047,3.6071],[28.261,3.6074],[28.2477,3.6204],[28.2158,3.6797],[28.1718,3.7239],[28.1572,3.7315],[28.0924,3.7255],[28.0497,3.7457],[28.0302,3.7393],[27.9732,3.701],[27.866,3.6926],[27.8015,3.6564],[27.7639,3.6443],[27.726,3.6412],[27.6382,3.6691],[27.4919,3.6426],[27.4556,3.6589],[27.4462,3.6903],[27.4342,3.7069],[27.3745,3.7404],[27.3323,3.7452],[27.3253,3.7857],[27.303,3.8252],[27.2686,3.8512],[27.2485,3.8568],[27.2327,3.8533],[27.2262,3.837],[27.176,3.8455],[27.1642,3.8339],[27.1777,3.7991],[27.1856,3.6533],[27.1799,3.6384],[27.1651,3.6303],[27.1218,3.6241],[27.0659,3.5675],[27.0611,3.559],[27.0697,3.5243],[27.0564,3.507],[27.0449,3.506],[27.0133,3.5391],[26.9907,3.5451],[26.9055,3.5272],[26.842,3.505],[26.8163,3.5388],[26.801,3.577],[26.8079,3.6179],[26.7936,3.6551],[26.8137,3.7805],[26.8079,3.8196],[26.7608,3.8455],[26.7532,3.8575],[26.7396,3.9201],[26.7117,3.9642],[26.7257,3.9817],[26.7168,3.9963],[26.6912,4.0084],[26.6817,4.0052],[26.6361,4.0175],[26.6191,4.0154],[26.4956,3.9124],[26.4584,3.8749],[26.4496,3.8567],[26.4376,3.8515],[26.3897,3.7758],[26.344,3.7702],[26.3184,3.7548],[26.2937,3.7292],[26.2579,3.7202],[26.2329,3.697],[26.2213,3.6612],[26.2113,3.6551],[26.1887,3.6502],[26.1603,3.661],[26.1329,3.6483],[26.0598,3.6704],[26.0458,3.678],[26.0356,3.7128],[26.0243,3.7203],[25.9188,3.711],[25.8801,3.7003],[25.8551,3.6763],[25.8409,3.5582],[25.8142,3.5323],[25.7947,3.5254],[25.773,3.5254],[25.7561,3.5528],[25.7152,3.5689],[25.7043,3.5869],[25.6633,3.5943],[25.6248,3.5833],[25.4856,3.5208],[25.4609,3.5179],[25.4197,3.5391],[25.2934,3.5084],[25.2874,3.5275],[25.2729,3.5356],[25.255,3.5342],[25.2388,3.5254],[25.1952,3.4644],[25.1648,3.4522],[25.1383,3.422],[25.1078,3.4298],[25.0437,3.4304],[25.0333,3.4261],[25.0183,3.4058],[24.9947,3.3951],[24.9773,3.4073],[24.9638,3.4708],[24.9333,3.4844],[24.7802,3.5012],[24.7043,3.4633],[24.6386,3.4994],[24.5764,3.4727],[24.5541,3.4743],[24.5324,3.4844],[24.4812,3.5323],[24.3611,3.559],[24.3209,3.5867],[24.2161,3.6931],[24.1836,3.7095],[24.1353,3.7098],[24.1057,3.7025],[24.0678,3.7156],[23.9775,3.7241],[23.9546,3.7166],[23.9201,3.694],[23.8987,3.6893],[23.7743,3.7081],[23.7577,3.7185],[23.7466,3.7645],[23.7348,3.7763],[23.697,3.7923],[23.6096,3.8552],[23.5661,3.8606],[23.5483,3.8566],[23.512,3.8271],[23.4924,3.8203],[23.4705,3.8196],[23.4082,3.8374],[23.3506,3.8134],[23.3336,3.825],[23.2725,3.8393],[23.2418,3.8627],[23.2157,3.8712],[23.204,3.8853],[23.1702,3.8895],[23.1489,3.9022],[23.1183,3.8904],[23.0723,3.8854],[23.0391,3.8606],[22.9858,3.8891],[22.977,3.8786],[22.9087,3.8544],[22.8296,3.868],[22.7743,3.8362],[22.7504,3.8339],[22.6787,3.8749],[22.6616,3.8985],[22.6269,3.909],[22.598,3.9273],[22.5801,3.975],[22.532,4.0046],[22.5202,4.0784],[22.5115,4.1008],[22.4949,4.1174],[22.473,4.1278],[22.4221,4.135],[22.3027,4.1289],[22.2068,4.1505],[22.1511,4.1796],[22.1272,4.2032],[22.0573,4.2197],[22.001,4.2448],[21.9494,4.2337],[21.8911,4.2374],[21.8671,4.2417],[21.8193,4.2721],[21.7705,4.2736],[21.758,4.2858],[21.7368,4.2936],[21.6506,4.2958],[21.6335,4.2944],[21.5376,4.2448],[21.4966,4.2517],[21.4727,4.2695],[21.3971,4.2718],[21.3743,4.2783],[21.2877,4.3336],[21.2578,4.3262],[21.2319,4.298],[21.2104,4.2918],[21.1953,4.3031],[21.1576,4.3104],[21.1496,4.3269],[21.113,4.341],[21.0756,4.3956],[20.963,4.4339],[20.8708,4.4536],[20.8318,4.4509],[20.7913,4.4263],[20.7673,4.4229],[20.6879,4.4229],[20.6025,4.4099],[20.5797,4.4152],[20.4517,4.5291],[20.4416,4.5507],[20.4625,4.6011],[20.456,4.6216],[20.4201,4.6625],[20.3949,4.6773],[20.3732,4.7246],[20.3384,4.772],[20.236,4.8065],[20.1711,4.8785],[20.0858,4.9164],[20.0033,4.9746],[19.8904,5.0023],[19.8496,5.0739],[19.8241,5.0971],[19.7283,5.134],[19.605,5.1384],[19.5683,5.1553],[19.5166,5.1361],[19.4311,5.1361],[19.4083,5.1306],[19.3726,5.0877],[19.2833,5.0325],[19.2365,5.0109],[19.1951,4.9505],[19.1325,4.9471],[19.1156,4.9406],[19.0685,4.8914],[19.0436,4.827],[19.0193,4.8035],[19.0111,4.7652],[18.9618,4.7246],[18.9275,4.6666],[18.8974,4.6508],[18.886,4.6216],[18.852,4.5943],[18.8278,4.5601],[18.7764,4.4336],[18.7528,4.4008],[18.7205,4.3775],[18.6737,4.3615],[18.6334,4.3561],[18.5759,4.3729],[18.5563,4.3543],[18.5366,4.3062],[18.5446,4.2891],[18.5722,4.2659],[18.6191,4.1697],[18.6323,4.1306],[18.646,4.0462],[18.6411,3.9584],[18.613,3.9017],[18.6123,3.8339],[18.5925,3.7099],[18.5967,3.6787]]}},{"type":"Feature","properties":{"name":"Bomu","scalerank":7},"geometry":{"type":"LineString","coordinates":[[27.3606,5.0956],[27.3423,5.1008],[27.3014,5.1321],[27.2392,5.145],[27.1158,5.2005],[27.0731,5.2035],[27.027,5.1901],[26.9612,5.1513],[26.9034,5.0945],[26.8835,5.0535],[26.8665,5.0377],[26.8489,5.0393],[26.832,5.0535],[26.8079,5.0393],[26.7602,5.0883],[26.739,5.0945],[26.6912,5.0945],[26.657,5.0734],[26.6353,5.0778],[26.6292,5.0672],[26.615,5.0784],[26.5978,5.0808],[26.5795,5.0745],[26.5676,5.0598],[26.5608,5.0672],[26.5278,5.0482],[26.502,5.0476],[26.4622,5.0598],[26.4413,5.1044],[26.3995,5.1338],[26.3901,5.1491],[26.3622,5.1361],[26.3528,5.1479],[26.3169,5.1466],[26.272,5.1592],[26.2534,5.1725],[26.2462,5.1901],[26.2256,5.1833],[26.2256,5.2044],[26.2131,5.1993],[26.1978,5.2385],[26.1841,5.2255],[26.1704,5.2385],[26.1567,5.2326],[26.1438,5.252],[26.1295,5.259],[26.1121,5.2385],[26.0879,5.2447],[26.0946,5.2112],[26.0767,5.2165],[26.0674,5.201],[26.0367,5.1981],[26.0265,5.1901],[25.9961,5.2194],[25.9714,5.2279],[25.9579,5.215],[25.9581,5.1976],[25.9428,5.2043],[25.925,5.2019],[25.912,5.1905],[25.9104,5.1702],[25.8923,5.1854],[25.872,5.2172],[25.8489,5.2181],[25.8257,5.1949],[25.8109,5.2311],[25.8142,5.2447],[25.7943,5.2385],[25.7917,5.263],[25.7778,5.2693],[25.7688,5.2653],[25.7805,5.259],[25.7712,5.2456],[25.7433,5.2508],[25.6907,5.3],[25.6685,5.3063],[25.6497,5.3204],[25.6228,5.3101],[25.6086,5.3204],[25.6223,5.3409],[25.6,5.3406],[25.5808,5.3751],[25.5432,5.3754],[25.5323,5.3724],[25.5404,5.3546],[25.5039,5.3425],[25.4815,5.357],[25.4346,5.3289],[25.4127,5.3237],[25.3951,5.3341],[25.363,5.3107],[25.376,5.2932],[25.3554,5.2866],[25.3429,5.272],[25.335,5.2286],[25.3072,5.1855],[25.3139,5.1634],[25.3407,5.1558],[25.3486,5.1419],[25.3418,5.1116],[25.3245,5.0883],[25.3203,5.0524],[25.307,5.0325],[25.2479,5.0243],[25.2271,5.0097],[25.1631,5.0057],[25.1289,5.0188],[25.1003,4.9947],[25.0842,4.9544],[25.0756,4.952],[25.0399,4.9623],[25.0059,4.9811],[24.9575,4.9915],[24.9265,4.9716],[24.9037,4.9669],[24.8477,4.9369],[24.8189,4.9446],[24.7888,4.92],[24.7777,4.9187],[24.7658,4.93],[24.7493,4.9189],[24.73,4.9176],[24.6537,4.9295],[24.6703,4.9573],[24.615,4.9853],[24.6096,5.0169],[24.6007,5.0262],[24.553,5.0393],[24.5324,5.0734],[24.5131,5.0874],[24.4591,5.1076],[24.4362,5.1008],[24.4301,5.0676],[24.4109,5.082],[24.3959,5.1225],[24.3672,5.0847],[24.3606,5.0631],[24.3713,5.0535],[24.3964,5.0484],[24.3981,5.0362],[24.3679,5.0126],[24.2961,5.0034],[24.2842,4.9926],[24.2671,4.9359],[24.2587,4.93],[24.2524,4.93],[24.2456,4.9542],[24.2292,4.9613],[24.209,4.9564],[24.1904,4.9444],[24.1522,4.9028],[24.1079,4.9232],[24.0891,4.9204],[24.0464,4.8891],[23.9775,4.8543],[23.9626,4.8689],[23.9502,4.868],[23.9426,4.8519],[23.9478,4.8179],[23.8813,4.827],[23.8546,4.8133],[23.8162,4.8208],[23.798,4.8149],[23.7595,4.7875],[23.6721,4.7674],[23.6335,4.7453],[23.5875,4.7341],[23.5661,4.7246],[23.5056,4.6766],[23.4478,4.6596],[23.4294,4.629],[23.4269,4.6015],[23.414,4.5909],[23.3878,4.5874],[23.3534,4.6037],[23.3159,4.6079],[23.2947,4.6278],[23.2644,4.6352],[23.2514,4.6632],[23.2082,4.6907],[23.1681,4.7383],[23.1233,4.7158],[23.0989,4.7118],[23.0546,4.738],[23.0168,4.7508],[22.9853,4.8266],[22.977,4.8345],[22.9644,4.8355],[22.9292,4.8208],[22.8979,4.8237],[22.8823,4.8008],[22.8818,4.7886],[22.895,4.7656],[22.8647,4.7388],[22.8533,4.7114],[22.8022,4.7308],[22.7855,4.7248],[22.7568,4.661],[22.7231,4.629],[22.7305,4.5874],[22.7131,4.5513],[22.6964,4.5359],[22.6965,4.5122],[22.689,4.4918],[22.6752,4.4849],[22.6099,4.4844],[22.5918,4.4739],[22.5885,4.4221],[22.5934,4.4025],[22.6133,4.3745],[22.5993,4.3527],[22.5681,4.3317],[22.5388,4.2783],[22.5457,4.2374],[22.4921,4.1742],[22.4568,4.1492],[22.4221,4.135]]}},{"type":"Feature","properties":{"name":"Kotto","scalerank":7},"geometry":{"type":"LineString","coordinates":[[23.422,9.124],[23.4265,9.0833],[23.3971,9.0224],[23.3629,8.9271],[23.3585,8.8826],[23.3527,8.8671],[23.2991,8.7982],[23.2974,8.7551],[23.278,8.7194],[23.2873,8.6894],[23.2753,8.6173],[23.278,8.5828],[23.2973,8.543],[23.3068,8.5059],[23.3398,8.468],[23.3525,8.4354],[23.3878,8.391],[23.4019,8.3432],[23.412,8.3358],[23.4587,8.2562],[23.4841,8.2402],[23.4833,8.221],[23.5216,8.1975],[23.5598,8.147],[23.5598,8.0382],[23.5527,8.0259],[23.5321,8.0158],[23.5291,7.9487],[23.5014,7.9127],[23.4924,7.8788],[23.4431,7.8628],[23.4057,7.801],[23.372,7.7916],[23.3606,7.7672],[23.3231,7.7426],[23.3196,7.7263],[23.2681,7.7434],[23.229,7.7294],[23.2042,7.7108],[23.1631,7.702],[23.1248,7.6815],[23.1006,7.6573],[23.052,7.6505],[23.0326,7.6336],[22.9845,7.5475],[22.9685,7.5507],[22.9438,7.5253],[22.936,7.5071],[22.939,7.4616],[22.9326,7.4488],[22.9019,7.4451],[22.8984,7.4308],[22.8726,7.4446],[22.854,7.4451],[22.8466,7.4041],[22.8403,7.4041],[22.8322,7.4295],[22.8245,7.4356],[22.7956,7.4321],[22.769,7.3943],[22.7648,7.3727],[22.7722,7.3402],[22.769,7.331],[22.7504,7.3209],[22.7739,7.2902],[22.758,7.1918],[22.7736,7.1624],[22.7694,7.1558],[22.7504,7.1645],[22.7404,7.1456],[22.7218,7.133],[22.6821,7.1161],[22.6151,7.0743],[22.5525,7.0131],[22.527,6.9411],[22.4862,6.9259],[22.4762,6.9274],[22.4699,6.938],[22.3773,6.8691],[22.3323,6.8453],[22.3059,6.8551],[22.2905,6.8513],[22.2712,6.8281],[22.2593,6.7874],[22.2433,6.7735],[22.1911,6.7491],[22.1747,6.759],[22.1304,6.7357],[22.1034,6.6868],[22.0857,6.6773],[22.0828,6.6516],[22.0636,6.6157],[22.0481,6.5985],[21.9965,6.5763],[21.9901,6.5612],[22.0402,6.4982],[22.0413,6.4818],[22.0266,6.4548],[22.0004,6.4495],[21.9989,6.444],[22.0044,6.4234],[21.9985,6.3558],[22.0138,6.3206],[21.9901,6.2664],[21.9879,6.2245],[22.059,6.1224],[22.0625,6.0314],[22.1167,5.9628],[22.1134,5.9419],[22.0793,5.9033],[22.0725,5.8732],[22.0764,5.801],[22.072,5.7661],[22.0534,5.7291],[22.0515,5.7081],[22.0757,5.6767],[22.0857,5.6426],[22.03,5.6365],[22.0248,5.6153],[22.0431,5.6183],[22.0337,5.6005],[22.0001,5.5679],[21.9739,5.5554],[21.956,5.5333],[21.9014,5.4883],[21.8989,5.4252],[21.9014,5.3893],[21.9082,5.3751],[21.8945,5.3375],[21.8923,5.23],[21.8809,5.1737],[21.8751,5.1568],[21.8324,5.1287],[21.7915,5.0877],[21.7947,5.0718],[21.8324,5.0262],[21.833,5.0051],[21.7816,4.9293],[21.7716,4.8239],[21.7444,4.7593],[21.7502,4.7344],[21.7362,4.7144],[21.7423,4.6979],[21.7568,4.689],[21.7733,4.6884],[21.7853,4.6973],[21.8025,4.6837],[21.8181,4.6915],[21.8262,4.67],[21.8466,4.657],[21.859,4.6555],[21.874,4.6632],[21.8945,4.6352],[21.9155,4.6426],[21.9176,4.6365],[21.9082,4.6253],[21.9146,4.6042],[21.9451,4.583],[21.956,4.5664],[21.9413,4.5416],[21.9423,4.5328],[22.0007,4.5193],[22.059,4.539],[22.0985,4.5415],[22.1315,4.5342],[22.1469,4.5123],[22.1334,4.4714],[22.0972,4.4195],[22.09,4.394],[22.0648,4.3632],[22.0679,4.301],[22.0378,4.2495],[22.0378,4.2311]]}},{"type":"Feature","properties":{"name":"Albert Nile","scalerank":1},"geometry":{"type":"LineString","coordinates":[[31.4749,2.4007],[31.48,2.4451],[31.4898,2.4626],[31.5233,2.4797],[31.5288,2.501],[31.5247,2.5093],[31.4952,2.5044],[31.4778,2.5192],[31.4626,2.5621],[31.4236,2.6175],[31.4164,2.6385],[31.4195,2.6621],[31.4475,2.6819],[31.4492,2.6939],[31.4371,2.7526],[31.3928,2.7856],[31.3711,2.8211],[31.3677,2.8628],[31.3767,2.9036],[31.4154,2.9939],[31.4756,3.0631],[31.5125,3.1187],[31.5512,3.2019],[31.5673,3.2712],[31.5884,3.3002],[31.5969,3.3345],[31.6461,3.3876],[31.6642,3.4539],[31.6933,3.4864],[31.7485,3.4975],[31.7827,3.5254],[31.8152,3.5352],[31.8131,3.5222],[31.8413,3.5217],[31.8857,3.4975],[31.9084,3.4995],[31.9281,3.5103],[31.9419,3.5277],[31.9472,3.5493],[31.9583,3.5634],[32.0229,3.5869],[32.0159,3.6136]]}},{"type":"Feature","properties":{"name":"Bahr el Jebel","scalerank":1},"geometry":{"type":"LineString","coordinates":[[32.0159,3.6136],[31.9403,3.6961],[31.9231,3.7271],[31.8652,3.7991],[31.7959,3.8557],[31.7485,3.909],[31.6826,3.9685],[31.5914,4.0804],[31.5457,4.2078],[31.522,4.2411],[31.522,4.2858],[31.5099,4.3429],[31.5083,4.3649],[31.5256,4.4209],[31.5326,4.4988],[31.5025,4.5809],[31.5328,4.6101],[31.563,4.6632],[31.593,4.6815],[31.5909,4.7662],[31.5971,4.8065],[31.6318,4.8754],[31.6437,4.9269],[31.7206,5.1058],[31.7329,5.1774],[31.7616,5.222],[31.7622,5.3484],[31.7485,5.4099],[31.7561,5.4407],[31.7888,5.4999],[31.7964,5.533],[31.7938,5.6131],[31.767,5.7588],[31.7535,5.7902],[31.7141,5.8394],[31.6655,5.9419],[31.6461,5.9374],[31.6283,5.958],[31.5847,6.0799],[31.5634,6.1096],[31.5414,6.1264],[31.522,6.1975],[31.498,6.2485],[31.4896,6.3063],[31.4749,6.3353],[31.4106,6.4118],[31.3991,6.4377],[31.3896,6.4988],[31.3447,6.5192],[31.3308,6.5544],[31.3179,6.6216],[31.2998,6.6337],[31.293,6.6605],[31.2618,6.6909],[31.2416,6.7401],[31.2118,6.7513],[31.1869,6.794],[31.1483,6.8297]]}},{"type":"Feature","properties":{"name":"Omo","scalerank":6},"geometry":{"type":"LineString","coordinates":[[37.0318,9.1514],[37.0429,9.1249],[37.0182,9.0657],[37.0304,9.0194],[37.0598,8.9869],[37.0893,8.9886],[37.1072,8.9826],[37.15,8.9279],[37.1709,8.9352],[37.177,8.9302],[37.1998,8.8616],[37.206,8.8121],[37.1996,8.7675],[37.1895,8.7535],[37.1448,8.7337],[37.1411,8.7091],[37.1455,8.7005],[37.169,8.6889],[37.1681,8.6595],[37.1744,8.6411],[37.2031,8.617],[37.2481,8.6064],[37.2993,8.5344],[37.3192,8.4934],[37.3511,8.4676],[37.3596,8.4338],[37.3856,8.3868],[37.4604,8.3222],[37.4888,8.2716],[37.5206,8.2539],[37.6045,8.2296],[37.5934,8.1315],[37.5922,8.0596],[37.6191,7.991],[37.6194,7.9755],[37.5938,7.8745],[37.5938,7.8067],[37.585,7.76],[37.5556,7.6968],[37.5336,7.6819],[37.5046,7.6182],[37.4661,7.5719],[37.4315,7.5051],[37.4048,7.4698],[37.3949,7.4041],[37.3524,7.3145],[37.3608,7.2737],[37.3692,7.2634],[37.4005,7.2379],[37.4255,7.2269],[37.4514,7.2022],[37.4707,7.1981],[37.5116,7.2191],[37.525,7.2168],[37.544,7.2017],[37.4912,7.1645],[37.4625,7.1291],[37.4475,7.0668],[37.4225,7.0104],[37.4192,6.9006],[37.405,6.8752],[37.3745,6.8629],[37.3263,6.8689],[37.3154,6.8466],[37.251,6.7769],[37.2334,6.6933],[37.2211,6.6759],[37.2,6.6705],[37.1411,6.6711],[37.1104,6.65],[37.0611,6.6503],[36.9977,6.609],[36.9843,6.6146],[36.9788,6.6258],[36.9656,6.6854],[36.9547,6.6991],[36.9397,6.7046],[36.8873,6.7092],[36.8673,6.6909],[36.8333,6.6773],[36.8024,6.6984],[36.7302,6.712],[36.6917,6.7112],[36.6622,6.6941],[36.5631,6.6063],[36.522,6.5583],[36.4795,6.5371],[36.4718,6.5255],[36.4521,6.5222],[36.3771,6.4831],[36.3202,6.4664],[36.295,6.4523],[36.2427,6.4049],[36.2162,6.4042],[36.1407,6.4393],[36.1098,6.4445],[36.0108,6.3415],[36.0278,6.3281],[36.0276,6.3048],[36.0165,6.2825],[35.9797,6.2643],[35.9727,6.2443],[35.9828,6.1975],[35.9558,6.1789],[35.9456,6.1639],[35.9569,6.1375],[35.9596,6.1088],[35.9809,6.1085],[35.9902,6.0951],[35.9828,6.0541],[36.004,6.0162],[36.0046,5.9945],[36.0002,5.9784],[35.9767,5.9579],[35.9673,5.8632],[35.9493,5.8207],[35.9567,5.7351],[35.9356,5.65],[35.9356,5.5812],[35.9009,5.5401],[35.8954,5.5228],[35.918,5.4334],[35.9016,5.4099],[35.9356,5.3819],[35.9431,5.3341],[35.9767,5.3484],[35.9728,5.3624],[35.981,5.37],[36.0286,5.3769],[36.0381,5.3546],[36.0722,5.3751],[36.093,5.38],[36.1063,5.3751],[36.1169,5.3908],[36.1128,5.4349],[36.135,5.4514],[36.1245,5.4642],[36.1098,5.4583],[36.1013,5.4617],[36.12,5.5059],[36.1348,5.5164],[36.1491,5.5171],[36.1548,5.5054],[36.1485,5.4989],[36.127,5.4974],[36.127,5.4849],[36.161,5.4781],[36.1587,5.464],[36.1784,5.4521],[36.1821,5.4365],[36.2115,5.4578],[36.2162,5.4545],[36.21,5.403],[36.1753,5.3719],[36.1796,5.358],[36.1983,5.3379],[36.2025,5.3236],[36.1965,5.3068],[36.161,5.3074],[36.1617,5.2977],[36.178,5.2766],[36.1821,5.2385],[36.2025,5.2181],[36.1758,5.1973],[36.1821,5.1833],[36.1642,5.184],[36.1475,5.1678],[36.1306,5.1634],[36.0764,5.1832],[36.0586,5.1771],[36.0616,5.1526],[36.0723,5.1491],[36.0703,5.1277],[36.0865,5.1287],[36.0824,5.117],[36.071,5.1135],[36.0449,5.1225],[36.0504,5.0861],[36.0278,5.069],[36.032,5.0462],[36.0449,5.0598],[36.0654,5.0393],[36.0449,5.0157],[36.05,4.991],[36.0654,4.9779],[36.0676,5.0093],[36.0769,5.013],[36.0859,4.9793],[36.0791,4.9716],[36.1063,4.9642],[36.0896,4.9503],[36.0816,4.93],[36.0791,4.8785],[36.0586,4.8754],[36.0559,4.848],[35.9864,4.7851],[35.9767,4.7618],[35.9732,4.7004],[35.9828,4.6837],[36.0108,4.6666],[36.0144,4.601],[36.0449,4.539]]}},{"type":"Feature","properties":{"name":"Akobo","scalerank":7},"geometry":{"type":"LineString","coordinates":[[35.8531,6.7393],[35.8363,6.7112],[35.7949,6.6788],[35.7412,6.6678],[35.7223,6.6533],[35.689,6.6463],[35.6477,6.6227],[35.6422,6.633],[35.6197,6.6363],[35.6066,6.6636],[35.572,6.7046],[35.5789,6.7313],[35.5635,6.7501],[35.5386,6.7564],[35.5173,6.7456],[35.4825,6.7492],[35.4005,6.7133],[35.3877,6.6711],[35.3638,6.6363],[35.3308,6.613],[35.3057,6.5817],[35.3129,6.5695],[35.3312,6.5581],[35.3228,6.5438],[35.2899,6.5366],[35.2778,6.5203],[35.23,6.5203],[35.2042,6.5096],[35.1815,6.5203],[35.178,6.5043],[35.1304,6.5066],[35.0922,6.4656],[35.0752,6.4673],[35.0481,6.4923],[34.9761,6.5066],[34.9363,6.5491],[34.8982,6.5589],[34.8632,6.6054],[34.8315,6.6154],[34.7741,6.6155],[34.7261,6.6421],[34.7141,6.6558],[34.7031,6.6851],[34.635,6.73],[34.5962,6.7393],[34.5534,6.7394],[34.5241,6.753],[34.5106,6.8145],[34.5241,6.8247],[34.5227,6.8444],[34.5032,6.8902],[34.4387,6.935],[34.297,6.9687],[34.2803,6.9803],[34.2703,7.0036],[34.1978,7.0645],[34.1953,7.1292],[34.1811,7.1674],[34.1674,7.1756],[34.1319,7.1636],[34.1127,7.1778],[34.0854,7.2117],[34.0331,7.2504],[34.0302,7.3489],[34.0233,7.3826],[34.006,7.4101],[33.8818,7.5362],[33.8521,7.5537],[33.811,7.5612],[33.7605,7.5983],[33.7154,7.6573],[33.6366,7.6915],[33.5718,7.6854],[33.5504,7.6915],[33.5162,7.7263],[33.4618,7.7496],[33.3927,7.7399],[33.3593,7.7194],[33.3467,7.7191],[33.2911,7.7332],[33.2334,7.7833],[33.164,7.8013],[33.1316,7.7941],[33.1204,7.7835],[33.0577,7.7982],[33.0508,7.8013],[33.0403,7.825],[33.0229,7.8353],[32.9893,7.9174]]}},{"type":"Feature","properties":{"name":"Bahr el Jebel","scalerank":1},"geometry":{"type":"LineString","coordinates":[[31.1248,9.4325],[31.004,9.4994],[30.9597,9.5145],[30.9385,9.5152],[30.8958,9.5002],[30.8162,9.5002],[30.7733,9.5048],[30.6456,9.535],[30.5048,9.5362],[30.4879,9.5281],[30.4567,9.4921],[30.4247,9.4829],[30.4048,9.4393],[30.3694,9.4035],[30.3545,9.3645],[30.3247,9.3477],[30.337,9.3226],[30.3621,9.3065],[30.3644,9.2264],[30.3512,9.2071],[30.3582,9.1998],[30.3188,9.1696],[30.2997,9.1079],[30.2613,9.0831],[30.2545,9.0552],[30.2346,9.0353],[30.2067,9.0284],[30.191,8.9904],[30.1931,8.9732],[30.2099,8.941],[30.2136,8.8981],[30.2346,8.8702],[30.2354,8.8181],[30.2408,8.8019],[30.2482,8.8087],[30.254,8.7938],[30.2499,8.7811],[30.2271,8.7603],[30.2427,8.7359],[30.2825,8.6988],[30.3033,8.6931],[30.3092,8.6852],[30.3096,8.6702],[30.2722,8.6076],[30.2688,8.5828],[30.275,8.5828],[30.275,8.5965],[30.2851,8.59],[30.275,8.5586],[30.2961,8.5242],[30.3303,8.5003],[30.3303,8.4791],[30.3507,8.4791],[30.3599,8.4602],[30.3481,8.4049],[30.3303,8.391],[30.3235,8.3637],[30.333,8.3538],[30.3438,8.3153],[30.3167,8.301],[30.3369,8.2682],[30.338,8.2529],[30.3201,8.2464],[30.3292,8.2181],[30.3129,8.2129],[30.3076,8.1917],[30.3108,8.1495],[30.3246,8.1184],[30.3507,8.1303],[30.3508,8.1121],[30.3843,8.116],[30.3911,8.1051],[30.3923,8.062],[30.4371,8.0024],[30.4259,7.9932],[30.4858,7.9228],[30.4962,7.8871],[30.5078,7.8737],[30.5078,7.8457],[30.5358,7.8242],[30.5221,7.815],[30.5221,7.8076],[30.5493,7.8013],[30.5283,7.7952],[30.5367,7.7806],[30.509,7.7423],[30.5014,7.6969],[30.5094,7.6784],[30.4941,7.6573],[30.5221,7.6301],[30.523,7.6],[30.5458,7.59],[30.5667,7.5564],[30.5654,7.5179],[30.54,7.5087],[30.5767,7.4724],[30.5767,7.4525],[30.601,7.4476],[30.6106,7.4158],[30.6418,7.3826],[30.6519,7.3625],[30.6565,7.3218],[30.6797,7.2874],[30.6865,7.2608],[30.7119,7.2171],[30.7166,7.1857],[30.7549,7.1434],[30.8027,7.1177],[30.8188,7.0728],[30.8462,7.0338],[30.9028,7.0165],[30.9706,6.9603],[31.0281,6.9291],[31.0634,6.9175],[31.0771,6.8759],[31.1074,6.8591],[31.1284,6.8374],[31.1483,6.8297]]}},{"type":"Feature","properties":{"name":"Bahr el  Zeraf","scalerank":6},"geometry":{"type":"LineString","coordinates":[[31.1391,9.4257],[31.1201,9.4196],[31.1137,9.4062],[31.1042,9.3434],[31.0696,9.3159],[31.0527,9.2885],[30.9597,9.2333],[30.9366,9.1964],[30.8958,9.1684],[30.898,9.1143],[30.892,9.0961],[30.8743,9.09],[30.8613,9.0657],[30.8505,9.0596],[30.8199,9.0585],[30.8083,9.0423],[30.7896,8.98],[30.8075,8.9487],[30.8394,8.9279],[30.849,8.9078],[30.8492,8.8865],[30.8374,8.8633],[30.8505,8.8333],[30.8508,8.8162],[30.8339,8.8087],[30.8237,8.7337],[30.7943,8.6861],[30.7617,8.5828],[30.7319,8.5673],[30.6895,8.5571],[30.6522,8.5372],[30.6382,8.4934],[30.6723,8.3693],[30.658,8.3432],[30.6448,8.2632],[30.6491,8.1185],[30.6321,8.1005],[30.6177,8.0416],[30.5937,7.9995],[30.5767,7.9038],[30.5715,7.8151],[30.5602,7.77],[30.5357,7.7672]]}},{"type":"Feature","properties":{"name":"Sobat","scalerank":7},"geometry":{"type":"MultiLineString","coordinates":[[[33.2009,8.4382],[33.2097,8.421],[33.1736,8.4047],[33.1606,8.3563],[33.1736,8.3432],[33.1606,8.3048],[33.1638,8.2929],[33.1853,8.2647],[33.2078,8.2539],[33.2063,8.2409],[33.1811,8.2259],[33.1694,8.2057],[33.1674,8.1815],[33.1873,8.1611],[33.1847,8.1412],[33.1642,8.1173],[33.1169,8.1043],[33.1001,8.0712],[33.0307,7.9965],[33.0211,7.9654],[32.9893,7.9174]],[[31.5362,9.3773],[31.5429,9.3647],[31.5767,9.3773],[31.5912,9.3708],[31.5968,9.3602],[31.592,9.3496],[31.5767,9.3431],[31.5913,9.3281],[31.6841,9.3107],[31.7066,9.2875],[31.7206,9.2817],[31.7383,9.3022],[31.7566,9.2947],[31.7786,9.301],[31.7861,9.3278],[31.8137,9.3226],[31.8251,9.3317],[31.8301,9.3652],[31.851,9.3636],[31.8877,9.3343],[32.0334,9.3022],[32.0706,9.2647],[32.0701,9.2469],[32.1252,9.2538],[32.1352,9.2381],[32.125,9.2107],[32.1568,9.2019],[32.1663,9.1718],[32.2004,9.1514],[32.194,9.1262],[32.2206,9.0987],[32.2385,9.0998],[32.265,9.1247],[32.2692,9.1135],[32.2815,9.1086],[32.3518,9.1104],[32.3687,9.0988],[32.3787,9.0682],[32.4062,9.0527],[32.4084,9.0315],[32.3974,8.9695],[32.4018,8.9497],[32.4146,8.9364],[32.4434,8.9296],[32.4542,8.9186],[32.4932,8.9255],[32.502,8.9186],[32.502,8.881],[32.5266,8.8633],[32.5611,8.8765],[32.5777,8.9043],[32.5917,8.8831],[32.6021,8.8324],[32.6718,8.8111],[32.6929,8.7979],[32.7196,8.7563],[32.7041,8.7368],[32.6962,8.7101],[32.6726,8.6797],[32.6733,8.6647],[32.6912,8.651],[32.7149,8.6579],[32.7392,8.6094],[32.7584,8.6152],[32.7664,8.6341],[32.8174,8.6238],[32.8311,8.6375],[32.8583,8.6199],[32.9203,8.6114],[32.9347,8.5617],[32.9477,8.5692],[32.965,8.6064],[32.9785,8.6151],[33.0325,8.6132],[33.0464,8.623],[33.0543,8.6216],[33.0758,8.6005],[33.085,8.5617],[33.1051,8.5727],[33.1129,8.5654],[33.1128,8.531],[33.1222,8.5074],[33.1603,8.4924],[33.147,8.4456],[33.2078,8.4382]]]}},{"type":"Feature","properties":{"name":"Abay","scalerank":3},"geometry":{"type":"LineString","coordinates":[[37.3867,11.634],[37.3888,11.5702],[37.3956,11.5498],[37.4163,11.5479],[37.4459,11.5333],[37.4731,11.5342],[37.5015,11.5179],[37.6146,11.4882],[37.655,11.4367],[37.6626,11.4076],[37.6811,11.3786],[37.7436,11.3128],[37.7858,11.2759],[37.8169,11.2692],[37.8402,11.2567],[37.8713,11.2241],[37.9115,11.2188],[37.9301,11.2071],[37.9753,11.2072],[38.0232,11.1798],[38.1047,11.1596],[38.1319,11.1661],[38.1969,11.1518],[38.2187,11.1653],[38.2954,11.1505],[38.3271,11.132],[38.3756,11.0904],[38.4343,11.0898],[38.4818,11.0258],[38.4889,11.0135],[38.496,10.9487],[38.519,10.9058],[38.5054,10.8309],[38.5244,10.7915],[38.5259,10.7757],[38.5122,10.7477],[38.5111,10.6806],[38.4753,10.624],[38.4713,10.6075],[38.4706,10.514],[38.4889,10.4771],[38.4793,10.449],[38.4893,10.3862],[38.4979,10.371],[38.4829,10.3538],[38.4563,10.2459],[38.4501,10.2344],[38.4264,10.2178],[38.4351,10.1726],[38.4187,10.1421],[38.371,10.1269],[38.3115,10.1343],[38.2462,10.1165],[38.2345,10.107],[38.2253,10.0852],[38.1923,10.0554],[38.123,10.0356],[37.9812,9.9696],[37.9348,9.937],[37.8976,9.9304],[37.8669,9.8986],[37.796,9.8594],[37.7621,9.8618],[37.7188,9.8437],[37.7029,9.8428],[37.6093,9.9119],[37.5454,9.9962],[37.5313,10.0067],[37.4359,10.0484],[37.3677,10.0626],[37.3528,10.0571],[37.3443,10.0299],[37.3335,10.0184],[37.3147,10.0218],[37.3031,10.0393],[37.2975,10.0845],[37.2892,10.0946],[37.2568,10.1061],[37.2195,10.1049],[37.186,10.1345],[37.1729,10.1683],[37.1996,10.2271],[37.1963,10.2543],[37.1811,10.2615],[37.1138,10.2617],[37.0754,10.2794],[37.0461,10.3028],[36.9021,10.33],[36.8409,10.3489],[36.7838,10.3544],[36.7567,10.3767],[36.7145,10.3696],[36.5543,10.3793],[36.5344,10.3867],[36.5209,10.406],[36.5221,10.4583],[36.5117,10.4728],[36.5004,10.4772],[36.4327,10.4464],[36.427,10.389],[36.3933,10.3738],[36.3734,10.3534],[36.3414,10.2952],[36.3384,10.2328],[36.3136,10.2076],[36.2828,10.161],[36.2266,10.1372],[36.1386,10.152],[36.0913,10.1365],[36.0449,10.1504],[36.015,10.1326],[35.9957,10.1396],[35.9794,10.1376],[35.9636,10.1312],[35.9287,10.0935],[35.9112,10.0449],[35.8897,10.0311],[35.84,10.0216],[35.819,10.0261],[35.7959,10.0447],[35.7475,10.0548],[35.7276,10.0489],[35.7239,10.0284],[35.7368,9.9844],[35.7202,9.9726],[35.6704,9.9632],[35.6405,10.0066],[35.59,10.0327],[35.506,10.0899],[35.4958,10.107],[35.4417,10.1308],[35.4081,10.1103],[35.3672,10.1308],[35.3508,10.1491]]}},{"type":"Feature","properties":{"name":"Abay","scalerank":3},"geometry":{"type":"LineString","coordinates":[[37.179,11.0358],[37.1624,11.0432],[37.1347,11.0761],[37.0989,11.0927],[37.0733,11.1518],[37.0457,11.1904],[37.024,11.2001],[36.9977,11.1928],[36.9945,11.2137],[36.9696,11.2439],[36.9635,11.2654],[36.9762,11.2974],[36.9731,11.3255],[36.984,11.3436],[37.0182,11.3715],[37.0102,11.4049],[37.0171,11.4324],[36.9985,11.476],[36.9977,11.4945],[37.0182,11.5156],[37.0244,11.5405],[37.0435,11.5507],[37.0733,11.5981],[37.0588,11.6251],[37.0614,11.6347],[37.0898,11.6385],[37.1098,11.6483],[37.1206,11.663],[37.1222,11.678],[37.1622,11.7216],[37.1881,11.7126],[37.2022,11.7215],[37.1895,11.7347],[37.1752,11.7694],[37.1624,11.7789],[37.142,11.7827],[37.1155,11.8091],[37.113,11.855]]}},{"type":"Feature","properties":{"name":"El Bahr el Abyad","scalerank":1},"geometry":{"type":"LineString","coordinates":[[31.1248,9.4325],[31.3491,9.38],[31.3661,9.3595],[31.4049,9.3455],[31.464,9.3489],[31.5097,9.3644],[31.584,9.4121],[31.6128,9.4483],[31.6318,9.4905],[31.6523,9.5179],[31.6318,9.5554],[31.6358,9.575],[31.6602,9.5991],[31.669,9.6201],[31.7048,9.6291],[31.7206,9.6585],[31.7396,9.6703],[31.8281,9.6843],[31.9205,9.7515],[31.9757,9.7675],[32.0254,9.8456],[32.0922,9.8891],[32.1252,9.9191],[32.1684,9.979],[32.1765,10.0076],[32.2122,10.0253],[32.2184,10.0345],[32.2466,10.1041],[32.2662,10.1198],[32.283,10.1854],[32.2441,10.2684],[32.2481,10.3232],[32.2351,10.3642],[32.2315,10.4296],[32.2209,10.4409],[32.2037,10.4453],[32.1333,10.4448],[32.1086,10.4514],[32.098,10.4703],[32.1007,10.5114],[32.1117,10.5491],[32.1358,10.5848],[32.2419,10.6801],[32.3008,10.7491],[32.3364,10.7796],[32.3723,10.7962],[32.4038,10.7945],[32.4253,10.8046],[32.5162,10.9335],[32.5587,10.9515],[32.5727,10.9672],[32.6255,10.9948],[32.6469,11.034],[32.6527,11.0714],[32.6529,11.2446],[32.6393,11.2856],[32.6409,11.3091],[32.6763,11.3959],[32.687,11.5019],[32.707,11.5749],[32.7612,11.6788],[32.7686,11.7284],[32.7659,11.7794],[32.7554,11.824],[32.7244,11.9087],[32.7222,11.9576],[32.7491,11.9953],[32.7285,12.1046],[32.7301,12.2023],[32.7212,12.2213],[32.7292,12.2922],[32.741,12.3274],[32.7675,12.368],[32.7787,12.4404],[32.7969,12.4956],[32.8036,12.567],[32.7554,12.77],[32.7698,12.8503],[32.7522,12.9068],[32.7556,12.9309],[32.8105,13.0164],[32.8101,13.0367],[32.7832,13.071],[32.7744,13.1224],[32.7485,13.1672],[32.718,13.1771],[32.6287,13.2496],[32.6133,13.2781],[32.605,13.3133],[32.5766,13.357],[32.5708,13.3936],[32.5777,13.4683],[32.614,13.5695],[32.6194,13.6054],[32.6125,13.6264],[32.5606,13.6365],[32.5095,13.6737],[32.4753,13.7221],[32.4717,13.7941],[32.3843,13.8606],[32.358,13.8872],[32.3402,13.9164],[32.33,13.9476],[32.3213,14.0299],[32.2922,14.0883],[32.2761,14.1404],[32.2156,14.2214],[32.2006,14.2839],[32.1677,14.347],[32.1594,14.3794],[32.1624,14.4091],[32.2019,14.5315],[32.1799,14.6196],[32.1942,14.6878],[32.2085,14.7227],[32.2246,14.7468],[32.3047,14.8209],[32.3445,14.9002],[32.4108,14.9464],[32.4236,14.9622],[32.4281,14.9879],[32.4202,15.0789],[32.4367,15.1455],[32.4834,15.2747],[32.489,15.3461],[32.4825,15.3819],[32.4541,15.4435],[32.4475,15.4761],[32.4901,15.6345]]}},{"type":"Feature","properties":{"name":"El Bahr el Azraq","scalerank":3},"geometry":{"type":"MultiLineString","coordinates":[[[35.3508,10.1491],[35.3164,10.2039],[35.3119,10.2481],[35.3296,10.3085],[35.3087,10.366],[35.2866,10.4043],[35.2904,10.4548],[35.2739,10.4985],[35.2515,10.5236],[35.2097,10.5364],[35.1831,10.5605],[35.1475,10.5728],[35.1348,10.617],[35.1355,10.6366],[35.1475,10.6584],[35.1475,10.6993],[35.1656,10.7257],[35.1815,10.7788],[35.1747,10.8235],[35.2008,10.8933],[35.1982,10.9427],[35.166,11.0034],[35.1657,11.0491],[35.1847,11.0642],[35.1938,11.0853],[35.193,11.1083],[35.182,11.1293],[35.1628,11.1434],[35.0992,11.1752],[35.065,11.2335],[35.0346,11.2407],[34.9329,11.2445],[34.8967,11.2609],[34.8796,11.2481],[34.8259,11.2555],[34.8117,11.26],[34.7776,11.2965]],[[34.3796,11.7831],[34.3623,11.9527],[34.3168,12.0615],[34.3054,12.1366],[34.3058,12.1543],[34.3489,12.2247],[34.3381,12.243],[34.3523,12.2964],[34.3523,12.3653],[34.3305,12.393],[34.2841,12.4205],[34.2605,12.4578],[34.2437,12.4673],[34.1877,12.4745],[34.1475,12.5155],[34.1439,12.5375],[34.1513,12.5521],[34.1782,12.5742],[34.186,12.5907],[34.1806,12.606],[34.1375,12.6535],[34.14,12.7043],[34.1333,12.7563],[34.1426,12.7748],[34.1266,12.7962],[34.1104,12.8015],[34.0648,12.8364],[34.0395,12.8929],[33.9916,12.8654],[33.9961,12.8861],[34.0212,12.9282],[34.0134,12.9447],[33.9785,12.9717],[33.9756,12.9922],[33.9893,13.012],[33.9858,13.0198],[33.9551,13.0369],[33.9429,13.0707],[33.9763,13.1231],[33.9722,13.1601],[33.9609,13.1644],[33.9278,13.1605],[33.9209,13.1703],[33.9274,13.1877],[33.9533,13.2105],[33.9507,13.2369],[33.934,13.2429],[33.9136,13.2696],[33.8794,13.2764],[33.8695,13.3212],[33.8582,13.323],[33.8362,13.3031],[33.8213,13.3075],[33.791,13.3309],[33.777,13.3332],[33.7153,13.3225],[33.7019,13.3385],[33.7019,13.372],[33.6619,13.4185],[33.6746,13.4546],[33.6731,13.4725],[33.6541,13.5229],[33.6261,13.5446],[33.6261,13.5781],[33.5701,13.594],[33.5933,13.6497],[33.6021,13.6638],[33.6188,13.6728],[33.6191,13.6939],[33.6056,13.7221],[33.5615,13.7242],[33.5504,13.7358],[33.551,13.7513],[33.5665,13.7568],[33.6056,13.7556],[33.6227,13.7611],[33.6249,13.773],[33.6158,13.785],[33.5604,13.7992],[33.5474,13.812],[33.5442,13.832],[33.5515,13.8491],[33.5987,13.8518],[33.6099,13.8625],[33.6199,13.9136],[33.6145,13.9309],[33.5906,13.9478],[33.5852,13.9623],[33.6311,13.9771],[33.6404,13.9965],[33.6124,14.0374],[33.6523,14.061],[33.6603,14.0784],[33.6603,14.1125],[33.6808,14.1404],[33.6812,14.1582],[33.6466,14.1814],[33.6404,14.2087],[33.6098,14.2108],[33.6089,14.2359],[33.6261,14.2767],[33.621,14.2907],[33.5489,14.3503],[33.5442,14.3592],[33.55,14.4169],[33.5442,14.4346],[33.5146,14.4205],[33.5042,14.4346],[33.4963,14.4831],[33.4594,14.4998],[33.4527,14.5347],[33.4274,14.565],[33.3723,14.6606],[33.3538,14.7274],[33.3384,14.7505],[33.3176,14.7295],[33.3066,14.743],[33.304,14.791],[33.2772,14.804],[33.2491,14.8786],[33.2218,14.902],[33.2158,14.9169],[33.2146,14.9827],[33.2214,15.0175],[33.1841,15.0653],[33.1774,15.1175],[33.1671,15.1339],[33.1128,15.1745],[33.085,15.2298],[33.0386,15.2496],[33.0028,15.2858],[32.8931,15.3049],[32.8378,15.3396],[32.7883,15.3572],[32.7422,15.4098],[32.7108,15.4225],[32.7007,15.4761],[32.6768,15.5037],[32.6201,15.5458],[32.5982,15.573],[32.5751,15.6185],[32.5574,15.627],[32.5284,15.6202],[32.4889,15.6326]]]}},{"type":"Feature","properties":{"name":"Setit","scalerank":6},"geometry":{"type":"LineString","coordinates":[[37.8167,13.8753],[37.7891,13.8798],[37.7639,13.8716],[37.7258,13.9031],[37.7104,13.9002],[37.6742,13.9112],[37.6605,13.9215],[37.6514,13.954],[37.6159,13.9985],[37.6079,14.0436],[37.5942,14.0542],[37.5789,14.0967],[37.5532,14.1057],[37.5249,14.129],[37.516,14.1807],[37.475,14.1998],[37.4521,14.2608],[37.3972,14.3019],[37.3896,14.3583],[37.3365,14.4266],[37.2932,14.4576],[37.2578,14.4483],[37.1838,14.4497],[37.1491,14.4421],[37.1206,14.421],[37.1054,14.3994],[37.0829,14.2979],[37.0598,14.277],[37.0256,14.277],[37.0051,14.2634],[36.9783,14.2713],[36.9465,14.305],[36.8481,14.3279],[36.7476,14.3322],[36.7131,14.3179],[36.648,14.3148],[36.6171,14.3007],[36.5652,14.2931],[36.5526,14.2829],[36.5452,14.2634],[36.526,14.2637],[36.4906,14.236],[36.4148,14.2429],[36.3984,14.2493],[36.3615,14.2799],[36.3192,14.2975],[36.288,14.2976],[36.1685,14.2429],[36.1479,14.2224],[36.0378,14.221],[36.0172,14.2237],[35.9623,14.26],[35.9346,14.2684],[35.912,14.2966],[35.9031,14.326],[35.86,14.349],[35.8542,14.36],[35.8821,14.3903],[35.8818,14.4222],[35.8984,14.4691],[35.8976,14.4852],[35.881,14.5142],[35.9049,14.5551],[35.8954,14.6196]]}},{"type":"Feature","properties":{"name":"Atbara","scalerank":6},"geometry":{"type":"MultiLineString","coordinates":[[[35.9016,14.9356],[35.9205,14.9644],[35.9841,14.9694],[35.9965,15.0032],[35.9922,15.0186],[35.9564,15.0997],[35.9356,15.1273],[35.8932,15.1564],[35.8818,15.1841],[35.8435,15.2087],[35.8189,15.2707],[35.7711,15.3192],[35.7625,15.3475],[35.7637,15.406],[35.747,15.4321],[35.7104,15.4631],[35.7159,15.4904],[35.675,15.5314],[35.6218,15.6196],[35.6167,15.6375],[35.6261,15.6662],[35.6231,15.7037],[35.5951,15.83],[35.5796,15.8585],[35.5999,15.8714],[35.6066,15.8843],[35.5992,15.9212],[35.6135,15.9559],[35.5872,15.9869],[35.5857,16.0037]],[[33.9848,17.666],[34.0161,17.6622],[34.1684,17.5855],[34.2037,17.5333],[34.2073,17.5174],[34.2014,17.4678],[34.2159,17.4361],[34.2472,17.4088],[34.5268,17.2608],[34.6068,17.2539],[34.6547,17.2277],[34.7329,17.1462],[34.7781,17.1133],[34.8351,17.0828],[34.921,17.0628],[34.9407,17.0483],[34.9546,17.0267],[34.9543,16.9597],[34.9599,16.9343],[35.0053,16.8828],[35.0701,16.7725],[35.1619,16.6731],[35.1991,16.6116],[35.2662,16.5312],[35.2729,16.51],[35.2649,16.4506],[35.2753,16.4167],[35.3803,16.2703],[35.4507,16.2305],[35.4644,16.2084],[35.5059,16.0952],[35.5834,16.0]]]}},{"type":"Feature","properties":{"name":"Nile","scalerank":1},"geometry":{"type":"MultiLineString","coordinates":[[[33.6933,18.4898],[33.6931,18.489]],[[33.6931,18.489],[33.6869,18.4656],[33.6953,18.4435],[33.7741,18.375],[33.7905,18.3524]],[[32.4901,15.6345],[32.5303,15.7811],[32.5185,15.8443],[32.5499,15.8828],[32.5503,15.9191],[32.5369,15.9901],[32.5403,16.1378],[32.5505,16.1757],[32.5815,16.2058],[32.6079,16.251],[32.6255,16.2638],[32.6671,16.2736],[32.6814,16.2829],[32.6896,16.3266],[32.6973,16.3358],[32.7285,16.3464],[32.7299,16.3716],[32.7418,16.3861],[32.7798,16.4119],[32.7936,16.439],[32.8311,16.4631],[32.8625,16.499],[32.9739,16.5447],[32.9952,16.5479],[33.0283,16.5314],[33.0688,16.5231],[33.1267,16.535],[33.2786,16.6596],[33.392,16.6864],[33.4548,16.7169],[33.4972,16.7469],[33.5987,16.7647],[33.6238,16.7902],[33.6808,16.8951],[33.7295,16.9636],[33.7417,17.0039],[33.7354,17.0459],[33.706,17.0868],[33.7019,17.1039],[33.7069,17.1297],[33.749,17.1824],[33.7528,17.2935],[33.7786,17.3312],[33.8523,17.4058],[33.8723,17.4419],[33.9023,17.5565],[33.9398,17.5742],[33.9746,17.6135],[33.9836,17.657],[33.9756,17.7206],[33.9893,17.8062],[33.974,18.0236],[33.928,18.2647],[33.8972,18.3171],[33.8175,18.3181],[33.7916,18.3511],[33.7511,18.4624],[33.7428,18.471],[33.6985,18.4809],[33.6931,18.489]],[[33.6931,18.489],[33.6851,18.5009],[33.6838,18.5217],[33.7014,18.5943],[33.7,18.6534],[33.6882,18.691],[33.6603,18.7242],[33.6249,18.7273],[33.615,18.7382],[33.5702,18.7415],[33.5596,18.76],[33.5647,18.8074],[33.5504,18.8447],[33.5531,18.9067],[33.5798,18.9766],[33.5771,19.1414],[33.5616,19.179],[33.5339,19.207],[33.4248,19.2691],[33.4184,19.3094],[33.3915,19.3559],[33.3796,19.4232],[33.3506,19.4437],[33.2843,19.4762],[33.0577,19.5292],[33.0166,19.5161],[32.9993,19.5023],[32.9696,19.4612],[32.9409,19.4641],[32.8987,19.4555],[32.8695,19.4361],[32.7969,19.3343],[32.7739,19.3416],[32.745,19.3043],[32.7208,19.2854],[32.6831,19.1889],[32.6567,19.1651],[32.62,19.1525],[32.5254,19.1544],[32.5087,19.1475],[32.5,19.1014],[32.4753,19.0668],[32.4617,19.0327],[32.4167,19.002],[32.3834,18.9625],[32.358,18.9235],[32.353,18.8963],[32.3443,18.8893],[32.3204,18.8898],[32.3086,18.8939],[32.2945,18.913],[32.2735,18.9137],[32.192,18.8917],[32.0367,18.7848],[32.0297,18.7689],[32.0341,18.7481],[32.0639,18.7106],[32.0667,18.6613],[32.0465,18.6193],[32.0112,18.5885],[31.9683,18.5734],[31.9424,18.5728],[31.9198,18.5809],[31.8789,18.5672],[31.8037,18.4562],[31.7861,18.4104],[31.7782,18.3662],[31.7664,18.3506],[31.728,18.3276],[31.7037,18.3037],[31.6917,18.288],[31.6797,18.2515],[31.625,18.1966],[31.563,18.1082],[31.5288,18.0806],[31.4507,18.0442],[31.4078,18.0366],[31.3252,18.0426],[31.2073,17.9844],[31.1719,17.9993],[31.1146,18.0087],[31.044,18.0467],[30.9841,18.0465],[30.9615,18.0538],[30.926,18.1079],[30.8931,18.1304],[30.8075,18.1444],[30.769,18.1693],[30.7002,18.3276],[30.7145,18.4055],[30.7027,18.4675],[30.6824,18.4971],[30.624,18.5466],[30.5869,18.5935],[30.5767,18.6156],[30.5592,18.7092],[30.5357,18.7521],[30.5154,18.8233],[30.4916,18.8418],[30.4854,18.8605],[30.4668,18.9713],[30.4879,19.0498],[30.491,19.2221],[30.473,19.2799],[30.4779,19.3238],[30.49,19.3523],[30.4888,19.3706],[30.4719,19.4201],[30.4668,19.4783],[30.4556,19.5067],[30.4037,19.57],[30.3985,19.5842],[30.3985,19.6633],[30.3953,19.6817],[30.3712,19.7248],[30.3656,19.7727],[30.3507,19.7869],[30.3074,19.8068],[30.303,19.8275],[30.312,19.8672],[30.336,19.8817],[30.4048,19.8967],[30.46,19.9309],[30.5392,19.9309],[30.5654,19.943],[30.5872,19.9724],[30.601,20.0083],[30.604,20.0401],[30.5767,20.0947],[30.5624,20.1701],[30.5868,20.2722],[30.5474,20.3309],[30.5232,20.3473],[30.4531,20.3554],[30.402,20.3499],[30.3883,20.3619],[30.3582,20.4237],[30.3306,20.5231],[30.2988,20.582],[30.3062,20.6157],[30.3701,20.7172],[30.3712,20.7322],[30.3383,20.7695],[30.3489,20.8016],[30.3744,20.821],[30.4097,20.8146],[30.5426,20.8383],[30.567,20.8579],[30.5767,20.897],[30.5776,20.9749],[30.5979,20.997],[30.604,21.0276],[30.6992,21.0736],[30.7145,21.0925],[30.7052,21.1262],[30.679,21.173],[30.6934,21.2051],[30.7163,21.2264],[30.8091,21.2857],[30.8458,21.2848],[30.9059,21.3174],[30.9726,21.3809],[30.9874,21.3964],[30.9936,21.4132],[30.9619,21.4537],[30.98,21.4814],[31.0543,21.5384],[31.0906,21.6092]],[[32.8794,23.9877],[32.8727,24.0733],[32.8862,24.1262],[32.8705,24.199],[32.8727,24.231],[32.9067,24.303],[32.9072,24.4105],[32.9242,24.442],[32.8993,24.4532],[32.8778,24.4899],[32.8832,24.5299],[32.9204,24.6109],[32.934,24.6886],[32.9272,24.7691],[32.9142,24.8093],[32.8652,24.905],[32.8648,24.9276],[32.8813,24.9569],[32.8856,24.9777],[32.8821,25.015],[32.8572,25.0826],[32.8362,25.1049],[32.7412,25.1542],[32.6864,25.1953],[32.6162,25.2316],[32.5834,25.2534],[32.5596,25.2831],[32.5505,25.324],[32.5574,25.4022],[32.5537,25.4241],[32.4978,25.5087],[32.4828,25.5498],[32.4879,25.586],[32.5232,25.612],[32.5955,25.6364],[32.666,25.7581],[32.6821,25.7754],[32.7488,25.7893],[32.7644,25.8017],[32.7695,25.8237],[32.7625,25.8392],[32.7348,25.8657],[32.7285,25.882],[32.7316,25.9063],[32.7628,25.9471],[32.7858,26.0066],[32.7705,26.045],[32.7628,26.1116],[32.7316,26.1385],[32.6781,26.1598],[32.6491,26.1805],[32.6255,26.1737],[32.6057,26.1396],[32.5697,26.1339],[32.5522,26.1211],[32.4341,26.1116],[32.3746,26.0683],[32.3438,26.0838],[32.324,26.0843],[32.3072,26.0706],[32.2911,26.0365],[32.2659,26.0297],[32.2481,26.0357],[32.2351,26.0912],[32.2271,26.1024],[32.1967,26.1273],[32.1657,26.1426],[32.1321,26.2079],[32.1171,26.2183],[32.0604,26.2215],[32.053,26.1859],[32.0415,26.1699],[32.0161,26.1805],[32.0092,26.1977],[32.0181,26.2405],[32.0127,26.2587],[31.9639,26.3062],[31.8927,26.3507],[31.8774,26.381],[31.8242,26.4133],[31.8111,26.4512],[31.8083,26.5413],[31.7901,26.5642],[31.7758,26.5667],[31.7354,26.5449],[31.7039,26.5436],[31.6982,26.556],[31.7144,26.6256],[31.7026,26.6412],[31.6606,26.6377],[31.6356,26.6498],[31.6283,26.6907],[31.5971,26.715],[31.5233,26.7994],[31.4815,26.9068],[31.4679,26.9252],[31.3816,26.9919],[31.3528,27.0237],[31.3036,27.0986],[31.2974,27.1376],[31.2798,27.1579],[31.1985,27.1744],[31.1763,27.2153],[31.1638,27.2191],[31.1417,27.2066],[31.1145,27.2016],[31.1111,27.2699],[31.0354,27.2835],[30.995,27.3313],[30.9662,27.3468],[30.9631,27.3559],[30.9739,27.3723],[30.9073,27.4011],[30.8782,27.4208],[30.8489,27.4598],[30.8647,27.4995],[30.8502,27.5544],[30.8511,27.5777],[30.8789,27.65],[30.8994,27.6777],[30.8857,27.7224],[30.8857,27.8011],[30.8622,27.8155],[30.8442,27.8521],[30.8416,27.8705],[30.8511,27.9173],[30.8491,27.9739],[30.8374,28.0377],[30.8088,28.0714],[30.7617,28.1059],[30.7463,28.1332],[30.7421,28.1794],[30.7564,28.2075],[30.7379,28.2622],[30.7412,28.3223],[30.769,28.3803],[30.8169,28.4153],[30.8352,28.4478],[30.8362,28.4711],[30.8198,28.5076],[30.8326,28.5731],[30.8445,28.5976],[30.8374,28.6267],[30.8667,28.6696],[30.8736,28.7081],[30.9073,28.76],[30.9101,28.8297],[30.9397,28.8737],[31.0105,28.942],[31.0292,28.9693],[31.053,29.0288],[31.1179,29.0723],[31.1594,29.1231],[31.2209,29.2331],[31.212,29.3482],[31.2278,29.3939],[31.2135,29.4286],[31.2441,29.4732],[31.2618,29.5317],[31.2803,29.5472],[31.283,29.559],[31.2687,29.5999],[31.2704,29.6252],[31.2772,29.6445],[31.3036,29.6688],[31.2804,29.6966],[31.2687,29.7334],[31.2725,29.7542],[31.2968,29.8054],[31.2887,29.885],[31.2618,29.9488],[31.2253,29.9894],[31.2209,30.0078],[31.2369,30.1238]]]}},{"type":"Feature","properties":{"name":"Shatt al-Arab","scalerank":3},"geometry":{"type":"LineString","coordinates":[[48.5318,29.9612],[48.4926,29.9719],[48.4525,30.0017],[48.4236,30.0839],[48.3951,30.1154],[48.3806,30.1456],[48.3828,30.1567],[48.4077,30.1811],[48.4083,30.2026],[48.3965,30.2212],[48.3256,30.2837],[48.3053,30.3131],[48.2838,30.3235],[48.2226,30.3183],[48.1997,30.3241],[48.1873,30.341],[48.17,30.4069],[48.1572,30.4265],[48.1301,30.4477],[47.8976,30.4785],[47.8743,30.4876],[47.8214,30.5498],[47.77,30.5701],[47.7556,30.5853],[47.7495,30.6065],[47.7468,30.6907],[47.7417,30.7188],[47.7288,30.7438],[47.6665,30.7597],[47.6195,30.7849],[47.5371,30.8718],[47.4685,30.9685]]}},{"type":"Feature","properties":{"name":"Atshan","scalerank":7},"geometry":{"type":"LineString","coordinates":[[45.2349,31.3267],[45.1987,31.3168],[45.1895,31.3051],[45.1864,31.2817],[45.1781,31.284],[45.1384,31.3161],[45.125,31.3062],[45.0688,31.3226],[45.0504,31.3323],[45.0336,31.3614],[45.0125,31.3692],[44.8531,31.4018],[44.824,31.457],[44.7861,31.4639]]}},{"type":"Feature","properties":{"name":"Gharraf Canal","scalerank":4},"geometry":{"type":"LineString","coordinates":[[46.3662,30.9636],[46.4,31.0167],[46.3993,31.0319],[46.3711,31.0393],[46.3661,31.0554],[46.3931,31.0734],[46.4097,31.0995],[46.4203,31.1349],[46.4185,31.1619],[46.3852,31.1695],[46.3651,31.1833],[46.3704,31.2027],[46.3462,31.2438],[46.2896,31.2627],[46.228,31.3226],[46.1887,31.3884],[46.1536,31.4833],[46.1293,31.5018],[46.0903,31.8228],[46.0759,31.863],[46.0498,31.8884],[45.9919,31.8986],[45.956,31.9412],[45.9814,31.9983],[45.9617,32.0362],[46.0157,32.1491],[46.0113,32.1968],[45.9995,32.2163],[45.9576,32.2312],[45.9202,32.2862],[45.9308,32.3002],[45.9202,32.3378],[45.9405,32.3887],[45.9313,32.4069],[45.8723,32.4439],[45.8157,32.4555],[45.8053,32.4705],[45.8091,32.5022]]}},{"type":"Feature","properties":{"name":"Koukourou","scalerank":6},"geometry":{"type":"LineString","coordinates":[[20.9348,7.3426],[20.8761,7.2711],[20.7942,7.2318],[20.7335,7.2465],[20.6982,7.2468],[20.6865,7.241],[20.6748,7.2259],[20.6436,7.1378],[20.5717,7.0745],[20.5486,7.0649],[20.5215,7.0707],[20.4625,7.0267],[20.4448,7.0206],[20.4307,7.0218],[20.421,7.0336],[20.3831,7.0301],[20.3718,7.0358],[20.349,7.0199],[20.3123,7.0376],[20.24,7.0336],[20.2229,7.0568],[20.1677,7.0745],[20.1603,7.0956],[20.1404,7.0956],[20.1223,7.1196],[20.0759,7.1389],[20.0051,7.2058],[19.9207,7.2465],[19.9044,7.2779],[19.8852,7.3533],[19.8661,7.3762],[19.8518,7.3625],[19.84,7.3712],[19.8108,7.4041],[19.8022,7.4379],[19.7808,7.4308],[19.7632,7.4475],[19.7578,7.5095],[19.7363,7.5071],[19.7305,7.517],[19.7329,7.5377]]}},{"type":"Feature","properties":{"name":"Bamingui","scalerank":6},"geometry":{"type":"LineString","coordinates":[[19.7329,7.5377],[19.729,7.5475],[19.6933,7.5589],[19.6819,7.5497],[19.6396,7.5612],[19.6265,7.5755],[19.6142,7.5697],[19.5985,7.5743],[19.5917,7.568],[19.5767,7.5855],[19.5985,7.6505],[19.5929,7.6572],[19.5679,7.6605],[19.5659,7.6697],[19.5917,7.6989],[19.5532,7.6946],[19.4993,7.7399],[19.4735,7.7263],[19.4614,7.7263],[19.4347,7.7604],[19.4329,7.7374],[19.4192,7.7412],[19.3864,7.774],[19.3726,7.7467],[19.3568,7.756],[19.3212,7.8045],[19.3205,7.8134],[19.3516,7.8423],[19.328,7.8645],[19.3203,7.882],[19.3513,7.8977],[19.3496,7.9147],[19.3317,7.9447],[19.3516,7.9643],[19.3447,8.0211],[19.3794,8.0484],[19.3596,8.0516],[19.3542,8.0635],[19.3589,8.1303],[19.3455,8.1385],[19.3385,8.1713],[19.2651,8.2374],[19.2502,8.2589],[19.249,8.2744],[19.2348,8.2781],[19.249,8.301],[19.2321,8.3116],[19.2261,8.337],[19.2065,8.3616],[19.1535,8.4047],[19.1057,8.4866],[19.0897,8.5611],[19.0642,8.5828],[19.0639,8.5988],[19.091,8.653],[19.1237,8.6752],[19.1034,8.6982],[19.0574,8.7299],[19.0481,8.7459],[18.9167,8.8053],[18.9025,8.845],[18.886,8.8361]]}},{"type":"Feature","properties":{"name":"Hindiyah Channel","scalerank":7},"geometry":{"type":"LineString","coordinates":[[44.5632,31.6147],[44.5668,31.7128],[44.6109,31.7618],[44.5974,31.8099],[44.5989,31.8229],[44.6111,31.8406],[44.6314,31.8549],[44.6111,31.8679],[44.6013,31.8833],[44.5837,31.9331],[44.5889,31.9652],[44.5837,31.9778],[44.5497,32.0057],[44.5395,32.0207],[44.531,32.0531],[44.4973,32.0791],[44.433,32.1007],[44.385,32.1417],[44.3588,32.2104],[44.3539,32.241]]}},{"type":"Feature","properties":{"name":"Shatt al Hillah","scalerank":7},"geometry":{"type":"LineString","coordinates":[[45.207,31.3881],[45.2237,31.3953],[45.2622,31.3813],[45.2792,31.3829],[45.3168,31.4024],[45.2982,31.4567],[45.2747,31.4864],[45.1802,31.5458],[45.1147,31.6146],[45.088,31.6252],[45.0703,31.6556],[45.0362,31.6693],[44.994,31.7147],[44.9879,31.7274],[44.9841,31.7888],[44.9407,31.849],[44.9434,31.8645],[44.981,31.9294],[44.9719,31.9715],[44.953,31.9778],[44.8961,32.0302],[44.8257,32.0571],[44.8097,32.07],[44.8242,32.1522],[44.8054,32.2611],[44.8171,32.2788],[44.783,32.2999],[44.7379,32.3645],[44.7343,32.3994],[44.7278,32.4098],[44.7152,32.4139],[44.6867,32.3955],[44.666,32.3944],[44.5291,32.4098],[44.4887,32.4274],[44.4586,32.4521],[44.438,32.4846],[44.4014,32.6132],[44.3708,32.6016],[44.3374,32.6282],[44.3481,32.6432],[44.3296,32.6636],[44.3159,32.6939],[44.2685,32.7313]]}},{"type":"Feature","properties":{"name":"Helmand","scalerank":6},"geometry":{"type":"LineString","coordinates":[[64.0,30.6085],[63.9697,30.5664],[63.9114,30.535],[63.8867,30.5289],[63.8476,30.531],[63.7751,30.549],[63.6754,30.5636],[63.6065,30.5869],[63.5884,30.5837],[63.5353,30.5651],[63.5151,30.5427],[63.4154,30.5057],[63.3012,30.4282],[63.2709,30.402],[63.2553,30.3739],[63.189,30.3603],[63.1343,30.3007],[63.0626,30.2617],[63.0381,30.2579],[62.9965,30.2715],[62.959,30.2579],[62.873,30.2579],[62.5588,30.1685],[62.4745,30.165],[62.428,30.17],[62.2157,30.2299],[62.099,30.2831],[62.0519,30.2914],[61.9966,30.2914],[61.969,30.3039],[61.9324,30.3088],[61.8545,30.3574],[61.8115,30.4322],[61.8321,30.5595],[61.8184,30.6793],[61.8247,30.734],[61.7905,30.7718],[61.7979,30.7786],[61.7837,30.8128],[61.8041,30.8333],[61.7979,30.8537],[61.8019,30.8788],[61.8079,30.8817],[61.8041,30.95],[61.7734,30.994],[61.6907,31.038],[61.667,31.066],[61.6368,31.1177],[61.6041,31.2044]]}},{"type":"Feature","properties":{"name":"Euphrates","scalerank":3},"geometry":{"type":"MultiLineString","coordinates":[[[45.4669,31.3052],[45.4403,31.2988],[45.3364,31.3255],[45.269,31.3335],[45.2376,31.3277]],[[45.2376,31.3277],[45.2349,31.3267],[45.2378,31.3273],[45.2376,31.3277]],[[45.2376,31.3277],[45.2003,31.4018],[45.1325,31.428],[45.0459,31.4161],[44.9879,31.4434],[44.953,31.4291],[44.935,31.4307],[44.9058,31.4457],[44.8518,31.4912],[44.8154,31.486],[44.7892,31.4639],[44.7766,31.4681],[44.7585,31.4912],[44.6793,31.5253],[44.6487,31.5629],[44.6269,31.5774],[44.6246,31.5904],[44.614,31.6001],[44.5497,31.6209],[44.4942,31.6592],[44.4742,31.7045],[44.479,31.7268],[44.5012,31.7451],[44.5042,31.7659],[44.4875,31.8164],[44.4778,31.9357],[44.4583,31.9637],[44.4467,32.0019],[44.3982,32.0529],[44.3881,32.0885],[44.3572,32.118],[44.3435,32.2037],[44.3543,32.2746],[44.3336,32.2958],[44.3163,32.3546],[44.288,32.4101],[44.3024,32.4465],[44.2954,32.4666],[44.2392,32.5363],[44.2226,32.5703],[44.2203,32.6077],[44.2556,32.7162],[44.265,32.7245],[44.2788,32.7852],[44.2896,32.7996],[44.253,32.8795],[44.2149,32.8886],[44.2021,32.9256],[44.1753,32.9343],[44.1784,32.9863],[44.1586,33.0323],[44.1464,33.0258],[44.1384,33.0308],[44.1245,33.0541],[44.0972,33.0808],[44.1108,33.0808],[44.1021,33.0894],[44.0754,33.0994],[44.0591,33.1212],[44.0356,33.1292],[44.0479,33.1392],[44.0698,33.136],[44.0698,33.1422],[43.9889,33.1695],[43.9719,33.1674],[43.9562,33.1558],[43.9363,33.1685],[43.9068,33.2122],[43.878,33.2049],[43.8879,33.1923],[43.879,33.1818],[43.8609,33.1828],[43.8433,33.2049],[43.8367,33.2607],[43.8159,33.2657],[43.8159,33.2521],[43.8085,33.2521],[43.7853,33.3036],[43.7613,33.3005],[43.7545,33.3489],[43.7411,33.3515],[43.7346,33.3346],[43.7271,33.3346],[43.6935,33.3721],[43.6446,33.3967],[43.641,33.3792],[43.6305,33.3735],[43.6077,33.3756],[43.6066,33.388],[43.5839,33.4035],[43.5753,33.3976],[43.5664,33.4008],[43.5553,33.4234],[43.5271,33.4051],[43.4949,33.404],[43.4839,33.407],[43.4805,33.4151],[43.4869,33.4309],[43.4807,33.4309],[43.4807,33.4234],[43.4443,33.428],[43.4367,33.4505],[43.415,33.4445],[43.3982,33.4575],[43.3845,33.4513],[43.3566,33.4718],[43.308,33.449],[43.2847,33.4445],[43.2646,33.4492],[43.1688,33.519],[43.1188,33.537],[43.0972,33.5333],[43.0657,33.4938],[43.011,33.5326],[42.9906,33.5361],[42.9737,33.5264],[42.9321,33.5299],[42.9268,33.5482],[42.8875,33.5782],[42.8639,33.6226],[42.85,33.6358],[42.8018,33.6636],[42.7621,33.7045],[42.7472,33.6978],[42.7124,33.7182],[42.7475,33.7466],[42.7472,33.766],[42.7199,33.7909],[42.7192,33.807],[42.7528,33.8364],[42.7593,33.8535],[42.7334,33.8758],[42.6794,33.8956],[42.644,33.9017],[42.6167,33.8963],[42.5991,33.8566],[42.5826,33.848],[42.5517,33.8526],[42.5281,33.869],[42.5332,33.882],[42.5206,33.8963],[42.5425,33.9078],[42.5563,33.9257],[42.561,33.9477],[42.5559,33.9715],[42.5206,33.9994],[42.5056,34.0374],[42.4939,34.0472],[42.446,34.0124],[42.4246,34.017],[42.412,34.0329],[42.4045,34.0714],[42.371,34.0882],[42.37,34.0971],[42.384,34.116],[42.3821,34.182],[42.3875,34.1912],[42.3484,34.2029],[42.3152,34.2259],[42.3134,34.2446],[42.3251,34.2573],[42.3669,34.2669],[42.3779,34.2739],[42.3854,34.2901],[42.384,34.3209],[42.3499,34.3317],[42.3357,34.3496],[42.3117,34.355],[42.2969,34.347],[42.2827,34.3056],[42.2885,34.2874],[42.2776,34.2713],[42.2639,34.2668],[42.252,34.2736],[42.2493,34.3142],[42.2447,34.3149],[42.2295,34.3141],[42.1768,34.2873],[42.1445,34.2792],[42.1301,34.2973],[42.131,34.3248],[42.1252,34.3325],[42.0551,34.3693],[42.0304,34.3893],[41.9794,34.4512],[41.9868,34.4587],[41.9678,34.4717],[41.915,34.4671],[41.8974,34.4807],[41.842,34.4746],[41.7803,34.5216],[41.7739,34.5167],[41.7695,34.4918],[41.7134,34.4565],[41.6908,34.4539],[41.6113,34.4795],[41.5951,34.4792],[41.5836,34.4698],[41.5889,34.445],[41.5548,34.4376],[41.5274,34.4239],[41.5139,34.4376],[41.4648,34.4222],[41.4511,34.4282],[41.4381,34.4512],[41.4456,34.4587],[41.4244,34.4724],[41.4038,34.4598],[41.4292,34.4358],[41.4319,34.4239],[41.4155,34.4232],[41.3808,34.4461],[41.3697,34.4308],[41.3437,34.4468],[41.297,34.4568],[41.288,34.4512],[41.292,34.4311],[41.288,34.4239],[41.2677,34.4163],[41.2395,34.4512],[41.2239,34.4492],[41.1781,34.4239],[41.1781,34.4177],[41.219,34.4034],[41.219,34.396],[41.1612,34.3741],[41.1057,34.3693],[41.0061,34.4308],[40.9926,34.4285]],[[45.4631,31.3052],[45.4745,31.3074],[45.4932,31.2965],[45.532,31.2878],[45.5291,31.2516],[45.5496,31.2106],[45.5667,31.2032],[45.5783,31.2013],[45.5938,31.2138],[45.6168,31.2062],[45.6874,31.1622],[45.7064,31.1734],[45.7432,31.1764],[45.7907,31.1529],[45.8022,31.1624],[45.8608,31.1483],[45.8945,31.1287],[45.9958,31.1144],[46.0085,31.1258],[46.0405,31.1263],[46.1044,31.0719],[46.1686,31.0553],[46.252,31.0445],[46.2838,31.025],[46.3104,30.9971],[46.363,30.9654],[46.4271,30.95],[46.4674,30.9018],[46.5115,30.8837],[46.5361,30.8843],[46.5645,30.9022],[46.7482,30.9618],[46.9504,30.9598],[46.9721,30.9622],[47.009,30.9793],[47.1179,30.965],[47.2559,30.9704],[47.2974,30.95],[47.3209,30.9766],[47.4333,31.0164],[47.4532,31.015],[47.4685,30.9685]]]}},{"type":"Feature","properties":{"name":"Tigris","scalerank":4},"geometry":{"type":"MultiLineString","coordinates":[[[47.434,31.0188],[47.428,31.0349],[47.434,31.0831],[47.4209,31.107],[47.4557,31.1492],[47.4277,31.1696],[47.4265,31.1809],[47.4414,31.2168],[47.4412,31.2475],[47.4141,31.3236],[47.4352,31.3558],[47.434,31.3751],[47.4263,31.3867],[47.3756,31.4194],[47.3695,31.4301],[47.38,31.4639],[47.3745,31.4725],[47.336,31.5108],[47.2837,31.5315],[47.2422,31.5904],[47.2358,31.6094],[47.1943,31.6414],[47.1917,31.6755],[47.1833,31.6953],[47.1498,31.7114],[47.1397,31.7723],[47.1261,31.8099],[47.1397,31.844],[47.1348,31.8638],[47.0987,31.8959],[47.0237,31.8779],[47.0128,31.8631],[46.9656,31.8693],[46.8993,31.9486],[46.8628,32.0621],[46.8301,32.0794],[46.7891,32.0751],[46.7672,32.1041],[46.7195,32.1288],[46.7134,32.1686],[46.6919,32.2114],[46.7218,32.2573],[46.7061,32.3025],[46.7069,32.3182],[46.7161,32.333],[46.7476,32.3499],[46.7495,32.3582],[46.6731,32.4707],[46.6356,32.4925],[46.5554,32.5042],[46.4816,32.5294],[46.3983,32.5239],[46.3489,32.5283],[46.312,32.5502],[46.2338,32.5652],[46.2064,32.5834],[46.1765,32.6298],[46.1619,32.6409],[46.1406,32.6502],[46.1043,32.6546],[46.0528,32.6395],[46.0309,32.6222],[45.9647,32.6102],[45.9477,32.5955],[45.9252,32.5511],[45.9006,32.5557],[45.8639,32.5452],[45.8315,32.5125],[45.8121,32.5059],[45.8069,32.5109]],[[42.3766,37.0625],[42.3975,37.0171],[42.4146,36.9956],[42.4526,36.9655],[42.4705,36.9549],[42.488,36.9551],[42.5075,36.9731],[42.504,36.9217],[42.5206,36.9185],[42.5155,36.8873],[42.5349,36.8632],[42.5087,36.8618],[42.504,36.8514],[42.5147,36.8434],[42.5349,36.8496],[42.566,36.8366],[42.5829,36.8266],[42.5964,36.7961],[42.6124,36.7894],[42.6547,36.7888],[42.6693,36.7998],[42.6903,36.7996],[42.7472,36.754],[42.7812,36.7404],[42.7496,36.7275],[42.7472,36.7198],[42.754,36.7115],[42.7997,36.7264],[42.8296,36.7146],[42.8433,36.6926],[42.8611,36.7105],[42.8875,36.7124],[42.8921,36.7062],[42.8774,36.6715],[42.9055,36.6635],[42.9044,36.6467],[42.8865,36.6354],[42.8639,36.6441],[42.8312,36.6431],[42.8186,36.6172],[42.8223,36.6026],[42.796,36.5952],[42.7719,36.577],[42.754,36.5523],[42.7472,36.5247],[42.7511,36.5054],[42.7616,36.4986],[42.9355,36.4907],[42.98,36.47],[42.9685,36.4525],[42.9688,36.4334],[43.0007,36.4093],[43.0488,36.3909],[43.0616,36.3974],[43.1239,36.3977],[43.1171,36.3801],[43.145,36.3459],[43.1723,36.3289],[43.1859,36.2879],[43.1723,36.2879],[43.205,36.2384],[43.2279,36.223],[43.2373,36.2049],[43.2672,36.1854],[43.2747,36.165],[43.303,36.1414],[43.2945,36.1213],[43.2986,36.0816],[43.3362,36.0331],[43.3362,35.9937],[43.3459,35.9799],[43.3293,35.9185],[43.3346,35.911],[43.3566,35.9042],[43.3608,35.8807],[43.3496,35.8611],[43.3316,35.8528],[43.3157,35.8633],[43.3157,35.8076],[43.3091,35.7949]],[[43.3091,35.7949],[43.3088,35.7944],[43.3157,35.7944],[43.3091,35.7949]],[[43.3091,35.7949],[43.2904,35.7891],[43.2883,35.7354],[43.3225,35.7088],[43.3186,35.6943],[43.2809,35.6852],[43.2583,35.6556],[43.2413,35.6446],[43.2672,35.606],[43.2543,35.5759],[43.2415,35.5662],[43.2406,35.5542],[43.276,35.4715],[43.2672,35.4518],[43.2719,35.4426],[43.2694,35.4116],[43.3225,35.3624],[43.3648,35.3451],[43.3708,35.3323],[43.3568,35.319],[43.3635,35.3078],[43.3505,35.2805],[43.4225,35.2654],[43.4187,35.2464],[43.3889,35.2334],[43.3845,35.2225],[43.3971,35.201],[43.4938,35.1107],[43.54,35.089],[43.5348,35.0682],[43.5771,35.0416],[43.5839,35.0306],[43.5728,34.9969],[43.5426,34.9703],[43.5221,34.9327],[43.5253,34.9242],[43.5393,34.9174],[43.5395,34.8818],[43.5457,34.8658],[43.5617,34.8568],[43.5645,34.8357],[43.5764,34.815],[43.5774,34.7895],[43.6357,34.7674],[43.6402,34.7437],[43.6589,34.7398],[43.6759,34.7128],[43.6768,34.6998],[43.6651,34.6915],[43.6938,34.6635],[43.6938,34.6263],[43.7104,34.5968],[43.7162,34.5537],[43.7392,34.5383],[43.7698,34.5297],[43.7818,34.3727],[43.8022,34.3451],[43.8277,34.2864],[43.8228,34.2355],[43.8293,34.223],[43.8706,34.1843],[43.8948,34.1328],[43.9286,34.1058],[43.9714,34.0854],[44.1949,34.056],[44.2336,34.0323],[44.2705,34.0467],[44.2914,34.0417],[44.3779,34.0013],[44.428,33.9636],[44.4477,33.9355],[44.4501,33.8977],[44.444,33.8801],[44.4099,33.8355],[44.3894,33.7836],[44.3916,33.7654],[44.4258,33.7247],[44.4078,33.6987],[44.3854,33.6299],[44.3429,33.6248],[44.3227,33.6135],[44.3262,33.5742],[44.3086,33.5501],[44.3049,33.5088],[44.3111,33.4811],[44.3484,33.4453],[44.3446,33.3988],[44.3699,33.3729],[44.3904,33.3255],[44.3756,33.3104],[44.3796,33.2947],[44.4023,33.2843],[44.4479,33.2891],[44.4583,33.2607],[44.4838,33.2438],[44.4894,33.233],[44.4868,33.1731],[44.5271,33.1577],[44.5505,33.1362],[44.5764,33.0729],[44.5869,33.0701],[44.6045,33.082],[44.6122,33.0772],[44.6321,33.0391],[44.6657,33.0162],[44.6886,33.0127],[44.7149,33.0257],[44.7385,33.0233],[44.7411,33.0137],[44.7242,32.9834],[44.7279,32.9742],[44.7444,32.9717],[44.7668,32.9881],[44.7763,32.9865],[44.8144,32.9573],[44.8394,32.9721],[44.8658,32.9371],[44.917,32.9233],[44.9691,32.876],[44.9921,32.8777],[45.0415,32.9003],[45.0601,32.8948],[45.0644,32.878],[45.0337,32.8641],[45.0264,32.8568],[45.027,32.8467],[45.1035,32.7863],[45.137,32.7945],[45.1786,32.7771],[45.2673,32.7743],[45.2788,32.7662],[45.2792,32.752],[45.2575,32.7091],[45.2558,32.6934],[45.3061,32.6892],[45.3347,32.648],[45.3647,32.6528],[45.3789,32.6482],[45.4263,32.5736],[45.4447,32.5703],[45.4622,32.5846],[45.5117,32.5952],[45.5293,32.5767],[45.5201,32.5502],[45.5263,32.5344],[45.544,32.533],[45.5844,32.5555],[45.6055,32.5379],[45.6277,32.5383],[45.6605,32.564],[45.6982,32.556],[45.7173,32.5288],[45.7357,32.5175],[45.7911,32.5314],[45.8091,32.5022]]]}},{"type":"Feature","properties":{"name":"Al Furat","scalerank":3},"geometry":{"type":"MultiLineString","coordinates":[[[38.1838,36.3425],[38.2031,36.4388],[38.2561,36.4628],[38.2671,36.5123],[38.2931,36.528],[38.2334,36.617],[38.2173,36.6305],[38.2104,36.6481],[38.142,36.6726],[38.0976,36.6789],[38.0836,36.702],[38.0667,36.7096],[38.062,36.7181],[38.0665,36.7404],[38.046,36.7404],[38.0509,36.755],[38.0325,36.7813],[38.0331,36.8218],[38.0258,36.8356]],[[40.9926,34.4285],[40.9306,34.4683],[40.9384,34.4758],[40.9223,34.5008],[40.9447,34.5276],[40.918,34.5782],[40.9271,34.6185],[40.8917,34.6273],[40.8832,34.6635],[40.8696,34.6704],[40.8389,34.6498],[40.8079,34.6704],[40.8007,34.6772],[40.8286,34.6915],[40.8286,34.6983],[40.8042,34.7288],[40.79,34.714],[40.7665,34.7181],[40.7527,34.7384],[40.6982,34.7808],[40.6819,34.7784],[40.6383,34.7968],[40.6183,34.8336],[40.6226,34.8832],[40.5976,34.8707],[40.581,34.8832],[40.5657,34.9586],[40.5564,34.9581],[40.5283,34.9893],[40.4922,34.9863],[40.465,35.0307],[40.4556,35.0378],[40.4512,35.0306],[40.4444,35.0349],[40.4711,35.0667],[40.458,35.075],[40.4386,35.0668],[40.4307,35.0825],[40.4287,35.1353],[40.3972,35.1849],[40.4204,35.1987],[40.4177,35.2116],[40.3385,35.2364],[40.3276,35.2669],[40.2936,35.2805],[40.2778,35.2679],[40.2532,35.2669],[40.2717,35.2989],[40.2668,35.3078],[40.232,35.2879],[40.2267,35.309],[40.1702,35.3266],[40.1433,35.3562],[40.1018,35.3699],[40.1093,35.3953],[40.0772,35.4181],[40.0593,35.4611],[40.0266,35.4866],[40.0079,35.4892],[40.0002,35.5024],[39.9612,35.5207],[39.9485,35.5348],[39.9168,35.5275],[39.8994,35.5616],[39.8775,35.5694],[39.878,35.578],[39.8894,35.5889],[39.8754,35.5955],[39.856,35.5889],[39.8511,35.605],[39.8323,35.6256],[39.8281,35.6579],[39.8355,35.6818],[39.8053,35.7352],[39.766,35.7534],[39.7426,35.7318],[39.7203,35.7416],[39.6962,35.7625],[39.6223,35.7946],[39.6096,35.769],[39.5947,35.7603],[39.5821,35.7658],[39.5911,35.7929],[39.5681,35.7923],[39.5537,35.7808],[39.4923,35.8087],[39.4165,35.8012],[39.3998,35.8115],[39.3961,35.8497],[39.3671,35.836],[39.3508,35.8416],[39.3243,35.8292],[39.2834,35.8292],[39.2442,35.8597],[39.1974,35.8633],[39.1412,35.8863],[39.1223,35.8776],[39.1083,35.8887],[39.0881,35.8838],[39.0761,35.9066],[39.0575,35.9214],[39.0343,35.9293],[38.906,35.9248],[38.8132,35.9316],[38.7996,35.9117],[38.7722,35.9185],[38.7429,35.9103],[38.7348,35.9022],[38.7388,35.89],[38.7466,35.8943],[38.7592,35.8838],[38.7409,35.8532],[38.7214,35.8497],[38.6596,35.8497],[38.6078,35.8701],[38.5715,35.8569],[38.56,35.8633]]]}},{"type":"Feature","properties":{"name":"Ismailiya Canal","scalerank":6},"geometry":{"type":"LineString","coordinates":[[32.3035,30.593],[32.2546,30.5789],[31.7187,30.5367],[31.5146,30.3821],[31.4514,30.3569],[31.4048,30.3262],[31.297,30.1314],[31.2375,30.1207]]}},{"type":"Feature","properties":{"name":"Suez Canal","scalerank":6},"geometry":{"type":"MultiLineString","coordinates":[[[32.3599,30.4236],[32.3228,30.5406],[32.2966,30.5664],[32.3035,30.593],[32.3341,30.645],[32.3443,30.7206],[32.3416,30.7447],[32.3178,30.8128],[32.3026,31.2565],[32.3139,31.2727]],[[32.5777,30.0114],[32.5608,30.1815]]]}},{"type":"Feature","properties":{"name":"Rosetta Branch","scalerank":1},"geometry":{"type":"LineString","coordinates":[[31.2369,30.1238],[31.2284,30.1411],[31.1663,30.1559],[31.1453,30.1753],[31.0676,30.2215],[31.0508,30.2217],[31.0292,30.2094],[30.991,30.2152],[30.9786,30.2257],[30.9697,30.2733],[30.9268,30.2917],[30.9167,30.3361],[30.8824,30.3457],[30.8511,30.3261],[30.8329,30.3337],[30.8264,30.3478],[30.833,30.3616],[30.8793,30.3727],[30.8728,30.3839],[30.8442,30.4012],[30.8414,30.4155],[30.8511,30.4531],[30.8305,30.4974],[30.8452,30.5183],[30.8511,30.5458],[30.8237,30.5521],[30.821,30.5685],[30.8374,30.5794],[30.8374,30.5869],[30.8169,30.5955],[30.8044,30.6133],[30.7935,30.6945],[30.7741,30.7163],[30.7964,30.7473],[30.7922,30.7635],[30.7683,30.76],[30.7549,30.7643],[30.753,30.7754],[30.7701,30.8005],[30.8148,30.8176],[30.8162,30.827],[30.8066,30.8333],[30.7617,30.827],[30.7896,30.8469],[30.7936,30.8682],[30.7898,30.8777],[30.7568,30.8858],[30.7821,30.9226],[30.7515,30.9766],[30.7634,30.9835],[30.7275,31.0188],[30.7275,31.0523],[30.6991,31.092],[30.6519,31.1144],[30.6059,31.1728],[30.5811,31.1862],[30.5699,31.1995],[30.5547,31.2027],[30.5424,31.1959],[30.5251,31.1964],[30.5146,31.2379],[30.5078,31.2379],[30.5078,31.2305],[30.4941,31.2379],[30.52,31.2893],[30.5181,31.328],[30.4832,31.3544],[30.4736,31.3397],[30.458,31.3479],[30.4483,31.3749],[30.4259,31.3847],[30.4246,31.429],[30.415,31.4409],[30.3985,31.4434]]}},{"type":"Feature","properties":{"name":"Damietta Branch","scalerank":1},"geometry":{"type":"LineString","coordinates":[[31.8447,31.5253],[31.8248,31.4841],[31.8274,31.4775],[31.8046,31.4581],[31.8015,31.442],[31.8105,31.4222],[31.7686,31.4038],[31.7554,31.4086],[31.7478,31.3916],[31.7349,31.3813],[31.7169,31.3818],[31.7169,31.3463],[31.6865,31.3062],[31.6929,31.291],[31.6812,31.2865],[31.666,31.2925],[31.6592,31.2783],[31.6777,31.2703],[31.676,31.2589],[31.6617,31.2486],[31.6254,31.243],[31.6318,31.2168],[31.6134,31.1954],[31.5815,31.1865],[31.5457,31.1876],[31.5151,31.1964],[31.5083,31.1895],[31.5146,31.1739],[31.5049,31.1727],[31.4749,31.1833],[31.4504,31.1566],[31.4537,31.1417],[31.437,31.1289],[31.3991,31.0734],[31.3945,31.0548],[31.3582,31.0523],[31.3373,31.0412],[31.3233,31.025],[31.3056,31.0169],[31.2968,30.9841],[31.2633,30.9737],[31.2551,30.9636],[31.2528,30.951],[31.2618,30.9226],[31.2416,30.8991],[31.2551,30.8885],[31.2346,30.8817],[31.2528,30.8682],[31.2545,30.8536],[31.2136,30.8369],[31.2307,30.8139],[31.2346,30.7718],[31.2415,30.7473],[31.2529,30.7414],[31.2703,30.6609],[31.251,30.565],[31.2618,30.5521],[31.2489,30.5478],[31.2278,30.5595],[31.2201,30.5419],[31.2278,30.5179],[31.179,30.4881],[31.1794,30.4695],[31.1453,30.4565],[31.1357,30.4462],[31.125,30.4027],[31.119,30.411],[31.1011,30.4162],[31.1065,30.3824],[31.0869,30.3701],[31.0558,30.3746],[31.1036,30.3323],[31.1006,30.2777],[31.1079,30.2708],[31.1111,30.2268],[31.1453,30.1753]]}},{"type":"Feature","properties":{"name":null,"scalerank":7},"geometry":{"type":"LineString","coordinates":[[29.9583,31.2494],[30.0457,31.1876],[30.1684,31.1378],[30.3175,31.1224],[30.4094,31.0995],[30.685,30.8736],[30.7549,30.7643]]}},{"type":"Feature","properties":{"name":"Jordan","scalerank":6},"geometry":{"type":"MultiLineString","coordinates":[[[35.8639,33.5964],[35.8373,33.5777],[35.8163,33.5529],[35.8034,33.5115],[35.7793,33.5001],[35.7612,33.477],[35.7307,33.4666],[35.7164,33.4543],[35.6767,33.4112],[35.6649,33.389],[35.6387,33.3118],[35.6282,33.2545],[35.5934,33.1813],[35.584,32.9959],[35.5989,32.8997]],[[35.5769,32.7203],[35.5647,32.7054],[35.572,32.6972],[35.5604,32.6925],[35.5581,32.6813],[35.5657,32.6524],[35.5596,32.6329],[35.572,32.6215],[35.5652,32.6078],[35.5795,32.5606],[35.5738,32.5546],[35.572,32.5606],[35.5652,32.5463],[35.559,32.5532],[35.5652,32.5259],[35.5514,32.5259],[35.5514,32.5191],[35.5608,32.5194],[35.5795,32.4918],[35.5608,32.4774],[35.559,32.4706],[35.572,32.4644],[35.572,32.457],[35.559,32.4508],[35.5652,32.4439],[35.5514,32.4365],[35.559,32.4296],[35.5514,32.4296],[35.5587,32.4142],[35.5447,32.4098],[35.5652,32.3682],[35.5514,32.375],[35.5562,32.3284],[35.5652,32.3136],[35.5603,32.2829],[35.572,32.2521],[35.559,32.2379],[35.572,32.2379],[35.5547,32.1746],[35.559,32.1553],[35.5461,32.1472],[35.5514,32.1354],[35.5347,32.111],[35.5341,32.0994],[35.5447,32.087],[35.5278,32.0753],[35.5224,32.0581],[35.5241,32.0119],[35.5454,31.9448],[35.5447,31.9368],[35.527,31.9276],[35.5241,31.9195],[35.5486,31.8394],[35.5378,31.8195],[35.559,31.7655]],[[35.4006,31.2305],[35.3953,31.2579],[35.4218,31.3032],[35.4234,31.3248]]]}},{"type":"Feature","properties":{"name":"K\u0131z\u0131l\u0131rmak","scalerank":7},"geometry":{"type":"LineString","coordinates":[[37.6608,39.8798],[37.4788,39.869],[37.1396,39.7938],[37.0023,39.7526],[36.9091,39.7088],[36.8906,39.7133],[36.8806,39.7327],[36.8607,39.7377],[36.7915,39.7225],[36.7351,39.7195],[36.6946,39.7055],[36.6139,39.6914],[36.5355,39.6368],[36.464,39.6095],[36.4086,39.557],[36.3953,39.5233],[36.3715,39.4947],[36.253,39.4098],[36.1119,39.3253],[36.0657,39.2762],[35.9617,39.2311],[35.9512,39.2177],[35.9556,39.1886],[35.9474,39.1746],[35.8461,39.1262],[35.7986,39.0758],[35.761,39.0659],[35.7329,39.0431],[35.6903,39.0344],[35.5606,39.0413],[35.5494,39.012],[35.5263,38.987],[35.4958,38.9715],[35.3901,38.9764],[35.3181,38.958],[35.2913,38.9354],[35.2922,38.9022],[35.2415,38.8869],[35.2056,38.8538],[35.0916,38.7995],[35.0243,38.7586],[34.9698,38.756],[34.9054,38.739],[34.8708,38.7396],[34.8074,38.7521],[34.7507,38.778],[34.657,38.7731],[34.6133,38.7789],[34.5292,38.8281],[34.3555,38.8687],[34.3171,38.9084],[34.2346,38.9555],[34.1942,38.9693],[34.1842,38.9831],[34.1784,39.0091],[34.1563,39.0226],[34.1042,39.0286],[34.0226,39.0638],[33.9915,39.0695],[33.9614,39.0629],[33.9468,39.0699],[33.9177,39.1014],[33.9018,39.1059],[33.8095,39.1099],[33.6734,39.1704],[33.5046,39.3087],[33.4555,39.3268],[33.4532,39.3727],[33.4447,39.3874],[33.4081,39.3995],[33.3985,39.4073],[33.3951,39.4258],[33.4072,39.4952],[33.4031,39.5179],[33.4331,39.6033],[33.4524,39.6318],[33.4888,39.6464],[33.4889,39.6588],[33.4463,39.6812],[33.4636,39.6925],[33.4799,39.7259],[33.4854,39.7796],[33.4617,39.8034],[33.4822,39.8245],[33.429,39.8601],[33.4181,39.8712],[33.4138,39.8928],[33.4252,39.9327],[33.4138,39.9475],[33.4315,39.9608],[33.4457,40.0]]}},{"type":"Feature","properties":{"name":"Atrek","scalerank":7},"geometry":{"type":"LineString","coordinates":[[58.9093,37.124],[58.8925,37.1298],[58.8503,37.1724],[58.7655,37.1928],[58.7209,37.1885],[58.6933,37.1649],[58.6228,37.1272],[58.5385,37.1237],[58.4526,37.1408],[58.3615,37.1727],[58.2415,37.2617],[58.182,37.2784],[58.1648,37.3062],[58.146,37.3222],[58.0461,37.3797],[57.5439,37.4899],[57.5157,37.5183],[57.4888,37.5284],[57.4326,37.5696],[57.3863,37.6233],[57.3672,37.631],[57.3293,37.6347],[57.307,37.6478],[57.2744,37.6446],[57.254,37.6671],[57.2373,37.6757],[57.2129,37.6785],[57.032,37.6652],[57.005,37.6697],[56.946,37.7067],[56.9044,37.7167],[56.6892,37.7201],[56.6515,37.7398],[56.5897,37.7545],[56.5229,37.817],[56.3774,37.8542],[56.3678,37.8693],[56.3257,37.8801],[56.2964,37.9202],[56.2512,37.9332],[56.2007,37.9348],[56.1646,37.9252],[56.1459,37.9339],[55.9474,37.9158],[55.9032,37.9017],[55.8115,37.8925],[55.7878,37.8842],[55.7466,37.894],[55.7325,37.9122],[55.6799,37.923],[55.6438,37.9423],[55.6074,37.952],[55.4868,37.96],[55.4487,37.99],[55.3663,38.0153],[55.2955,38.0078],[55.2284,37.986],[55.2192,37.9702],[55.1299,37.9525],[55.1033,37.919],[55.0662,37.9086],[55.0531,37.8846],[55.0063,37.8433],[54.8561,37.7613],[54.8132,37.7189],[54.7869,37.6521],[54.7878,37.631],[54.809,37.6036],[54.8047,37.5653],[54.7878,37.5249],[54.6979,37.4666],[54.6733,37.4771],[54.6461,37.4789],[54.5619,37.4674],[54.4015,37.4225],[54.2603,37.4182],[54.2209,37.4045],[54.1988,37.4064],[54.1529,37.4249],[54.1226,37.4666],[54.0746,37.4718],[54.0074,37.4576],[53.9438,37.4327],[53.905,37.4063]]}},{"type":"Feature","properties":{"name":"Dicle","scalerank":4},"geometry":{"type":"LineString","coordinates":[[39.1731,38.4244],[39.2126,38.4244],[39.2656,38.4481],[39.2882,38.4671],[39.3525,38.4808],[39.4026,38.5034],[39.4635,38.5189],[39.509,38.5169],[39.5388,38.4863],[39.5786,38.4842],[39.6003,38.478],[39.6208,38.463],[39.6467,38.4318],[39.6455,38.4071],[39.6719,38.394],[39.6894,38.377],[39.7297,38.3698],[39.8148,38.387],[39.8564,38.3787],[39.9564,38.3849],[39.9845,38.3768],[40.0304,38.3333],[40.0206,38.2995],[40.0264,38.2916],[40.0771,38.2659],[40.1178,38.2566],[40.1565,38.221],[40.1912,38.2002],[40.1809,38.1903],[40.1821,38.17],[40.1707,38.166],[40.1686,38.1489],[40.141,38.1227],[40.1396,38.114],[40.1583,38.1076],[40.2053,38.1098],[40.2668,38.0835],[40.2566,38.0708],[40.2532,38.0214],[40.2389,37.991],[40.2532,37.9669],[40.2457,37.929],[40.2594,37.8986],[40.2357,37.8869],[40.232,37.8743],[40.2393,37.8601],[40.2532,37.8508],[40.247,37.8425],[40.2568,37.8389],[40.3419,37.8297],[40.415,37.8084],[40.4369,37.8091],[40.5185,37.8355],[40.6771,37.8438],[40.7592,37.8067],[40.8433,37.8308],[40.9687,37.8005],[41.0348,37.7717],[41.0885,37.7814],[41.1172,37.7661],[41.1754,37.7672],[41.2175,37.7429],[41.2432,37.751],[41.297,37.7388],[41.3155,37.7457],[41.3738,37.7366],[41.5034,37.7438],[41.5473,37.7407],[41.6123,37.7632],[41.6622,37.7708],[41.7126,37.7495],[41.7643,37.7553],[41.7861,37.7405],[41.816,37.6862],[41.8261,37.6387],[41.8573,37.6063],[41.8604,37.5928],[41.8599,37.559],[41.8328,37.497],[41.8275,37.4698],[41.8339,37.4439],[41.8496,37.4266],[41.8696,37.4195],[42.0277,37.4318],[42.0893,37.3983],[42.1232,37.3846],[42.1438,37.3846],[42.1581,37.3635],[42.1923,37.3499],[42.2221,37.3142],[42.2227,37.2884],[42.2667,37.2747],[42.2916,37.2853],[42.3052,37.2648],[42.3462,37.24],[42.3526,37.2273],[42.3349,37.1715],[42.354,37.1526],[42.3566,37.1103],[42.3762,37.077],[42.3766,37.0625]]}},{"type":"Feature","properties":{"name":"Firat","scalerank":3},"geometry":{"type":"MultiLineString","coordinates":[[[41.3138,40.0],[41.293,39.9851],[41.277,39.9816],[41.0266,39.9611],[40.9106,39.9251],[40.8702,39.9195],[40.8027,39.9266],[40.7686,39.9406],[40.7119,39.9195],[40.689,39.9207],[40.6528,39.9361],[40.4685,39.9536],[40.4276,39.94],[40.3918,39.9421],[40.3829,39.94],[40.3829,39.9338],[40.3513,39.9444],[40.303,39.9404],[40.1791,39.908],[40.1464,39.8891],[40.1368,39.8702],[40.1401,39.8557],[40.1638,39.8308],[40.2231,39.7905],[40.2511,39.7636],[40.2594,39.7283],[40.2273,39.6869],[40.199,39.6738],[40.1837,39.5925],[40.172,39.5812],[40.1018,39.5601],[40.0813,39.557],[39.9944,39.565],[39.9099,39.5843],[39.7493,39.645],[39.6693,39.6555],[39.5751,39.694],[39.5356,39.7005],[39.4507,39.701],[39.4089,39.694],[39.3277,39.639],[39.3064,39.6307],[39.2421,39.6253],[39.2012,39.6116],[39.1565,39.6179],[39.0479,39.6161],[38.976,39.5919],[38.9067,39.5859],[38.8752,39.5768],[38.8658,39.5822],[38.8269,39.557],[38.7556,39.5453],[38.7115,39.5003],[38.6399,39.5128],[38.5708,39.4949],[38.5225,39.4574],[38.5102,39.4527],[38.4581,39.454],[38.3614,39.3994],[38.3682,39.3715],[38.425,39.3185],[38.462,39.3065],[38.5029,39.267],[38.5808,39.2249],[38.5997,39.2061],[38.6078,39.1834],[38.6199,39.1717],[38.7114,39.166],[38.7146,39.1213],[38.7356,39.1052],[38.7395,39.0785]],[[38.0258,36.8356],[38.0211,36.8711],[38.0405,36.8805],[38.0187,36.9042],[38.0079,36.9571],[37.9812,36.9768],[37.9639,36.9988],[37.9641,37.0141],[37.9788,37.0501],[37.9675,37.055],[37.9226,37.042],[37.8938,37.0602],[37.8816,37.055],[37.8694,37.0652],[37.8762,37.1309],[37.8435,37.1866],[37.8406,37.2031],[37.8442,37.2193],[37.8525,37.2265],[37.8748,37.2133],[37.8668,37.2494],[37.8406,37.2679],[37.8521,37.3038],[37.8789,37.3251],[37.8855,37.3507],[37.8964,37.3638],[37.9896,37.4448],[38.0399,37.4461],[38.0541,37.4365],[38.0655,37.4369],[38.0945,37.4536],[38.1255,37.4338],[38.1702,37.4256],[38.1802,37.4119],[38.1972,37.4237],[38.198,37.448],[38.2067,37.4536],[38.2499,37.4486],[38.2657,37.4545],[38.272,37.4764],[38.3269,37.4903]],[[38.9827,37.8994],[38.9783,37.906],[39.0404,37.9252],[39.0504,37.9398],[39.0603,37.9879],[39.0723,37.9996],[39.1499,38.0208],[39.2249,38.0638],[39.2346,38.0761],[39.2247,38.0904],[39.2563,38.1531],[39.2525,38.1797],[39.2219,38.2051],[39.1414,38.1787],[39.1148,38.1927],[39.1485,38.2842],[39.145,38.3079],[39.1324,38.3297],[39.1148,38.3436],[39.0733,38.348]],[[38.4713,38.7408],[38.4835,38.7531],[38.5089,38.7569],[38.6187,38.7483],[38.6317,38.7523],[38.6357,38.7818],[38.6423,38.7817],[38.6542,38.7665],[38.677,38.7646],[38.7164,38.7805],[38.7433,38.803],[38.7678,38.8128]]]}},{"type":"Feature","properties":{"name":"Amu Darya","scalerank":5},"geometry":{"type":"LineString","coordinates":[[64.0,38.7292],[63.9778,38.7471],[63.9697,38.7653],[63.9629,38.8445],[63.9114,38.9025],[63.8975,38.9434],[63.8599,38.9674],[63.812,38.9742],[63.7549,39.0037],[63.7164,39.0629],[63.6861,39.091],[63.6477,39.1105],[63.5582,39.1387],[63.5222,39.1597],[63.4688,39.22],[63.4284,39.2417],[63.38,39.2486],[63.3543,39.2714],[63.3201,39.2818],[63.2571,39.3237],[63.1753,39.3162],[63.1202,39.3317],[63.0896,39.3237],[63.0498,39.331],[63.0225,39.3502],[62.9829,39.4062],[62.9937,39.4338],[62.9973,39.4802],[62.9902,39.5502],[62.9249,39.5843],[62.9099,39.6223],[62.8799,39.6528],[62.8594,39.6588],[62.7739,39.6588],[62.7537,39.6669],[62.7024,39.7436],[62.6168,39.7809],[62.6094,39.8123],[62.5523,39.8558],[62.5447,39.8686],[62.5419,39.9073],[62.5241,39.94],[62.4622,40.0]]}}]}